internalName,title,metacriticLink,dealID,storeID,gameID,salePrice,normalPrice,isOnSale,savings,metacriticScore,steamRatingText,steamRatingPercent,steamRatingCount,steamAppID,releaseDate,lastChange,dealRating,thumb,release_date,release_year,date
GRAVNEWTON,GravNewton,/game/gravnewton/,S%2BYmz0CXz%2F0%2BzQexUe3m3RCEyTlqLkWVm8rSZ9RmJUo%3D,1,171344,0.49,9.99,1,95.095095,0,Mostly Positive,78,380,549100,1501027200,1790874979,5.4,https://shared.fastly.steamstatic.com/store_item_assets/steam/apps/549100/capsule_231x87.jpg?t=1722340192,2017-07-26 00:00:00+00:00,2017,07/26/17
EVOLUSHIP,EvoluShip,/game/evoluship/,tPSU54Xtk5qDpV%2FiBH%2FqbSLCpeB5Unmln7mkOpUqT%2BQ%3D,1,253747,0.49,9.99,1,95.095095,0,Mixed,69,42,1937180,1669075200,1790875833,1.4,https://shared.fastly.steamstatic.com/store_item_assets/steam/apps/1937180/capsule_231x87.jpg?t=1724420751,2022-11-22 00:00:00+00:00,2022,11/22/22
ASTEROIDCORE,Asteroid Core,,qujpOGdMsg0topytx6Kn2HyLiMgVEfvliWy8%2F0MEf0s%3D,1,288906,0.49,9.99,1,95.095095,0,Mixed,66,30,2608120,0,1790875740,1.4,https://shared.fastly.steamstatic.com/store_item_assets/steam/apps/2608120/capsule_231x87.jpg?t=1724420710,1970-01-01 00:00:00+00:00,1970,01/01/70
WRC7FIAWORLDRALLYCHAMPIONSHIP,WRC 7 FIA World Rally Championship,,Pd%2FS7Bw5RTR9qiiyOw%2BkQtnnhSRxAFJRgR7iylba9PE%3D,1,172618,0.99,19.99,1,95.047524,0,Mostly Positive,75,1505,621830,0,1790881975,8.0,https://shared.fastly.steamstatic.com/store_item_assets/steam/apps/621830/capsule_231x87.jpg?t=1725354050,1970-01-01 00:00:00+00:00,1970,01/01/70
MIRRORSEDGECATALYST,Mirror's Edge Catalyst,/game/mirrors-edge-catalyst/,JCiMdI4Li1YHrmY7%2Fc0m7W4iOBCnBb7GTqSaTEoymeI%3D,1,144428,0.99,19.99,1,95.047524,74,Mostly Positive,77,6463,1233570,1465257600,1790881579,9.6,https://shared.fastly.steamstatic.com/store_item_assets/steam/apps/1233570/capsule_231x87.jpg?t=1777486496,2016-06-07 00:00:00+00:00,2016,06/07/16
HEAVYRAIN,Heavy Rain,/game/heavy-rain/,tSRiHWS8RCjNcPWXkRlUZahSBRt3Nmwhmyek9MRPV7M%3D,1,202696,0.99,19.99,1,95.047524,75,Very Positive,81,6904,960910,1561334400,1790881649,9.7,https://shared.fastly.steamstatic.com/store_item_assets/steam/apps/960910/capsule_231x87.jpg?t=1675271942,2019-06-24 00:00:00+00:00,2019,06/24/19
BEYONDTWOSOULS,Beyond: Two Souls,/game/beyond-two-souls/,C75l48M%2FPQAXVl21%2FXFDKYJrhNi4uRyhwWKmdHbTHlw%3D,1,203387,0.99,19.99,1,95.047524,76,Very Positive,84,8893,960990,1563753600,1790881649,9.7,https://shared.fastly.steamstatic.com/store_item_assets/steam/apps/960990/capsule_231x87.jpg?t=1667468566,2019-07-22 00:00:00+00:00,2019,07/22/19
LYSFANGATHETIMESHIFTWARRIOR,Lysfanga: The Time Shift Warrior,/game/lysfanga-the-time-shift-warrior/,ugD%2F%2BL7MnFUhZWGVO%2Br5UPnFeCPDGLlQrQDkY4gfN7U%3D,1,282327,0.99,19.99,1,95.047524,74,Mostly Positive,73,155,2161620,1707782400,1790886914,9.6,https://shared.fastly.steamstatic.com/store_item_assets/steam/apps/2161620/capsule_231x87.jpg?t=1710436253,2024-02-13 00:00:00+00:00,2024,02/13/24
DESERTSPECIALFORCES,Desert Special Forces,/game/desert-special-forces/,EKD%2BYfjZeF87rOcsvwCroEg6g%2FXd3jDFlbq7uIWBslo%3D,1,305062,0.99,19.99,1,95.047524,0,Mixed,65,20,2805640,1709856000,1790876011,4.0,https://shared.fastly.steamstatic.com/store_item_assets/steam/apps/2805640/capsule_231x87.jpg?t=1742839882,2024-03-08 00:00:00+00:00,2024,03/08/24
FIGHTTILLTHEEND,Fight till the End!,/game/fight-till-the-end/,5B3GI6GNs3C3qYu7X2UY9MSBs5Mz2rppponiEF2%2FE%2BU%3D,1,305063,0.99,19.99,1,95.047524,0,Mixed,66,15,2805660,1709769600,1790876003,4.0,https://shared.fastly.steamstatic.com/store_item_assets/steam/apps/2805660/capsule_231x87.jpg?t=1742839711,2024-03-07 00:00:00+00:00,2024,03/07/24
ANIMALSVSANIMALS,Animals vs Animals,/game/animals-vs-animals/,OoiT8set11PqRe90hjADQLlM9UH3nM4FEjDuXTy9SMs%3D,1,305076,0.99,19.99,1,95.047524,0,Mostly Positive,78,14,2805620,1709510400,1790875344,4.0,https://shared.fastly.steamstatic.com/store_item_assets/steam/apps/2805620/capsule_231x87.jpg?t=1744483461,2024-03-04 00:00:00+00:00,2024,03/04/24
FALCOTUNES,Falco Tunes,/game/falco-tunes/,B4KDT84Qk4tTkfE3z0CzLBSaXwPbPJ1LEWyfxoinUyE%3D,1,305077,0.99,19.99,1,95.047524,0,Positive,100,12,2930390,1716249600,1790874447,4.0,https://shared.fastly.steamstatic.com/store_item_assets/steam/apps/2930390/capsule_231x87.jpg?t=1744519996,2024-05-21 00:00:00+00:00,2024,05/21/24
MARSROVERSIMULATOR,Mars Rover Simulator,/game/mars-rover-simulator/,res5%2FKNFIg1bqo%2BcoS8e62lqdaT%2F1g9vg25drrQMt0Y%3D,1,310163,0.99,19.99,1,95.047524,0,Mostly Negative,25,24,1877360,1645488000,1790878278,4.0,https://shared.fastly.steamstatic.com/store_item_assets/steam/apps/1877360/capsule_231x87.jpg?t=1697152185,2022-02-22 00:00:00+00:00,2022,02/22/22
THEPRESIDENT,The President,/game/the-president/,Q3uYi7J7iH28jbmxomRIxskAnnouan9T1nR4fgcB86k%3D,1,293059,0.99,19.99,1,95.047524,0,Mostly Positive,70,10,1930040,1653609600,1790875006,4.0,https://shared.fastly.steamstatic.com/store_item_assets/steam/apps/1930040/capsule_231x87.jpg?t=1747508851,2022-05-27 00:00:00+00:00,2022,05/27/22
LASTGENERATIONSURVIVAL,Last Generation: Survival,/game/last-generation-survival/,Hdbkcyo3dk54SaFKbUcssk1SPS8P2yhpD4gWiQ1U%2FWE%3D,1,322734,0.99,19.99,1,95.047524,0,Mixed,50,20,1595600,1623888000,1790875705,4.0,https://shared.fastly.steamstatic.com/store_item_assets/steam/apps/1595600/capsule_231x87.jpg?t=1697152190,2021-06-17 00:00:00+00:00,2021,06/17/21
THEFACTION,The Faction,/game/the-faction/,wU8SRoTTLain5f8fHZ4dn%2B5z7FUt06iJ3gO4cRTaNMY%3D,1,322735,0.99,19.99,1,95.047524,0,Mixed,63,11,2026280,1662076800,1790875792,4.0,https://shared.fastly.steamstatic.com/store_item_assets/steam/apps/2026280/capsule_231x87.jpg?t=1747508801,2022-09-02 00:00:00+00:00,2022,09/02/22
OBSESSIVEREVENGE,Obsessive Revenge,/game/obsessive-revenge/,Q9P4ypOLQWD7Dys6RPSen1CxrUA9ubsjjb0YEEk8wpU%3D,1,331197,0.99,19.99,1,95.047524,0,,0,0,1897430,1649462400,1789325076,1.4,https://shared.fastly.steamstatic.com/store_item_assets/steam/apps/1897430/capsule_231x87.jpg?t=1747508853,2022-04-09 00:00:00+00:00,2022,04/09/22
EXPLOSIVER,Explosiver,/game/explosiver/,tbI5HMWe1V9wIS87zNa9wtT%2F4STcBdKIVQ2W4OR7tBc%3D,1,331396,0.99,19.99,1,95.047524,0,,0,0,1662990,1646352000,1790878568,4.0,https://shared.fastly.steamstatic.com/store_item_assets/steam/apps/1662990/capsule_231x87.jpg?t=1747508871,2022-03-04 00:00:00+00:00,2022,03/04/22
COMBATANT,Combatant,/game/combatant/,yl8clzt13BfFGycoHu9blMMbpovLakHr7DQE36FuWpM%3D,1,331401,0.99,19.99,1,95.047524,0,,0,0,1702370,1723766400,1789437953,1.7,https://shared.fastly.steamstatic.com/store_item_assets/steam/apps/1702370/capsule_231x87.jpg?t=1747508869,2024-08-16 00:00:00+00:00,2024,08/16/24
BATTLEGROUNDSWARTANKSANDNUKES,"BattleGrounds : War, Tanks And Nukes",/game/battlegrounds-war-tanks-and-nukes/,kbzNgUPuEMjn7uWJ%2B6Ot3FrpTIF0nPcsKd5guPllKoA%3D,1,332080,0.99,19.99,1,95.047524,0,,0,0,1703640,1629936000,1790080682,2.7,https://shared.fastly.steamstatic.com/store_item_assets/steam/apps/1703640/capsule_231x87.jpg?t=1750114976,2021-08-26 00:00:00+00:00,2021,08/26/21
DECKSOFPOWER,Decks Of Power,/game/decks-of-power/,JdEMm61ZGc3mUf%2Fz5Qo15qQakj0ba6eHsaRJt9tafSM%3D,1,332100,0.99,19.99,1,95.047524,0,,0,0,2216700,1681171200,1790095136,2.7,https://shared.fastly.steamstatic.com/store_item_assets/steam/apps/2216700/capsule_231x87.jpg?t=1750114992,2023-04-11 00:00:00+00:00,2023,04/11/23
THEMYTHICALCITY2,The Mythical City 2,,u8HTAD7C93L5YXN4Je7c4MOeqhxq6EAdKMA2pqJyzfw%3D,1,332751,0.99,19.99,1,95.047524,0,,0,0,2999800,0,1790875860,4.0,https://shared.fastly.steamstatic.com/store_item_assets/steam/apps/2999800/capsule_231x87.jpg?t=1718806947,1970-01-01 00:00:00+00:00,1970,01/01/70
REX,ReX,/game/rex-1997/,%2Fk8PA8v9cduOBy2%2FwMptxvudUVO1YTNgLYjzRD2jva0%3D,1,187178,1.24,24.99,1,95.038015,0,Mostly Positive,73,30,727540,883526400,1790875075,0.0,https://shared.fastly.steamstatic.com/store_item_assets/steam/apps/727540/capsule_231x87.jpg?t=1630067466,1997-12-31 00:00:00+00:00,1997,12/31/97
INASEARCHOFANEWHOME,In a search of a new home,/game/in-a-search-of-a-new-home/,%2F1vvuAF%2FImWewH5MLbcrmYZPrLBuUxGcI5ihxYU%2FbV4%3D,1,216324,1.24,24.99,1,95.038015,0,Mixed,55,36,1284510,1590451200,1790875998,4.0,https://shared.fastly.steamstatic.com/store_item_assets/steam/apps/1284510/capsule_231x87.jpg?t=1741196708,2020-05-26 00:00:00+00:00,2020,05/26/20
SPACEROUTE,Space Route,/game/space-route/,8tPyUVKI7sdPR3rfn%2FDorkqx%2BoRNfw8HCWw3JvkYpVE%3D,1,250374,1.24,24.99,1,95.038015,0,Positive,90,11,2063560,1661472000,1790874442,4.0,https://shared.fastly.steamstatic.com/store_item_assets/steam/apps/2063560/capsule_231x87.jpg?t=1662315787,2022-08-26 00:00:00+00:00,2022,08/26/22
MEMORIESOFAVAGABOND,Memories of A Vagabond,/game/memories-of-a-vagabond/,vZVii%2BMDLTSKDqPsQ2QzQUCl2zuybHOT79lR3eHYFRA%3D,1,102988,1.49,29.99,1,95.031677,0,Mostly Positive,75,62,307070,1381276800,1790875012,4.0,https://shared.fastly.steamstatic.com/store_item_assets/steam/apps/307070/capsule_231x87.jpg?t=1613074136,2013-10-09 00:00:00+00:00,2013,10/09/13
PARTICULA,Particula,/game/particula-2015/,X8Ry0321yg0TikTIPvrAjjknrXD1IOTjxvcWAh9NTsQ%3D,1,141355,1.49,29.99,1,95.031677,0,Mostly Positive,70,646,343360,1422835200,1790874654,8.0,https://shared.fastly.steamstatic.com/store_item_assets/steam/apps/343360/capsule_231x87.jpg?t=1652177957,2015-02-02 00:00:00+00:00,2015,02/02/15
NEONSPACE,Neon Space,/game/neon-space/,%2BL8OwNPYtK%2FSaaruoGVf5ORfsCe0CQa2520IA9GdgLA%3D,1,152598,1.49,29.99,1,95.031677,0,Mostly Positive,73,338,468490,1463011200,1790875021,8.0,https://shared.fastly.steamstatic.com/store_item_assets/steam/apps/468490/capsule_231x87.jpg?t=1696797376,2016-05-12 00:00:00+00:00,2016,05/12/16
SURVIVEINSPACE,Survive in Space,/game/survive-in-space/,PZ1E8yCF1UFLbSKjCPacyMihGKGQEzjw08sTbMKgcjM%3D,1,152845,1.49,29.99,1,95.031677,0,Mixed,68,223,467950,1463702400,1790875698,8.0,https://shared.fastly.steamstatic.com/store_item_assets/steam/apps/467950/capsule_231x87.jpg?t=1696796899,2016-05-20 00:00:00+00:00,2016,05/20/16
NEONSPACE2,Neon Space 2,/game/neon-space-2/,bb7ihjpuRiffzVzcmjajnygtfPsbg1I7jkMVNmTqwxc%3D,1,155293,1.49,29.99,1,95.031677,0,Mostly Positive,73,269,505210,1469491200,1790875019,8.0,https://shared.fastly.steamstatic.com/store_item_assets/steam/apps/505210/capsule_231x87.jpg?t=1696796913,2016-07-26 00:00:00+00:00,2016,07/26/16
STEEP,Steep,/game/steep/,lFYNlnjTxibcq5rKeaVnbU8ovP6Jj2w9NEiS028K8oc%3D,1,153990,1.49,29.99,1,95.031677,72,Very Positive,84,12767,460920,1480636800,1789673300,7.5,https://shared.fastly.steamstatic.com/store_item_assets/steam/apps/460920/capsule_231x87.jpg?t=1777994343,2016-12-02 00:00:00+00:00,2016,12/02/16
SPINRUSH,Spin Rush,/game/spin-rush/,MWOIDL3tb9WqPEXUjfM4bmOENpwQiJUH119orjRuZSM%3D,1,158638,1.49,29.99,1,95.031677,0,Mostly Positive,75,362,528660,1473984000,1790875302,8.0,https://shared.fastly.steamstatic.com/store_item_assets/steam/apps/528660/capsule_231x87.jpg?t=1696797265,2016-09-16 00:00:00+00:00,2016,09/16/16
NEONPRISM,Neon Prism,/game/neon-prism/,d8F19gGK7NndTDRi6jqBvlSiKO5Zw3%2BxIibOO5HDgZI%3D,1,162727,1.49,29.99,1,95.031677,0,Mostly Positive,73,205,556280,1479427200,1790874961,8.0,https://shared.fastly.steamstatic.com/store_item_assets/steam/apps/556280/capsule_231x87.jpg?t=1696797065,2016-11-18 00:00:00+00:00,2016,11/18/16
DUKEOFALPHACENTAURI,Duke of Alpha Centauri,/game/duke-of-alpha-centauri/,jRm1Y0%2FJPim7aZCHrgB3FIERwXmxBvv2iX0bp7c0vbs%3D,1,164598,1.49,29.99,1,95.031677,0,Mostly Positive,76,325,567580,1482883200,1790874988,8.0,https://shared.fastly.steamstatic.com/store_item_assets/steam/apps/567580/capsule_231x87.jpg?t=1696796788,2016-12-28 00:00:00+00:00,2016,12/28/16
HUNGRYFLAME,Hungry Flame,/game/hungry-flame/,VqaYIfEwOv42UJ5%2FZ8HG%2Fsrh6084HJBV2LeuTDZRXaM%3D,1,166942,1.49,29.99,1,95.031677,0,Mixed,68,180,586970,1488931200,1790875980,8.0,https://shared.fastly.steamstatic.com/store_item_assets/steam/apps/586970/capsule_231x87.jpg?t=1696797270,2017-03-08 00:00:00+00:00,2017,03/08/17
AGENTSOFMAYHEM,Agents of Mayhem,/game/agents-of-mayhem/,9QB5AJK%2FikPz4Z2nW2z0Dnes%2Bz7cHMeaSXLH%2FCd4TWs%3D,1,168736,1.49,29.99,1,95.031677,68,Mixed,60,1822,304530,1502755200,1789677340,7.4,https://shared.fastly.steamstatic.com/store_item_assets/steam/apps/304530/capsule_231x87.jpg?t=1620292667,2017-08-15 00:00:00+00:00,2017,08/15/17
SLASHITULTIMATE,Slash It Ultimate,/game/slash-it-ultimate/,Yd1zCCILo2XAA9OcMJKS8iHW%2F8bTo3jiIrk0zT4Ak8M%3D,1,170934,1.49,29.99,1,95.031677,0,Mostly Positive,71,459,656600,1499990400,1790874621,8.0,https://shared.fastly.steamstatic.com/store_item_assets/steam/apps/656600/capsule_231x87.jpg?t=1696796772,2017-07-14 00:00:00+00:00,2017,07/14/17
MRDUBSTEP,Mr. Dubstep,/game/mr-dubstep/,Hyjqvif4XBOUwCAC6lgIejOJhoVvUZr04AAVoQw7gvo%3D,1,173283,1.49,29.99,1,95.031677,0,Mixed,69,113,654610,1505692800,1790876008,8.0,https://shared.fastly.steamstatic.com/store_item_assets/steam/apps/654610/capsule_231x87.jpg?t=1696797288,2017-09-18 00:00:00+00:00,2017,09/18/17
LEISURESUITLARRYWETDREAMSDONTDRY,Leisure Suit Larry - Wet Dreams Don't Dry,/game/leisure-suit-larry-wet-dreams-dont-dry/,mYUicqd6zdjEncM3KxwoAiNgD6aMqyg9BUB%2BQT%2BK7LQ%3D,1,187410,1.49,29.99,1,95.031677,72,Very Positive,85,1409,765870,1541548800,1790882863,0.0,https://shared.fastly.steamstatic.com/store_item_assets/steam/apps/765870/capsule_231x87.jpg?t=1728901767,2018-11-07 00:00:00+00:00,2018,11/07/18
WARHAMMER40000MECHANICUS,"Warhammer 40,000: Mechanicus",/game/warhammer-40000-mechanicus/,EciVg%2BFEtvPzxbIdb1fIsQhnd98IaYt0bGkhu0eF57I%3D,1,190757,1.49,29.99,1,95.031677,78,Very Positive,92,8011,673880,1542240000,1790881596,9.8,https://shared.fastly.steamstatic.com/store_item_assets/steam/apps/673880/capsule_231x87.jpg?t=1747933345,2018-11-15 00:00:00+00:00,2018,11/15/18
WARHAMMERCHAOSBANE,Warhammer: Chaosbane,/game/warhammer-chaosbane/,kskjIsfmDY%2F89fCnwe1ovpM9XJIHoFNXxDzdrlh9O9I%3D,1,199102,1.49,29.99,1,95.031677,69,Mixed,61,1670,774241,1559260800,1789848048,7.7,https://shared.fastly.steamstatic.com/store_item_assets/steam/apps/774241/capsule_231x87.jpg?t=1778175102,2019-05-31 00:00:00+00:00,2019,05/31/19
ERAOFMIRACLES,Era of Miracles,/game/era-of-miracles/,PQtuxkgpasTlg4fn3zkjCEU7lps5yQqakxpGk6ti0jU%3D,1,205812,1.49,29.99,1,95.031677,0,Mostly Positive,75,106,1037930,1569974400,1790874852,8.0,https://shared.fastly.steamstatic.com/store_item_assets/steam/apps/1037930/capsule_231x87.jpg?t=1708440406,2019-10-02 00:00:00+00:00,2019,10/02/19
BESTPLUMBER,Best Plumber,/game/best-plumber/,QUvysklUqtXU36Vs6bBF%2FaWjWZzQMLc6OxSPtf4SFNk%3D,1,206336,1.49,29.99,1,95.031677,0,Mostly Positive,74,112,1166580,1571270400,1790875032,8.0,https://shared.fastly.steamstatic.com/store_item_assets/steam/apps/1166580/capsule_231x87.jpg?t=1707532308,2019-10-17 00:00:00+00:00,2019,10/17/19
TAVERNCARDS,Tavern Cards,/game/tavern-cards/,X8mn5oShaKIN%2BfJh8YCF4TRLtCGXoAqDm6slE4j3fYY%3D,1,213660,1.49,29.99,1,95.031677,0,Mostly Positive,72,142,1221240,1586563200,1790874986,8.0,https://shared.fastly.steamstatic.com/store_item_assets/steam/apps/1221240/capsule_231x87.jpg?t=1725947221,2020-04-11 00:00:00+00:00,2020,04/11/20
LASTROOM,Last Room,/game/last-room/,9ocMXEiYAwoyvXnqzJ78Xyv0aaNWxAHYQhUftf4pjsE%3D,1,217013,1.49,29.99,1,95.031677,0,Mostly Positive,73,953,1334010,1623628800,1790874389,8.0,https://shared.fastly.steamstatic.com/store_item_assets/steam/apps/1334010/b32891f09903bbb7b7cdef1955a6e3878e533042/capsule_231x87.jpg?t=1772130033,2021-06-14 00:00:00+00:00,2021,06/14/21
GRAVITYFIELD,Gravity Field,,m5BxgkXYgkxECDYWXaSsWwkEn754T9omUW56NMLApEE%3D,1,221213,1.49,29.99,1,95.031677,0,Mostly Positive,79,778,1425250,0,1790874448,8.0,https://shared.fastly.steamstatic.com/store_item_assets/steam/apps/1425250/9a68edac9a318cd09e79732597b1e971b0b55c43/capsule_231x87.jpg?t=1771601682,1970-01-01 00:00:00+00:00,1970,01/01/70
DARKSIDEOFWAR,Dark Side of War,/game/dark-side-of-war/,8Zd7qbNN0irTNlAASfp6jyoaA4ltKQDPRK%2BzSMltYEU%3D,1,223753,1.49,29.99,1,95.031677,0,Mixed,68,79,1464610,1607040000,1790875770,4.0,https://shared.fastly.steamstatic.com/store_item_assets/steam/apps/1464610/capsule_231x87.jpg?t=1705583509,2020-12-04 00:00:00+00:00,2020,12/04/20
CEMETERYWARRIOR4,Cemetery Warrior 4,/game/cemetery-warrior-4/,OTICLPREuo%2FlsEgt6STa2DeWenYL48YGFMpfzi2NCC8%3D,1,233166,1.49,29.99,1,95.031677,0,Mixed,68,87,1150990,1569974400,1790875629,4.0,https://shared.fastly.steamstatic.com/store_item_assets/steam/apps/1150990/capsule_231x87.jpg?t=1732256552,2019-10-02 00:00:00+00:00,2019,10/02/19
ZORROTHECHRONICLES,Zorro The Chronicles,/game/zorro-the-chronicles/,wrdf5L0QQEFe7Q8XjxGtwVgWo8uu4SLya69XTZ7C0FM%3D,1,246968,1.49,29.99,1,95.031677,0,Very Positive,86,123,1571460,1655337600,1790886721,8.0,https://shared.fastly.steamstatic.com/store_item_assets/steam/apps/1571460/capsule_231x87.jpg?t=1764149285,2022-06-16 00:00:00+00:00,2022,06/16/22
UNDERTHEWAVES,Under The Waves,/game/under-the-waves/,W5DvJGBbAiMia8bW1xGG31YGJpC9wvWYhCyfbNpA9JI%3D,1,271434,1.49,29.99,1,95.031677,75,Mostly Positive,76,1704,1975440,1693180800,1790882207,9.7,https://shared.fastly.steamstatic.com/store_item_assets/steam/apps/1975440/fb77a40f8d73f2df0ab7b8902ab0fa910e861ea0/capsule_231x87.jpg?t=1725963350,2023-08-28 00:00:00+00:00,2023,08/28/23
WARHOSPITAL,War Hospital,/game/war-hospital/,5DjKKuep16Ceup2Y5NWy8xht4ibsLJp1XN%2BN08b9TTg%3D,1,279822,1.49,29.99,1,95.031677,67,Mixed,60,1020,1553000,1704931200,1789838941,7.6,https://shared.fastly.steamstatic.com/store_item_assets/steam/apps/1553000/capsule_231x87.jpg?t=1764149578,2024-01-11 00:00:00+00:00,2024,01/11/24
BACKROOMSCATSANDLAVA,Backrooms Cats and Lava,/game/backrooms-cats-and-lava/,yv4lXZLNtFhC4nbVxWpzd%2FOicRLOudcbgPH1tRgdIeQ%3D,1,289692,1.49,29.99,1,95.031677,0,Mostly Positive,79,105,3015110,1718582400,1790874940,8.0,https://shared.fastly.steamstatic.com/store_item_assets/steam/apps/3015110/capsule_231x87.jpg?t=1779167089,2024-06-17 00:00:00+00:00,2024,06/17/24
CARTON,Carton,/game/carton/,KzX5nLsz%2BzY5nvj4XTkunFUmVGY%2B5j%2B1qLkOZaWOPSM%3D,1,290143,1.49,29.99,1,95.031677,0,Mostly Positive,75,103,531920,1475366400,1790875071,8.0,https://shared.fastly.steamstatic.com/store_item_assets/steam/apps/531920/capsule_231x87.jpg?t=1784074302,2016-10-02 00:00:00+00:00,2016,10/02/16
PLAYWITHMYBALLS,Play with my balls,/game/play-with-my-balls/,HaHtDwmEWMIJHrMeaQFYllYQytQQK5XKZV05omh%2FtmI%3D,1,290155,1.49,29.99,1,95.031677,0,Very Positive,89,92,3100910,1722902400,1790887010,4.0,https://shared.fastly.steamstatic.com/store_item_assets/steam/apps/3100910/capsule_231x87.jpg?t=1723083377,2024-08-06 00:00:00+00:00,2024,08/06/24
DUSTBORN,Dustborn,/game/dustborn/,ffMy4wlyKYrGmADfJqUbJv7SazkSzpUsNZjrrKm4m0I%3D,1,290408,1.49,29.99,1,95.031677,68,Mostly Positive,70,586,721180,1724112000,1790882635,9.4,https://shared.fastly.steamstatic.com/store_item_assets/steam/apps/721180/capsule_231x87.jpg?t=1751900406,2024-08-20 00:00:00+00:00,2024,08/20/24
SLIMEDUNGEON,Slime Dungeon,/game/slime-dungeon/,H2gdIomzuo7RtDYmyCDbB5%2B9hGHdTS%2ByAf4eiZ0Mtjs%3D,1,291292,1.49,29.99,1,95.031677,0,Mostly Positive,77,36,1995110,1653782400,1790874964,4.0,https://shared.fastly.steamstatic.com/store_item_assets/steam/apps/1995110/capsule_231x87.jpg?t=1704208553,2022-05-29 00:00:00+00:00,2022,05/29/22
CUBERUNNER2,Cube Runner 2,/game/cube-runner-2/,jJ%2B0aB%2FofDjbcqyJl5EPHOnEOSMlFp%2FnASTdi%2F%2FOeH0%3D,1,297221,1.49,29.99,1,95.031677,0,Mixed,64,28,1076790,1602547200,1790875914,4.0,https://shared.fastly.steamstatic.com/store_item_assets/steam/apps/1076790/capsule_231x87.jpg?t=1784075633,2020-10-13 00:00:00+00:00,2020,10/13/20
DANGEROUSARENA,Dangerous Arena,/game/dangerous-arena/,FaUm28GGBKFN3dfriAjr%2FD3ilCy3hTuj6m9gH2LfEQI%3D,1,306418,1.49,29.99,1,95.031677,0,Mostly Positive,71,14,2651760,1708041600,1790875344,4.0,https://shared.fastly.steamstatic.com/store_item_assets/steam/apps/2651760/capsule_231x87.jpg?t=1708136853,2024-02-16 00:00:00+00:00,2024,02/16/24
THEREDHOODHUNTINGTHEWOLF,The Red Hood: Hunting the Wolf,/game/the-red-hood-hunting-the-wolf/,IL7NV8EX%2FVM5h0cuGGs27i7H55uk8Y67vZM5bdTTx9E%3D,1,306419,1.49,29.99,1,95.031677,0,Mostly Positive,72,11,3238780,1736035200,1790874978,4.0,https://shared.fastly.steamstatic.com/store_item_assets/steam/apps/3238780/28d007b0cf2f05b734414df4ddf6ce6a9b58e7b1/capsule_231x87.jpg?t=1736124793,2025-01-05 00:00:00+00:00,2025,01/05/25
STICKMANSYNTHWAVEESCAPE,Stickman Synthwave Escape,/game/stickman-synthwave-escape/,FnXAI07hOfSlR1cP3PpLQ41mxBuZmqvZmWODuMzicek%3D,1,306420,1.49,29.99,1,95.031677,0,Mostly Positive,75,12,1994350,1654387200,1790875362,4.0,https://shared.fastly.steamstatic.com/store_item_assets/steam/apps/1994350/capsule_231x87.jpg?t=1658348334,2022-06-05 00:00:00+00:00,2022,06/05/22
REALM,Realm,/game/realm/,Syr9EfdAxy7HoD41V%2BoqJeKmL%2FyKILE3Wx94sNYBWms%3D,1,310514,1.49,29.99,1,95.031677,0,Mostly Positive,72,11,3735100,1798675200,1790874966,7.0,https://shared.fastly.steamstatic.com/store_item_assets/steam/apps/3735100/5734bb66c1fa374e733571f27515eacaa21f0d94/capsule_231x87.jpg?t=1756374352,2026-12-31 00:00:00+00:00,2026,12/31/26
LEISURESUITLARRYWETDREAMSDRYTWICE,Leisure Suit Larry - Wet Dreams Dry Twice,/game/leisure-suit-larry-wet-dreams-dry-twice/,hkqF6CVKIyrUfzYivopS2aJYsTcvBB5g%2B9FZ1kfx7Xs%3D,1,218912,1.74,34.99,1,95.027151,73,Very Positive,82,746,1373430,1603411200,1790883123,0.0,https://shared.fastly.steamstatic.com/store_item_assets/steam/apps/1373430/capsule_231x87.jpg?t=1728901827,2020-10-23 00:00:00+00:00,2020,10/23/20
OUTWARDDEFINITIVEEDITION,Outward Definitive Edition,/game/outward-definitive-edition/,RFTpZWcPtxlutadf1BmpOGLO0QR9jh1paoWfaSfDjfc%3D,1,246641,1.99,39.99,1,95.023756,0,Mostly Positive,73,15663,794260,1652745600,1790881838,7.9,https://shared.fastly.steamstatic.com/store_item_assets/steam/apps/794260/capsule_231x87.jpg?t=1787229712,2022-05-17 00:00:00+00:00,2022,05/17/22
HEADSUPPHONESDOWNEDITION,Heads Up! Phones Down Edition!,/game/heads-up-phones-down-edition/,oOoj%2FysqZVlxkFppiv8zzeFiUvjKy5XKOIxCpF8e1wQ%3D,1,277602,1.99,39.99,1,95.023756,0,Mixed,64,25,2533370,1699488000,1790875037,3.9,https://shared.fastly.steamstatic.com/store_item_assets/steam/apps/2533370/capsule_231x87.jpg?t=1699552797,2023-11-09 00:00:00+00:00,2023,11/09/23
HAPPYSOULS,Happy Souls,/game/happy-souls/,79TBephOqge3i8chr5nnDO7UdkE83LsVW%2FCRUH5uXrs%3D,1,289552,1.99,39.99,1,95.023756,0,Mostly Positive,75,37,3028300,1718755200,1790874678,3.9,https://shared.fastly.steamstatic.com/store_item_assets/steam/apps/3028300/capsule_231x87.jpg?t=1779167698,2024-06-19 00:00:00+00:00,2024,06/19/24
CLASHBOWL,CLASHBOWL,/game/clashbowl/,AFqxINlhAvymz1H%2BSjMyjCZDbOrW81vgJWeNQDNiqx4%3D,1,327253,1.99,39.99,1,95.023756,0,,0,0,2068050,1660953600,1790878548,3.9,https://shared.fastly.steamstatic.com/store_item_assets/steam/apps/2068050/capsule_231x87.jpg?t=1772693870,2022-08-20 00:00:00+00:00,2022,08/20/22
ADVENTURESWITHALANPARKOUR3D,Adventures with Alan Parkour 3D,,yy71oND%2BJ4marHvtMXOY2p31r792Jl%2B90BUbgWFQ8Pk%3D,1,332739,1.99,39.99,1,95.023756,0,,0,0,2540410,0,1790874475,3.9,https://shared.fastly.steamstatic.com/store_item_assets/steam/apps/2540410/capsule_231x87.jpg?t=1700411394,1970-01-01 00:00:00+00:00,1970,01/01/70
DRIFTSTUNTRACING2019,Drift Stunt Racing 2019,,JmNuBsEcv7h9fktV9PJnlUpiFeDdu0wPhSAi0PYXccw%3D,1,332741,1.99,39.99,1,95.023756,0,,0,0,938600,0,1790874979,3.9,https://shared.fastly.steamstatic.com/store_item_assets/steam/apps/938600/capsule_231x87.jpg?t=1590647761,1970-01-01 00:00:00+00:00,1970,01/01/70
CARDRIVE,Car Drive,/game/car-drive/,VLFtEOC6lG%2BRVL0MAmKlB6cRyvntjkIpT%2Bk5AKKJSvk%3D,1,228625,2.24,44.99,1,95.021116,0,Mixed,64,14,1590130,1618531200,1790875997,3.9,https://shared.fastly.steamstatic.com/store_item_assets/steam/apps/1590130/capsule_231x87.jpg?t=1762117964,2021-04-16 00:00:00+00:00,2021,04/16/21
SCALEPLANET,SCALEPLANET,,JjdPFICr1lv469NTqy%2FRqxH1XCn%2FEFhvGp9JQ2DA7J8%3D,1,332736,2.24,44.99,1,95.021116,0,,0,0,1922360,0,1790874420,3.9,https://shared.fastly.steamstatic.com/store_item_assets/steam/apps/1922360/capsule_231x87.jpg?t=1660745571,1970-01-01 00:00:00+00:00,1970,01/01/70
WATCHDOGS2,Watch_Dogs 2,/game/watch-dogs-2/,aLohGv4hHJJDGZ8U3U3tF1uDvo1H7RIVWwWYDnYY4pw%3D,1,153678,2.49,49.99,1,95.019004,75,Very Positive,81,27797,447040,1480291200,1789673240,7.6,https://shared.fastly.steamstatic.com/store_item_assets/steam/apps/447040/capsule_231x87.jpg?t=1751986887,2016-11-28 00:00:00+00:00,2016,11/28/16
RIMSRACING,RiMS Racing,/game/rims-racing/,CnFnxPpXlp1agkQ7yHYxiHfSCQ6GK8s5WlMPZmd4qHg%3D,1,233546,2.49,49.99,1,95.019004,69,Mixed,65,411,1346010,1629331200,1790886139,9.4,https://shared.fastly.steamstatic.com/store_item_assets/steam/apps/1346010/capsule_231x87.jpg?t=1759396011,2021-08-19 00:00:00+00:00,2021,08/19/21
MAGICTRAP,Magic Trap,/game/magic-trap/,%2B7Ai20ktXrsvPk0JAFW2peEIzscXdPbzZhRS5E6iMRY%3D,1,286151,2.49,49.99,1,95.019004,0,Positive,86,23,2930380,1715731200,1790874358,0.0,https://shared.fastly.steamstatic.com/store_item_assets/steam/apps/2930380/capsule_231x87.jpg?t=1741112730,2024-05-15 00:00:00+00:00,2024,05/15/24
FALCOTOTEMDESTROYER,Falco Totem Destroyer,/game/falco-totem-destroyer/,Y0bTXtaXOpi8fmkXDH%2F7KKunMcpGhrXmbFk61TY%2FGYQ%3D,1,295141,2.49,49.99,1,95.019004,0,Positive,100,10,2999760,1718841600,1790874477,3.9,https://shared.fastly.steamstatic.com/store_item_assets/steam/apps/2999760/capsule_231x87.jpg?t=1760905501,2024-06-20 00:00:00+00:00,2024,06/20/24
THEMYTHICALCITY4,The Mythical City 4,,kj8qw6vIaT9Lj7u%2BM1zZWKjO7vmHfCwCqP%2FGhAZyP3Q%3D,1,332737,2.49,49.99,1,95.019004,0,,0,0,3039350,0,1790874457,3.9,https://shared.fastly.steamstatic.com/store_item_assets/steam/apps/3039350/capsule_231x87.jpg?t=1720347394,1970-01-01 00:00:00+00:00,1970,01/01/70
ZOMBODESERT,Zombodesert,,ZbN1v9i6pjEm%2Ft5lCxvtMk76wH7pEGfmMyzrpsc9iBQ%3D,1,332738,2.49,49.99,1,95.019004,0,,0,0,2864300,0,1790874461,3.9,https://shared.fastly.steamstatic.com/store_item_assets/steam/apps/2864300/capsule_231x87.jpg?t=1743486059,1970-01-01 00:00:00+00:00,1970,01/01/70
AQUARELLE,Aquarelle,/game/aquarelle/,obO2dCS0ZH7XR8lkqC%2F%2F8wF8H5dWLQFv%2BuhfaUsFGvw%3D,1,281999,2.99,59.99,1,95.015836,0,Mixed,68,19,1495580,1610496000,1790875655,3.9,https://shared.fastly.steamstatic.com/store_item_assets/steam/apps/1495580/capsule_231x87.jpg?t=1657648849,2021-01-13 00:00:00+00:00,2021,01/13/21
CRAZYCAR,CrazyCar,/game/crazycar/,7%2FHU1%2BWIamwNKZqg4KGB3HCPaoq%2BAHc12WX1QtYTLpM%3D,1,305283,2.99,59.99,1,95.015836,0,Mixed,43,37,652230,1501113600,1790875457,3.9,https://shared.fastly.steamstatic.com/store_item_assets/steam/apps/652230/a5fb4146a81eac9ba8c97afe0c24f94d035c28ee/capsule_231x87.jpg?t=1783648288,2017-07-27 00:00:00+00:00,2017,07/27/17
THEFIRSTTHRUSTOFGOD,The first thrust of God,/game/the-first-thrust-of-god/,3UVSSmrLVEnSi6jJtZ9RqvRehfbT8IYQ8nzBU7he9gs%3D,1,305651,2.99,59.99,1,95.015836,0,,0,0,773650,1514937600,1790878369,3.9,https://shared.fastly.steamstatic.com/store_item_assets/steam/apps/773650/bdf2cd45b4198e2a5e55d19a7778bbca3e6eeb1d/capsule_231x87.jpg?t=1783648461,2018-01-03 00:00:00+00:00,2018,01/03/18
SEEKLOVE,Seek Love,/game/seek-love/,%2FukNwYid5ysV6kJkCbiy2Vu6jHTDkXG75d%2FyJj31Jig%3D,1,265046,2.99,59.99,1,95.015836,0,,0,0,966160,1542758400,1790878471,3.9,https://shared.fastly.steamstatic.com/store_item_assets/steam/apps/966160/c6841babe8d364a6beae58a37ed530d99ddb57f3/capsule_231x87.jpg?t=1788996600,2018-11-21 00:00:00+00:00,2018,11/21/18
AIGAMES,AI Games,,W2rd9lEonIq42zDvHe5LrPMRFh8Z5M50GywvJvakUxc%3D,1,332516,2.99,59.99,1,95.015836,0,,0,0,4190260,0,1790878454,3.9,https://shared.fastly.steamstatic.com/store_item_assets/steam/apps/4190260/71dec0b20631eb99639054ac2089e415ed686198/capsule_231x87.jpg?t=1788996593,1970-01-01 00:00:00+00:00,1970,01/01/70
SUICIDESQUADKILLTHEJUSTICELEAGUE,Suicide Squad: Kill the Justice League,/game/suicide-squad-kill-the-justice-league/,vf0sKzOj0l0CO1%2FKMJQVcqannaMv13ODaHwAT2tqZAA%3D,1,273928,3.49,69.99,1,95.013573,63,Mixed,62,7734,315210,1706832000,1790882160,9.1,https://shared.fastly.steamstatic.com/store_item_assets/steam/apps/315210/capsule_231x87.jpg?t=1777940046,2024-02-02 00:00:00+00:00,2024,02/02/24
EVERESTREALCLIMBINGSIMULATOR,Everest: Real Climbing Simulator,/game/everest-real-climbing-simulator/,nmLs3gOcGvWP5JJ7uWcDB6MOiZdI0gE8tmDAcod6DiE%3D,1,315245,4.24,84.99,1,95.011178,0,Mostly Negative,21,41,3877940,1768867200,1790878345,0.2,https://shared.fastly.steamstatic.com/store_item_assets/steam/apps/3877940/a783e162879810af87798147aa56d5e4a01102e3/capsule_231x87_alt_assets_0.jpg?t=1790311448,2026-01-20 00:00:00+00:00,2026,01/20/26
EDNAANDHARVEYTHEBREAKOUT,Edna and Harvey - The Breakout,/game/edna-and-harvey-the-breakout/,0ogyy8vY2uI5qu97W07uUF88uSEa%2FkNoFrUyuuIcWIw%3D,1,4755,4.99,99.99,1,95.009501,56,Very Positive,86,1572,255320,1294012800,1790886444,3.9,https://shared.fastly.steamstatic.com/store_item_assets/steam/apps/255320/capsule_231x87.jpg?t=1789474320,2011-01-03 00:00:00+00:00,2011,01/03/11
CARPARKOUR,Car Parkour,/game/car-parkour/,LUtwn5TPM8bHUDeUZ9aD2DCFz5ytWm5SCgL2LIi8OnI%3D,1,273590,4.99,99.99,1,95.009501,0,Mixed,63,22,2374570,1682121600,1790875201,0.0,https://shared.fastly.steamstatic.com/store_item_assets/steam/apps/2374570/capsule_231x87.jpg?t=1760719197,2023-04-22 00:00:00+00:00,2023,04/22/23
BIKEOFFROADSIMULATOR,Bike Offroad Simulator,/game/bike-offroad-simulator/,X7JuthitKDI60VQpcmCpy3%2F7CjSpS4P%2FQ1%2FjMPLLtOI%3D,1,274241,4.99,99.99,1,95.009501,0,Positive,80,10,2400760,1684454400,1790878551,0.0,https://shared.fastly.steamstatic.com/store_item_assets/steam/apps/2400760/capsule_231x87.jpg?t=1744483663,2023-05-19 00:00:00+00:00,2023,05/19/23
SCHOOLBUSDRIVERSIMULATOR,School Bus Driver Simulator,/game/school-bus-driver-simulator/,29XMcHhzinIP5lfKmfDyZg14WA5RGDq4rLHJsfbpOe0%3D,1,246855,9.99,199.99,1,95.004750,0,Mixed,68,32,1977280,1653091200,1790875682,0.0,https://shared.fastly.steamstatic.com/store_item_assets/steam/apps/1977280/capsule_231x87.jpg?t=1741233201,2022-05-21 00:00:00+00:00,2022,05/21/22
FOXSHOOTER,Fox Shooter,/game/fox-shooter/,3NaCT6RSJB3FQdlxrZ51iKA2r6CcVsaDsy8sWWKKB2A%3D,1,319531,9.99,199.99,1,95.004750,0,,0,0,4466240,1773705600,1790878159,0.3,https://shared.fastly.steamstatic.com/store_item_assets/steam/apps/4466240/ca7bde6a8b936ef84203d6ebaf3a08ce6a81e0c6/capsule_231x87.jpg?t=1786075329,2026-03-17 00:00:00+00:00,2026,03/17/26
ADIAMONDDISPLAY,A Diamond Display,,OXMEHiDwtSeVF2PjnQDeNiF1JTwFnAIkOjwKvJHewes%3D,1,321514,9.99,199.99,1,95.004750,0,,0,0,2898840,0,1790878476,0.0,https://shared.fastly.steamstatic.com/store_item_assets/steam/apps/2898840/d423c0146533cdafb002ddb59dd3bbbf08f004b7/capsule_231x87.jpg?t=1782152736,1970-01-01 00:00:00+00:00,1970,01/01/70
REROAD,ReRoad,/game/reroad/,AiTQvchdtYgfjBPBUYWgAJETUh0UnuIDNapbX41a7oE%3D,1,223136,0.89,14.99,1,94.062708,0,Mostly Positive,74,104,1304130,1719360000,1790874611,5.3,https://shared.fastly.steamstatic.com/store_item_assets/steam/apps/1304130/capsule_231x87.jpg?t=1753630405,2024-06-26 00:00:00+00:00,2024,06/26/24
ELECTRICIANSIMULATOR,Electrician Simulator,/game/electrician-simulator/,TGiB4UBA9Z5j9qOCUb4do7isaAvaHmyEShJJppDoXBg%3D,1,251198,1.07,17.99,1,94.052251,60,Mostly Positive,74,1185,1080020,1663718400,1790882037,9.1,https://shared.fastly.steamstatic.com/store_item_assets/steam/apps/1080020/capsule_231x87.jpg?t=1788519299,2022-09-21 00:00:00+00:00,2022,09/21/22
AIRSHIPDRAGOON,Airship Dragoon,/game/airship-dragoon/,jw4a%2Bid%2BMmdFn5G%2FPENahHwEDCMhgbIWehtjSuSvuZs%3D,1,102531,1.19,19.99,1,94.047024,0,Mostly Positive,75,24,308380,1381708800,1790875000,3.9,https://shared.fastly.steamstatic.com/store_item_assets/steam/apps/308380/3f9fd4b78d7bd094b1c6ab5a4b3a5f0a08408735/capsule_231x87.jpg?t=1749748568,2013-10-14 00:00:00+00:00,2013,10/14/13
PUREFARMING2018,Pure Farming 2018,/game/pure-farming-2018/,GGvkIw3QiVy7xIUmnJT9RZn%2Bf8UPdZisnk7lb0pIyCs%3D,1,172039,1.19,19.99,1,94.047024,69,Mostly Positive,72,1059,534370,1520899200,1790887010,9.4,https://shared.fastly.steamstatic.com/store_item_assets/steam/apps/534370/capsule_231x87.jpg?t=1639505951,2018-03-13 00:00:00+00:00,2018,03/13/18
ULTIMATEFISHINGSIMULATOR,Ultimate Fishing Simulator,/game/ultimate-fishing-simulator/,nd%2BLV5QvFHArYpiRn0q5IIX3FoNTKNxXmtZ9B9AKeNs%3D,1,177333,1.19,19.99,1,94.047024,70,Very Positive,88,2584,468920,1512000000,1790881786,9.4,https://shared.fastly.steamstatic.com/store_item_assets/steam/apps/468920/093b51c31ff6c429878c37fdb58965176b72a51c/capsule_231x87.jpg?t=1788519189,2017-11-30 00:00:00+00:00,2017,11/30/17
SHIPS2017,Ships 2017,/game/pc/ships-2017,xuOnw6ncVLk991YJsFCoWQ6wi2%2FFefmVV9N1YbN31l8%3D,1,160609,1.19,19.99,1,94.047024,0,Mostly Negative,32,155,439460,1476835200,1790878269,7.9,https://shared.fastly.steamstatic.com/store_item_assets/steam/apps/439460/capsule_231x87.jpg?t=1786634296,2016-10-19 00:00:00+00:00,2016,10/19/16
THEPADRE,The Padre,/game/the-padre/,6hZTEPc2jc36TXU%2BqEjVjsCS9HFEW8tMN5nc6QIqn10%3D,1,178433,1.19,19.99,1,94.047024,0,Mixed,65,26,747650,1555545600,1790875784,3.9,https://shared.fastly.steamstatic.com/store_item_assets/steam/apps/747650/capsule_231x87.jpg?t=1782992288,2019-04-18 00:00:00+00:00,2019,04/18/19
FARMEXPERT2017,Farm Expert 2017,/game/farm-expert-2017/,9Cr7GsUUzjXw2ZRKY0QO2BkUKm%2F7T1xutQ7wcvW0lI4%3D,1,158201,1.19,19.99,1,94.047024,0,Mostly Negative,38,462,424590,1472688000,1790878254,7.9,https://shared.fastly.steamstatic.com/store_item_assets/steam/apps/424590/capsule_231x87.jpg?t=1724957772,2016-09-01 00:00:00+00:00,2016,09/01/16
MUGSTERS,Mugsters,/game/mugsters/,3OWVQTS8QsNchep0Srp%2B2yIFuKRvrbxApIQGFULW%2BCk%3D,1,189706,1.19,19.99,1,94.047024,0,Mixed,67,71,712180,1531785600,1789668452,1.9,https://shared.fastly.steamstatic.com/store_item_assets/steam/apps/712180/capsule_231x87.jpg?t=1762776293,2018-07-17 00:00:00+00:00,2018,07/17/18
RITUALCROWNOFHORNS,Ritual: Crown of Horns,/game/ritual-crown-of-horns/,d2fzdATt93pLo2nnU9GBNvNx%2BaCDwl2sVtD1uaWJUr0%3D,1,201686,1.19,19.99,1,94.047024,0,Mixed,68,58,1059150,1573084800,1790875431,3.9,https://shared.fastly.steamstatic.com/store_item_assets/steam/apps/1059150/capsule_231x87.jpg?t=1668076768,2019-11-07 00:00:00+00:00,2019,11/07/19
DEADLIESTCATCHTHEGAME,Deadliest Catch: The Game,/game/deadliest-catch-the-game/,7mg0tDmSQ9FFBwnCRQ8YUT32qPm8c98vXHs5QJsH2OA%3D,1,207186,1.19,19.99,1,94.047024,0,Mixed,51,1523,838630,1573689600,1790886412,7.9,https://shared.fastly.steamstatic.com/store_item_assets/steam/apps/838630/capsule_231x87.jpg?t=1786634822,2019-11-14 00:00:00+00:00,2019,11/14/19
WILDRUSSIA,Wild Russia,/game/wild-russia/,Q5OtACCP6DwkejDI0pDmHevFofqfFVRbkcpwoeeeSJw%3D,1,214825,1.19,19.99,1,94.047024,0,Mixed,62,61,1287250,1588032000,1790875226,3.9,https://shared.fastly.steamstatic.com/store_item_assets/steam/apps/1287250/capsule_231x87.jpg?t=1658469423,2020-04-28 00:00:00+00:00,2020,04/28/20
HELHEIMHASSLE,Helheim Hassle,/game/helheim-hassle/,QqBMs7m4CdK%2FAmfbqwtJguO%2FicxbAF4mU7N5i64VGlA%3D,1,219387,1.19,19.99,1,94.047024,71,Very Positive,91,343,1095120,1597708800,1790886282,9.4,https://shared.fastly.steamstatic.com/store_item_assets/steam/apps/1095120/capsule_231x87.jpg?t=1728990639,2020-08-18 00:00:00+00:00,2020,08/18/20
THISISTHEZODIACSPEAKING,This is the Zodiac Speaking,/game/this-is-the-zodiac-speaking/,LKNodWmFi4lqOy0M3wJ1AztJEUq77wY9rP0gG%2FWKRTQ%3D,1,221500,1.19,19.99,1,94.047024,59,Mixed,56,78,907710,1602720000,1790874968,5.0,https://shared.fastly.steamstatic.com/store_item_assets/steam/apps/907710/capsule_231x87.jpg?t=1786634297,2020-10-15 00:00:00+00:00,2020,10/15/20
BUILDINGSHAVEFEELINGSTOO,Buildings Have Feelings Too!,/game/buildings-have-feelings-too/,hDsUJYoIlthoZciO9gjJE6U3Md7KV%2B50vOF6BWDSO6g%3D,1,228779,1.19,19.99,1,94.047024,53,Mixed,52,51,945740,1619049600,1790875355,4.9,https://shared.fastly.steamstatic.com/store_item_assets/steam/apps/945740/capsule_231x87.jpg?t=1738065039,2021-04-22 00:00:00+00:00,2021,04/22/21
DEMOLISHANDBUILDVR,Demolish and Build VR,/game/demolish-and-build-vr/,2DzuZ0158VFuVUVs3D3kHBfdWdT8zU1uOFkWb7vg614%3D,1,235958,1.19,19.99,1,94.047024,0,Mostly Negative,31,35,1736090,1634515200,1790878270,3.9,https://shared.fastly.steamstatic.com/store_item_assets/steam/apps/1736090/capsule_231x87.jpg?t=1634635391,2021-10-18 00:00:00+00:00,2021,10/18/21
ITORAH,ITORAH,/game/itorah/,uuvTH2cassQcbo29OL%2FH0DcS03g83ImVDMBPlDDh%2Blc%3D,1,242259,1.19,19.99,1,94.047024,61,Mostly Positive,71,721,1132910,1647820800,1790886687,9.1,https://shared.fastly.steamstatic.com/store_item_assets/steam/apps/1132910/capsule_231x87.jpg?t=1790351204,2022-03-21 00:00:00+00:00,2022,03/21/22
AIRCRAFTCARRIERSURVIVAL,Aircraft Carrier Survival,/game/aircraft-carrier-survival/,4AumuwBFlZzOhOwy1Xy3%2FJQ9HIbUyNzYStKOGtJnhKA%3D,1,243974,1.19,19.99,1,94.047024,0,Mixed,59,1179,1021100,1650412800,1790886990,7.9,https://shared.fastly.steamstatic.com/store_item_assets/steam/apps/1021100/capsule_231x87.jpg?t=1786628153,2022-04-20 00:00:00+00:00,2022,04/20/22
CANDYSWEET,CandySweet,/game/candysweet/,4GBVnNOnbikQI85T%2B9WQFrqO%2BhME6iQpFkrTVzBQJTY%3D,1,249298,1.19,19.99,1,94.047024,0,Mostly Positive,78,14,2007180,1658880000,1790875381,3.9,https://shared.fastly.steamstatic.com/store_item_assets/steam/apps/2007180/capsule_231x87.jpg?t=1658932258,2022-07-27 00:00:00+00:00,2022,07/27/22
ULTIMATEFISHINGSIMULATOR2,Ultimate Fishing Simulator 2,/game/pc/ultimate-fishing-simulator-2,IVcrwqPL%2B2z1sJ8vw5ZSSUXIpvqAkETOrQpTEqfKC9Y%3D,1,250206,1.19,19.99,1,94.047024,0,Mixed,62,694,1136380,1661126400,1790882962,7.9,https://shared.fastly.steamstatic.com/store_item_assets/steam/apps/1136380/capsule_231x87.jpg?t=1788519219,2022-08-22 00:00:00+00:00,2022,08/22/22
BLADEPRINCEACADEMY,Blade Prince Academy,/game/blade-prince-academy/,fk%2B9elkdT00gD9pL97fukC12%2FmQCOe6hi2EGgn8UgVA%3D,1,260771,1.19,19.99,1,94.047024,0,Mixed,65,58,2333510,1709769600,1790874479,3.9,https://shared.fastly.steamstatic.com/store_item_assets/steam/apps/2333510/4397d9ab2117e38775fe69e6cc4f163ea3fec26d/capsule_231x87.jpg?t=1769019785,2024-03-07 00:00:00+00:00,2024,03/07/24
DEMOLISHANDBUILD3,Demolish and Build 3,/game/demolish-and-build-3/,Em4ifF%2Fzi8xdWBRycO4fFAAdGsQ8RYjDK0Lwu%2FvmlgM%3D,1,291170,1.19,19.99,1,94.047024,0,Mostly Negative,38,259,1203670,1726012800,1790878152,7.9,https://shared.fastly.steamstatic.com/store_item_assets/steam/apps/1203670/d02dac340dfaa51ef07a7fcb4b1c6ac79cfbf754/capsule_231x87.jpg?t=1782917078,2024-09-11 00:00:00+00:00,2024,09/11/24
STOREKEEPERREVENGE,Storekeeper Revenge,/game/storekeeper-revenge/,mKH81gxu3thUjN9R0lQ8AoHwp5WtRVTJQ9H%2F1soTb4k%3D,1,301902,1.19,19.99,1,94.047024,0,Positive,100,11,2019630,1665446400,1790874462,3.9,https://shared.fastly.steamstatic.com/store_item_assets/steam/apps/2019630/capsule_231x87.jpg?t=1665478208,2022-10-11 00:00:00+00:00,2022,10/11/22
GOKARTSURVIVAL,Go Kart Survival,/game/go-kart-survival/,bS61wErmxfG66yLYcGpPIf0oduvLDm14K1e2UlEgiHw%3D,1,306417,1.19,19.99,1,94.047024,0,Mixed,63,11,713570,1513641600,1790876052,3.9,https://shared.fastly.steamstatic.com/store_item_assets/steam/apps/713570/capsule_231x87.jpg?t=1749548264,2017-12-19 00:00:00+00:00,2017,12/19/17
THEMYTHICALCITY3,The Mythical City 3,,vIAdPhC8wekcrQgO6YSv521E%2FXBIkg0Vct5IZtAX3FY%3D,1,332740,1.19,19.99,1,94.047024,0,,0,0,2999810,0,1790874475,3.9,https://shared.fastly.steamstatic.com/store_item_assets/steam/apps/2999810/capsule_231x87.jpg?t=1719092010,1970-01-01 00:00:00+00:00,1970,01/01/70
DREADLANDS,Dreadlands,,8dhYEvuHfNcSvCUEsoXPV%2FN8XAPSTZfNsJNsSWm%2FmPA%3D,1,211789,1.49,24.99,1,94.037615,0,Mixed,56,151,1054690,0,1790875092,7.9,https://shared.fastly.steamstatic.com/store_item_assets/steam/apps/1054690/capsule_231x87.jpg?t=1606389606,1970-01-01 00:00:00+00:00,1970,01/01/70
DOLPHINHUSTLE,DOLPHIN HUSTLE,/game/dolphin-hustle/,2s0EksVXH7KdxEqGqg0lroIi9uzjEhxvotPV3NTDu68%3D,1,246720,1.49,24.99,1,94.037615,0,Mostly Positive,75,16,1964750,1652832000,1790875340,3.9,https://shared.fastly.steamstatic.com/store_item_assets/steam/apps/1964750/capsule_231x87.jpg?t=1652933993,2022-05-18 00:00:00+00:00,2022,05/18/22
GREATHOUSESOFCALDERIA,Great Houses of Calderia,/game/great-houses-of-calderia/,wmjK%2FTpruA4Hm7JDn5cT2C7qNY5eb6h9sBxzUfAjgss%3D,1,253884,1.49,24.99,1,94.037615,0,Mixed,60,414,1812910,1714608000,1790886789,7.9,https://shared.fastly.steamstatic.com/store_item_assets/steam/apps/1812910/bd6763340dffed49728cf7a1a867b408e748dd35/capsule_231x87.jpg?t=1758889157,2024-05-02 00:00:00+00:00,2024,05/02/24
BEACHRUN,BeachRun,/game/beachrun/,43md1ImG%2BJSFX600jSDKRO60S%2BHmKUKujOKDxgDZCmQ%3D,1,301901,1.49,24.99,1,94.037615,0,Positive,100,11,1970730,1652832000,1790874430,3.9,https://shared.fastly.steamstatic.com/store_item_assets/steam/apps/1970730/capsule_231x87.jpg?t=1653503719,2022-05-18 00:00:00+00:00,2022,05/18/22
SHIRO,Shiro,/game/shiro-2020/,120xb%2Fh1nloSdWgkIAw%2F05ZReBkT7wD1zVlM53x%2BQJo%3D,1,222548,0.90,12.99,1,93.071594,0,Very Positive,81,499,1290710,1604620800,1790886472,5.2,https://shared.fastly.steamstatic.com/store_item_assets/steam/apps/1290710/capsule_231x87.jpg?t=1718124912,2020-11-06 00:00:00+00:00,2020,11/06/20
TOYTINKERSIMULATOR,Toy Tinker Simulator,/game/toy-tinker-simulator/,%2FtPM3v086xOem8PoE0k2W57Xro8azzdnOnR09IxKtfA%3D,1,237508,0.90,12.99,1,93.071594,0,Mixed,56,291,1510580,1637366400,1790874855,5.2,https://shared.fastly.steamstatic.com/store_item_assets/steam/apps/1510580/capsule_231x87.jpg?t=1789120906,2021-11-20 00:00:00+00:00,2021,11/20/21
THEEXCRAWLERS,The Excrawlers,/game/the-excrawlers/,XpVJYJF3lN5V20Z3kG9OYrFBrk0985ZUnSVFqhMYVrI%3D,1,257825,0.90,12.99,1,93.071594,0,Very Positive,87,119,1598910,1677456000,1790886984,5.2,https://shared.fastly.steamstatic.com/store_item_assets/steam/apps/1598910/capsule_231x87.jpg?t=1769708845,2023-02-27 00:00:00+00:00,2023,02/27/23
WOODLETREE2DELUXE,Woodle Tree 2: Deluxe,/game/woodle-tree-2-deluxe-plus/,cDfieSyUuPqELupA%2F8C5tSqoSgfKtfbIvOgA8k4QTLI%3D,1,225966,0.90,12.99,1,93.071594,0,Very Positive,81,82,1173740,1576540800,1790886313,1.2,https://shared.fastly.steamstatic.com/store_item_assets/steam/apps/1173740/capsule_231x87.jpg?t=1748104179,2019-12-17 00:00:00+00:00,2019,12/17/19
MICEGARD,MiceGard,/game/micegard/,aF%2FU222%2FJksHLOR3sbM0zrmzmYzoAkYHBavvgr%2BBvuA%3D,1,281247,0.90,12.99,1,93.071594,0,Very Positive,84,89,2430660,1705276800,1790886943,1.2,https://shared.fastly.steamstatic.com/store_item_assets/steam/apps/2430660/capsule_231x87.jpg?t=1726814842,2024-01-15 00:00:00+00:00,2024,01/15/24
POLYCLASSICWILD,PolyClassic: Wild,/game/polyclassic-wild/,7IehEevaywnLyG2GIWo1%2B1jitns0oUYB2MuD9t2Pnwo%3D,1,230410,0.97,13.99,1,93.066476,0,Mostly Positive,76,213,1631850,1633910400,1790874931,5.2,https://shared.fastly.steamstatic.com/store_item_assets/steam/apps/1631850/466357c66d33bfb094172fdd8e50685c5a2d46c2/capsule_231x87.jpg?t=1747815082,2021-10-11 00:00:00+00:00,2021,10/11/21
TOKITORI2,Toki Tori 2,/game/toki-tori-2/,RW6n%2BCI%2FvRABSWFhqnNbvh82Er4aNW61ZiUDRwSCI1U%3D,1,106959,1.04,14.99,1,93.062041,76,Very Positive,87,750,201420,1373500800,1790886388,9.6,https://shared.fastly.steamstatic.com/store_item_assets/steam/apps/201420/23aee4753a797b533cca2b117dc7c489ea96672e/capsule_231x87.jpg?t=1779985653,2013-07-11 00:00:00+00:00,2013,07/11/13
ALBEDOEYESFROMOUTERSPACE,Albedo: Eyes from Outer Space,/game/albedo-eyes-from-outer-space/,FqiMGIdeEbrNtWVHOJAOQQ3Qu2ExmvqugwGsAaPCf1g%3D,1,128818,1.04,14.99,1,93.062041,66,Mixed,47,76,277520,1428624000,1790875413,5.2,https://shared.fastly.steamstatic.com/store_item_assets/steam/apps/277520/capsule_231x87.jpg?t=1738061279,2015-04-10 00:00:00+00:00,2015,04/10/15
AQUIVEROFCROWS,A Quiver of Crows,/game/a-quiver-of-crows/,974bnUR1gAfGgRE%2FJ0pD3wOm0gVV%2FzTfJIjS1DWRC2U%3D,1,160600,1.04,14.99,1,93.062041,0,Mostly Positive,76,26,347280,1476835200,1790875590,1.2,https://shared.fastly.steamstatic.com/store_item_assets/steam/apps/347280/capsule_231x87.jpg?t=1478027445,2016-10-19 00:00:00+00:00,2016,10/19/16
ROBOTSQUADSIMULATOR2017,Robot Squad Simulator 2017,/game/pc/robot-squad-simulator-2017,yqaYGEGYF%2BjfjgBRTZsRw7jUQbxC7Zv%2BgKOoY5aOrvI%3D,1,160681,1.04,14.99,1,93.062041,0,Mixed,67,52,405760,1476921600,1790875251,1.2,https://shared.fastly.steamstatic.com/store_item_assets/steam/apps/405760/capsule_231x87.jpg?t=1786634821,2016-10-20 00:00:00+00:00,2016,10/20/16
SKYCANNONEER,Sky Cannoneer,/game/sky-cannoneer/,aDH8SKiAb37KxIajqJ6MqqDfA7ZLSZIm3kjCY1KoOHU%3D,1,210821,1.04,14.99,1,93.062041,0,Mostly Positive,78,19,1141570,1582156800,1790874852,1.2,https://shared.fastly.steamstatic.com/store_item_assets/steam/apps/1141570/capsule_231x87.jpg?t=1699554192,2020-02-20 00:00:00+00:00,2020,02/20/20
SHAKESONAPLANE,Shakes on a Plane,/game/shakes-on-a-plane/,1gNUOjBf%2FF8VW5CYOsBebt1i9mvf3Q6t2DE1BgR%2FXwU%3D,1,224084,1.04,14.99,1,93.062041,0,Mixed,59,47,964620,1607990400,1790875318,1.2,https://shared.fastly.steamstatic.com/store_item_assets/steam/apps/964620/capsule_231x87.jpg?t=1728903088,2020-12-15 00:00:00+00:00,2020,12/15/20
SHIPGRAVEYARDSIMULATOR,Ship Graveyard Simulator,/game/ship-graveyard-simulator/,EqELSl488gTFXZw52jNbtWvUlmBJD%2FWhgj0hvOoY8EM%3D,1,236996,1.04,14.99,1,93.062041,0,Mixed,61,933,1286880,1636502400,1790360972,4.4,https://shared.fastly.steamstatic.com/store_item_assets/steam/apps/1286880/df3078ea06ac3378f324b8487cad6046d484275c/capsule_231x87.jpg?t=1790585916,2021-11-10 00:00:00+00:00,2021,11/10/21
POLICESHOOTOUT,Police Shootout,/game/police-shootout/,LSNS0saAVmccgSRgQu0MF908PuVKcPwI1GPxXoYCTME%3D,1,247356,1.04,14.99,1,93.062041,0,Mixed,55,449,1279240,1654041600,1790874980,5.2,https://shared.fastly.steamstatic.com/store_item_assets/steam/apps/1279240/capsule_231x87.jpg?t=1783534718,2022-06-01 00:00:00+00:00,2022,06/01/22
PHANTOMBREAKERBATTLEGROUNDSCLASSIC,Phantom Breaker: Battle Grounds Classic,,tjYAVM%2BVOAeixI3JzpegcBlOMQr9t8kUZ9t6AgW4aGE%3D,1,305509,1.04,14.99,1,93.062041,0,Very Positive,81,927,329490,0,1790883146,5.2,https://shared.fastly.steamstatic.com/store_item_assets/steam/apps/329490/capsule_231x87.jpg?t=1778209227,1970-01-01 00:00:00+00:00,1970,01/01/70
GOKARTRACING3,Go-Kart Racing 3,/game/go-kart-racing-3/,xBKPP4WYA08aUBaEGGnwI6m%2BxDo4kvBlIyP3QAP8djU%3D,1,311632,1.04,14.99,1,93.062041,0,,0,0,4073930,1762905600,1790878705,2.3,https://shared.fastly.steamstatic.com/store_item_assets/steam/apps/4073930/7bd2b34e9731344748c5c0f843b4a1256749c4a2/capsule_231x87.jpg?t=1762848168,2025-11-12 00:00:00+00:00,2025,11/12/25
RIVE,RIVE,/game/rive/,B0l%2FLVHjCqzS57r2kn2rFoaEBiblihvMGBtQ8szgzfA%3D,1,150926,1.04,14.99,1,93.062041,73,Very Positive,84,469,278100,1473724800,1790886673,9.4,https://shared.fastly.steamstatic.com/store_item_assets/steam/apps/278100/7d86bbc2961997cc9911beb303286ef74cf25e83/capsule_231x87.jpg?t=1779492009,2016-09-13 00:00:00+00:00,2016,09/13/16
AMERICANELECTIONSIMULATOR,American Election Simulator,/game/american-election-simulator/,%2Bl99wtdz3T5TGrd7dW5RKVZxUH16j0QLLP%2B9R0885rc%3D,1,317978,1.04,14.99,1,93.062041,0,Mixed,63,19,3149960,1724371200,1790875420,1.2,https://shared.fastly.steamstatic.com/store_item_assets/steam/apps/3149960/capsule_231x87.jpg?t=1724416238,2024-08-23 00:00:00+00:00,2024,08/23/24
GOKARTRACING2,Go-Kart Racing 2,,jn240K3XMPZor14DeQgp%2Fiiw5T5WMkfsnhM%2BhkUtuV0%3D,1,332762,1.04,14.99,1,93.062041,0,,0,0,3455030,0,1790878681,1.2,https://shared.fastly.steamstatic.com/store_item_assets/steam/apps/3455030/8191ad77dab35f8fd9ae0d22467b9de2c5e92ee0/capsule_231x87.jpg?t=1761681765,1970-01-01 00:00:00+00:00,1970,01/01/70
BAKERYSIMULATOR,Bakery Simulator,/game/bakery-simulator/,CgQ3bEtWuNSfva1MNESmK0voFRJXFy4TRQv1KMlKZA8%3D,1,245267,1.11,15.99,1,93.058161,49,Mixed,61,624,1031120,1651536000,1790886833,8.7,https://shared.fastly.steamstatic.com/store_item_assets/steam/apps/1031120/capsule_231x87.jpg?t=1788519477,2022-05-03 00:00:00+00:00,2022,05/03/22
STARHIVETHEMENACE,Star Hive: The Menace,,%2FxJc9UKTR47gzzd9GIOkTvA%2Fn44khTP0MnbqJPaNIo4%3D,1,332443,1.11,15.99,1,93.058161,0,,0,0,2260310,0,1790429451,3.1,https://shared.fastly.steamstatic.com/store_item_assets/steam/apps/2260310/capsule_231x87.jpg?t=1710697160,1970-01-01 00:00:00+00:00,1970,01/01/70
CUBEDODGE,Cube Dodge,/game/cube-dodge/,bU9A6l8ANbWn2jcuMkPJfrpVBC6r5%2BGR6aQs62iY4EM%3D,1,332444,1.11,15.99,1,93.058161,0,,0,0,2182710,1667260800,1790429451,3.1,https://shared.fastly.steamstatic.com/store_item_assets/steam/apps/2182710/capsule_231x87.jpg?t=1767728752,2022-11-01 00:00:00+00:00,2022,11/01/22
UNCLAIMEDWORLD,Unclaimed World,/game/unclaimed-world/,oOIeSWUAU6bwhCt8eVnsnELwb%2FXff3yYYMvmf%2FezlBA%3D,1,107953,1.18,16.99,1,93.054738,0,Mixed,49,179,284100,1475539200,1790875718,7.8,https://shared.fastly.steamstatic.com/store_item_assets/steam/apps/284100/capsule_231x87.jpg?t=1776715044,2016-10-04 00:00:00+00:00,2016,10/04/16
TOHELLWITHHELL,To Hell with Hell,/game/to-hell-with-hell/,DdrBBCpBCni7Tusogf3A3gnkWsbkssljTUxARsGOLvE%3D,1,189787,1.18,16.99,1,93.054738,0,Mixed,48,37,860660,1582588800,1790875967,3.8,https://shared.fastly.steamstatic.com/store_item_assets/steam/apps/860660/capsule_231x87.jpg?t=1788521695,2020-02-25 00:00:00+00:00,2020,02/25/20
JAD,Jad,,HVpLQOqqzkiXB83DL%2B4Scq4%2BkaYv9TMJzTGB3zXg%2Bqk%3D,1,221989,1.18,16.99,1,93.054738,0,Mostly Positive,75,60,1447060,0,1790875072,3.8,https://shared.fastly.steamstatic.com/store_item_assets/steam/apps/1447060/capsule_231x87.jpg?t=1662893347,1970-01-01 00:00:00+00:00,1970,01/01/70
STYXSHARDSOFDARKNESS,Styx: Shards of Darkness,/game/styx-shards-of-darkness/,7bqsm2KowBN%2BhsqC1rikUJGjWUOSaGKQDYFAdr8cb8g%3D,1,164161,1.39,19.99,1,93.046523,72,Very Positive,84,5120,355790,1489449600,1789847908,7.7,https://shared.fastly.steamstatic.com/store_item_assets/steam/apps/355790/capsule_231x87.jpg?t=1778174587,2017-03-14 00:00:00+00:00,2017,03/14/17
AGENTAAPUZZLEINDISGUISE,Agent A: A puzzle in disguise,/game/agent-a-a-puzzle-in-disguise/,3iYRpvMwReieU%2FgIgJWvFSabBGeLTMtVXH8QLaxVXPE%3D,1,204488,1.39,19.99,1,93.046523,0,Overwhelmingly Positive,95,1975,801480,1567036800,1790882994,7.8,https://shared.fastly.steamstatic.com/store_item_assets/steam/apps/801480/capsule_231x87.jpg?t=1724988275,2019-08-29 00:00:00+00:00,2019,08/29/19
DOWNINBERMUDA,Down in Bermuda,/game/down-in-bermuda/,t9Na7ild9vrifsqlTURwCZdk1hyes9aMo66ssf%2FKIio%3D,1,224963,1.39,19.99,1,93.046523,68,Very Positive,89,1609,1107300,1610582400,1790886437,9.2,https://shared.fastly.steamstatic.com/store_item_assets/steam/apps/1107300/capsule_231x87.jpg?t=1724988375,2021-01-14 00:00:00+00:00,2021,01/14/21
ROGUEBOOK,Roguebook,/game/roguebook/,Z9M0xyIRNKo%2FtehscZEH39Y3m8ETnooq3Du6tdgwoLk%3D,1,225769,1.74,24.99,1,93.037215,78,Very Positive,84,1982,1076200,1623888000,1790882548,9.7,https://shared.fastly.steamstatic.com/store_item_assets/steam/apps/1076200/capsule_231x87.jpg?t=1778174412,2021-06-17 00:00:00+00:00,2021,06/17/21
VAMPIRETHEMASQUERADESWANSONG,Vampire: The Masquerade  Swansong,/game/vampire-the-masquerade-swansong/,4ZEFEi%2BVoJpecnLIcyNXY0fJeVIGrx9IHOvdVNurJoc%3D,1,246718,3.49,49.99,1,93.018604,66,Mixed,64,583,1299510,1652918400,1789928968,7.5,https://shared.fastly.steamstatic.com/store_item_assets/steam/apps/1299510/capsule_231x87.jpg?t=1778175048,2022-05-19 00:00:00+00:00,2022,05/19/22
THEBOOKOFLEGENDS,The Book of Legends,/game/the-book-of-legends/,61MDZftFQkM9PkS5mx0kFr5p7QRYaQA5Zsm%2BaU3yfE8%3D,1,106360,0.79,9.99,1,92.092092,0,Mixed,60,139,277470,1329523200,1790875143,5.2,https://shared.fastly.steamstatic.com/store_item_assets/steam/apps/277470/capsule_231x87.jpg?t=1730488403,2012-02-18 00:00:00+00:00,2012,02/18/12
MILLENNIUM5THEBATTLEOFTHEMILLENNIUM,Millennium 5 - The Battle of the Millennium,/game/millennium-5-the-battle-of-the-millennium/,j7gNgOO8VjdFCP5wPe%2FxKBlH%2FsfXamkI1djFAKhhdU0%3D,1,136886,0.79,9.99,1,92.092092,0,Mixed,59,52,298850,1374364800,1790875192,1.2,https://shared.fastly.steamstatic.com/store_item_assets/steam/apps/298850/2bb4f42078be0e55e1beed6810e4e5bb583327d5/capsule_231x87.jpg?t=1730548493,2013-07-21 00:00:00+00:00,2013,07/21/13
VAGRANTHEARTS,Vagrant Hearts,/game/vagrant-hearts/,3q2K8x2LQCqhnWfNHOe3OlYeVMtVS9GpVV%2BquO7FDhU%3D,1,93262,0.79,9.99,1,92.092092,0,Mixed,52,68,337980,1302739200,1790875420,1.2,https://shared.fastly.steamstatic.com/store_item_assets/steam/apps/337980/capsule_231x87.jpg?t=1730474235,2011-04-14 00:00:00+00:00,2011,04/14/11
VALIANTRESURRECTION,Valiant: Resurrection,/game/valiant-resurrection/,GZdZHk%2BDsY8MwKkjWisEbP7CNGrKMlTzaP5Gh3qEMwc%3D,1,143811,0.79,9.99,1,92.092092,0,Mixed,67,61,368250,1417132800,1790875731,1.2,https://shared.fastly.steamstatic.com/store_item_assets/steam/apps/368250/capsule_231x87.jpg?t=1730474160,2014-11-28 00:00:00+00:00,2014,11/28/14
MOONCHILD,Moonchild,/game/moon-child/,1Adcxxvbse9fU1hfEJtwUyh7o7B0vdluMSo0dDgudz4%3D,1,106359,0.79,9.99,1,92.092092,0,Mixed,65,86,332410,883526400,1790875183,1.2,https://shared.fastly.steamstatic.com/store_item_assets/steam/apps/332410/481664f697af4057b7cc416247d250eb23a74847/capsule_231x87.jpg?t=1730550361,1997-12-31 00:00:00+00:00,1997,12/31/97
VAGRANTHEARTS2,Vagrant Hearts 2,/game/vagrant-hearts-2/,eIbvJ9b4r6JsJz9CmqTh0GUtg5SYmQfro6FYgLvfKVQ%3D,1,143996,0.79,9.99,1,92.092092,0,Mixed,56,37,359670,1308787200,1790875466,1.2,https://shared.fastly.steamstatic.com/store_item_assets/steam/apps/359670/capsule_231x87.jpg?t=1730474157,2011-06-23 00:00:00+00:00,2011,06/23/11
MIDNIGHTSBLESSING,Midnight's Blessing,/game/midnights-blessing/,%2FhokRhEdhb2xf3UzBF9Y4tsIlMiS%2BoL0iJSVVA7iXmA%3D,1,144059,0.79,9.99,1,92.092092,0,Mixed,52,44,370640,1431475200,1790875362,1.2,https://shared.fastly.steamstatic.com/store_item_assets/steam/apps/370640/capsule_231x87.jpg?t=1730474070,2015-05-13 00:00:00+00:00,2015,05/13/15
ASHESOFIMMORTALITY,Ashes of Immortality,/game/ashes-of-immortality/,kKFZOOpB19ZEUTvSedfyqW22%2FRRdHz%2BY1rJLMCm8JFw%3D,1,144630,0.79,9.99,1,92.092092,0,Mixed,69,79,362130,1333065600,1790875662,1.2,https://shared.fastly.steamstatic.com/store_item_assets/steam/apps/362130/capsule_231x87.jpg?t=1730474067,2012-03-30 00:00:00+00:00,2012,03/30/12
AREVAN,Arevan,/game/pc/arevan,2duW5Tpzfj%2B%2BJmkL3HbojtZTH2HdPDOCnF%2BiIC4L1m0%3D,1,145069,0.79,9.99,1,92.092092,0,Mixed,43,53,385900,1437696000,1790875726,1.2,https://shared.fastly.steamstatic.com/store_item_assets/steam/apps/385900/capsule_231x87.jpg?t=1479652981,2015-07-24 00:00:00+00:00,2015,07/24/15
FATEDSOULS,Fated Souls,/game/fated-souls/,586dIcXRTX%2BB%2FkiryuZlbUB2SnxRqQhnWiTw3SZags8%3D,1,145166,0.79,9.99,1,92.092092,0,Mixed,52,69,370780,1240272000,1790875721,1.2,https://shared.fastly.steamstatic.com/store_item_assets/steam/apps/370780/capsule_231x87.jpg?t=1730473980,2009-04-21 00:00:00+00:00,2009,04/21/09
BLACKHOME,Black Home,/game/pc/black-home,rJW%2F3k290nP7EAckDGzsoitadf833SZZnPZNh3p8aEM%3D,1,145307,0.79,9.99,1,92.092092,0,Mixed,64,79,370700,1438905600,1790875722,1.2,https://shared.fastly.steamstatic.com/store_item_assets/steam/apps/370700/capsule_231x87.jpg?t=1730473978,2015-08-07 00:00:00+00:00,2015,08/07/15
ARVALE,Arvale,/game/arvale/,I9CmyMKqaie%2BkO08d5B64AvLGMh%2BwjAcmF%2B%2BwsQ8m0c%3D,1,145420,0.79,9.99,1,92.092092,0,Mixed,60,83,392920,1439510400,1790875645,1.2,https://shared.fastly.steamstatic.com/store_item_assets/steam/apps/392920/capsule_231x87.jpg?t=1730473976,2015-08-14 00:00:00+00:00,2015,08/14/15
ASIRIUSGAME,A Sirius Game,/game/a-sirius-game/,hXkWoK4B%2FNj4ph4I6t6A9GAtybshSXcuWxLy7qIAMQ8%3D,1,91389,0.79,9.99,1,92.092092,0,Mixed,50,74,392930,1326758400,1790875749,1.2,https://shared.fastly.steamstatic.com/store_item_assets/steam/apps/392930/capsule_231x87.jpg?t=1479653154,2012-01-17 00:00:00+00:00,2012,01/17/12
ASHESOFIMMORTALITYII,Ashes of Immortality II,,rUxyLVPen7CVeCuVrvbTHTvRnptUfuB7cVAHCqnudLo%3D,1,145611,0.79,9.99,1,92.092092,0,Mixed,47,51,362140,0,1790875712,1.2,https://shared.fastly.steamstatic.com/store_item_assets/steam/apps/362140/capsule_231x87.jpg?t=1730473860,1970-01-01 00:00:00+00:00,1970,01/01/70
FREEDOMCRY,Freedom Cry,/game/freedom-cry/,jCinpxIrOB9bWnva2hm%2FoejVHymu7XhQNcJEMY7CLL4%3D,1,145805,0.79,9.99,1,92.092092,0,Mixed,56,78,395400,1327708800,1790875704,1.2,https://shared.fastly.steamstatic.com/store_item_assets/steam/apps/395400/capsule_231x87.jpg?t=1730473865,2012-01-28 00:00:00+00:00,2012,01/28/12
EPICQUESTOFTHE4CRYSTALS,Epic Quest of the 4 Crystals,/game/epic-quest-of-the-4-crystals/,mx73wqU5BC%2BMQso2NQoz%2F0k%2FT84xbKxf0bglvun4u%2FU%3D,1,146230,0.79,9.99,1,92.092092,0,Mixed,56,50,392940,1371081600,1790875474,1.2,https://shared.fastly.steamstatic.com/store_item_assets/steam/apps/392940/capsule_231x87.jpg?t=1730473862,2013-06-13 00:00:00+00:00,2013,06/13/13
LASTHEROES,Last Heroes,/game/last-heroes/,%2F%2FSHxEoML1fvdbEEzmNjAxs0e5VOBHqdEA7IjRwxecM%3D,1,147008,0.79,9.99,1,92.092092,0,Mixed,66,106,370710,1712793600,1790875473,5.2,https://shared.fastly.steamstatic.com/store_item_assets/steam/apps/370710/capsule_231x87.jpg?t=1730473763,2024-04-11 00:00:00+00:00,2024,04/11/24
THREADSOFDESTINY,Threads of Destiny,/game/threads-of-destiny/,Z9%2BZpMTnPuD8%2FyKwM3DAJGABQFsLDcSV1uEV5Xr42hc%3D,1,147337,0.79,9.99,1,92.092092,0,Mixed,58,43,424870,1443312000,1790875776,1.2,https://shared.fastly.steamstatic.com/store_item_assets/steam/apps/424870/capsule_231x87.jpg?t=1730473762,2015-09-27 00:00:00+00:00,2015,09/27/15
OHRPG,OH! RPG!,/game/oh-rpg/,scXgB3bgZs9olGg%2Bjl1jq40oqfRB1hLsM3gFL9VJ5qU%3D,1,147464,0.79,9.99,1,92.092092,0,Mixed,63,266,421810,1449792000,1790875662,5.2,https://shared.fastly.steamstatic.com/store_item_assets/steam/apps/421810/capsule_231x87.jpg?t=1730473739,2015-12-11 00:00:00+00:00,2015,12/11/15
BEYONDREALITY,Beyond Reality,/game/beyond-reality/,aHFwuXby%2FcGIGRc3JYXoLsVq9%2BNNNGqxRKG%2BA%2FYddQc%3D,1,147873,0.79,9.99,1,92.092092,0,Mostly Positive,76,142,428100,1450224000,1790874942,5.2,https://shared.fastly.steamstatic.com/store_item_assets/steam/apps/428100/capsule_231x87.jpg?t=1730473642,2015-12-16 00:00:00+00:00,2015,12/16/15
LASTHEROES2,Last Heroes 2,/game/last-heroes-2/,OkXs0yJ5ktEr5MlK9icIwZriFJA3czemsPIMekHR2ag%3D,1,149004,0.79,9.99,1,92.092092,0,Mixed,68,61,434920,1271548800,1790875728,1.2,https://shared.fastly.steamstatic.com/store_item_assets/steam/apps/434920/capsule_231x87.jpg?t=1730473645,2010-04-18 00:00:00+00:00,2010,04/18/10
WINDCHILD,Wind Child,/game/wind-child/,7Va0EKRTdR2ryvJr3SqDwbuPnJwUVBIJp1lYy%2B1YTNc%3D,1,151052,0.79,9.99,1,92.092092,0,Mostly Positive,70,81,397090,1406073600,1790874992,1.2,https://shared.fastly.steamstatic.com/store_item_assets/steam/apps/397090/capsule_231x87.jpg?t=1730473647,2014-07-23 00:00:00+00:00,2014,07/23/14
THORNEDEATHMERCHANTS,Thorne - Death Merchants,/game/thorne-death-merchants/,kMAd05bTo57cwg69LMyrPaL0%2FBUhlPtdqBgl%2FnghboQ%3D,1,151217,0.79,9.99,1,92.092092,0,Mostly Positive,78,217,451920,1458864000,1790874966,5.2,https://shared.fastly.steamstatic.com/store_item_assets/steam/apps/451920/capsule_231x87.jpg?t=1730473547,2016-03-25 00:00:00+00:00,2016,03/25/16
LASTHEROES3,Last Heroes 3,/game/last-heroes-3/,y7nJph%2F6KYIfe7ScBwbgcxLA%2FeKypotHus2%2FIeQM8Wc%3D,1,151423,0.79,9.99,1,92.092092,0,Mixed,65,61,458420,1274400000,1790875742,1.2,https://shared.fastly.steamstatic.com/store_item_assets/steam/apps/458420/capsule_231x87.jpg?t=1730473545,2010-05-21 00:00:00+00:00,2010,05/21/10
APRINCESSTALE,A Princess' Tale,/game/a-princess-tale/,4pJfR%2BNP2itLw1VKXtSKDtdcNR5FDCo8Fb451ddtfro%3D,1,153030,0.79,9.99,1,92.092092,0,Mixed,55,56,461380,1335657600,1790875782,1.2,https://shared.fastly.steamstatic.com/store_item_assets/steam/apps/461380/capsule_231x87.jpg?t=1730473461,2012-04-29 00:00:00+00:00,2012,04/29/12
THORNESONOFSLAVESEP2,Thorne - Son of Slaves (Ep.2),,Qf9TbIWZ1uYwl8VKy%2Bpii5E8gtZ9kW3ZW9IrTyxVPjk%3D,1,157856,0.79,9.99,1,92.092092,0,Mostly Positive,75,94,461360,0,1790874998,1.2,https://shared.fastly.steamstatic.com/store_item_assets/steam/apps/461360/capsule_231x87.jpg?t=1730473459,1970-01-01 00:00:00+00:00,1970,01/01/70
SHININGPLUME,Shining Plume,/game/shining-plume/,6VrEpnJH90h%2BveSscaV%2BAk%2BLdi%2BVooiqBPSTp7Epjfc%3D,1,160329,0.79,9.99,1,92.092092,0,Mixed,62,74,536420,1314403200,1790875596,1.2,https://shared.fastly.steamstatic.com/store_item_assets/steam/apps/536420/capsule_231x87.jpg?t=1730473373,2011-08-27 00:00:00+00:00,2011,08/27/11
BLOODTIES,Blood Ties,/game/blood-ties/,cv7A7pguOt1rxUnOtl0wjKlLVor7LFElyhMYOHezg%2Fc%3D,1,160768,0.79,9.99,1,92.092092,0,Mixed,60,89,544870,1294963200,1790875734,1.2,https://shared.fastly.steamstatic.com/store_item_assets/steam/apps/544870/capsule_231x87.jpg?t=1730473371,2011-01-14 00:00:00+00:00,2011,01/14/11
ALICEVR,ALICE VR,/game/alice-vr/,tYZtBOSA2ppfqntLVnJ0LCI8yfwclJfKcBLUJ0QZW0c%3D,1,161113,0.79,9.99,1,92.092092,55,Mixed,40,240,513320,1477526400,1790875268,8.8,https://shared.fastly.steamstatic.com/store_item_assets/steam/apps/513320/capsule_231x87.jpg?t=1732097081,2016-10-27 00:00:00+00:00,2016,10/27/16
FATEDSOULS2,Fated Souls 2,/game/fated-souls-2/,DPR%2FcJaQpLsyYBRlN8MNNYnnKLwf5vTtgD9coYVMfDI%3D,1,163569,0.79,9.99,1,92.092092,0,Mixed,69,33,523900,1254787200,1790875471,1.2,https://shared.fastly.steamstatic.com/store_item_assets/steam/apps/523900/capsule_231x87.jpg?t=1730473369,2009-10-06 00:00:00+00:00,2009,10/06/09
JADESJOURNEY,Jade's Journey,/game/jades-journey/,JAaDmhayfYxRSU4wwOpZytk6WVmoBkv1i5TTZJfodLU%3D,1,163919,0.79,9.99,1,92.092092,0,Mixed,56,76,552580,1287964800,1790875634,1.2,https://shared.fastly.steamstatic.com/store_item_assets/steam/apps/552580/capsule_231x87.jpg?t=1730473274,2010-10-25 00:00:00+00:00,2010,10/25/10
HEARTSOFCHAOS,Hearts of Chaos,/game/hearts-of-chaos/,RguAEVndwp0T7CKvKStqKEzL4Y2LA37%2BCMlKia9jFWU%3D,1,164784,0.79,9.99,1,92.092092,0,Mixed,58,36,555410,1345593600,1790875832,1.2,https://shared.fastly.steamstatic.com/store_item_assets/steam/apps/555410/capsule_231x87.jpg?t=1730473270,2012-08-22 00:00:00+00:00,2012,08/22/12
THENEWQUEEN,The New Queen,/game/pc/the-new-queen,mL0fYARqrOiEHfmqF1YL107NsKQAaLzUAHkgh5GI%2FXw%3D,1,164945,0.79,9.99,1,92.092092,0,Mixed,59,32,552570,1484265600,1790875780,1.2,https://shared.fastly.steamstatic.com/store_item_assets/steam/apps/552570/capsule_231x87.jpg?t=1730473267,2017-01-13 00:00:00+00:00,2017,01/13/17
MIDNIGHTSBLESSING2,Midnight's Blessing 2,/game/midnights-blessing-2/,D8MwVDHavvokFk0Yf1DMBc7amn4xddDY%2BRHGJNzZcOo%3D,1,165300,0.79,9.99,1,92.092092,0,Mixed,53,28,461370,1445385600,1790875602,1.2,https://shared.fastly.steamstatic.com/store_item_assets/steam/apps/461370/capsule_231x87.jpg?t=1730473181,2015-10-21 00:00:00+00:00,2015,10/21/15
FINDINGHOPE,Finding Hope,/game/finding-hope/,dBc4xshOYXWmV%2BlklIQ9lQpx%2BYH8P%2FgBrnXa3p8vU6s%3D,1,165520,0.79,9.99,1,92.092092,0,Mostly Positive,71,73,481600,1284163200,1790875027,1.2,https://shared.fastly.steamstatic.com/store_item_assets/steam/apps/481600/capsule_231x87.jpg?t=1730473178,2010-09-11 00:00:00+00:00,2010,09/11/10
CAVERNOFTIME,Cavern of Time,/game/cavern-of-time/,fRaK9L8NcP2V5X7%2FnfskqgdGzE4y9XIA5cRTqP%2F65YU%3D,1,165979,0.79,9.99,1,92.092092,0,Mixed,68,90,578830,1486684800,1790875766,1.2,https://shared.fastly.steamstatic.com/store_item_assets/steam/apps/578830/capsule_231x87.jpg?t=1486770702,2017-02-10 00:00:00+00:00,2017,02/10/17
ASHESOFIMMORTALITYIIBADBLOOD,Ashes of Immortality II - Bad Blood,,xOME9hq%2Fh%2FI402yZh9hAJ%2BhxlKUO%2BTwsqT5ep1EBG9w%3D,1,166030,0.79,9.99,1,92.092092,0,Mixed,47,48,362150,0,1790875720,1.2,https://shared.fastly.steamstatic.com/store_item_assets/steam/apps/362150/capsule_231x87.jpg?t=1730473060,1970-01-01 00:00:00+00:00,1970,01/01/70
BEYONDMAGIC,Beyond Magic,/game/beyond-magic/,eFZp1qHXF9sJzfKPJ4%2BsIjJi6a7%2F5%2BoWR92thk%2BAeEM%3D,1,166243,0.79,9.99,1,92.092092,0,Mostly Positive,72,76,463880,1444694400,1790875061,1.2,https://shared.fastly.steamstatic.com/store_item_assets/steam/apps/463880/capsule_231x87.jpg?t=1730473064,2015-10-13 00:00:00+00:00,2015,10/13/15
SHININGPLUME2,Shining Plume 2,/game/shining-plume-2/,MCPFPLCChC6PNZzwLLIXReQEkD%2FDni%2BkyL1ZwHSoc%2Fg%3D,1,166629,0.79,9.99,1,92.092092,0,Mostly Positive,72,54,597810,1316649600,1790874683,1.2,https://shared.fastly.steamstatic.com/store_item_assets/steam/apps/597810/capsule_231x87.jpg?t=1730472943,2011-09-22 00:00:00+00:00,2011,09/22/11
FATEDSOULS3,Fated Souls 3,/game/fated-souls-3/,TOVfBtTxyF%2Bd%2BdNfqHuAw7WQPcKstrRbhZSf0hse7D4%3D,1,167028,0.79,9.99,1,92.092092,0,Mixed,61,49,602790,1258761600,1790875721,1.2,https://shared.fastly.steamstatic.com/store_item_assets/steam/apps/602790/capsule_231x87.jpg?t=1730472938,2009-11-21 00:00:00+00:00,2009,11/21/09
YOUANDWHOELSE,You... and who else?,/game/you-and-who-else/,ZfQp0GW%2BDteQbHTAq44%2BNNTUMQvaxY2cpsJ4QyUm6gQ%3D,1,167494,0.79,9.99,1,92.092092,0,Mixed,68,45,459640,1463184000,1790875273,1.2,https://shared.fastly.steamstatic.com/store_item_assets/steam/apps/459640/d5a9d45c1864f8316cc3acd8612a16884ea8f57d/capsule_231x87.jpg?t=1730551419,2016-05-14 00:00:00+00:00,2016,05/14/16
BLACKRIVER,Black River,/game/black-river/,TEFFgQkZaWNyjAAC1tx%2FSunBTXLmRO%2BXfJ3NVFo7XEk%3D,1,167915,0.79,9.99,1,92.092092,0,Mixed,50,55,585090,1491264000,1790875702,1.2,https://shared.fastly.steamstatic.com/store_item_assets/steam/apps/585090/capsule_231x87.jpg?t=1730472847,2017-04-04 00:00:00+00:00,2017,04/04/17
SONSOFTRISKELION,Sons of Triskelion,/game/sons-of-triskelion/,y1K%2BK2PVUk4DW95f%2FblpUf93PNfENeBG%2FyD8db0w%2BQg%3D,1,168098,0.79,9.99,1,92.092092,0,Mixed,54,53,592060,1348531200,1790875760,1.2,https://shared.fastly.steamstatic.com/store_item_assets/steam/apps/592060/capsule_231x87.jpg?t=1730472850,2012-09-25 00:00:00+00:00,2012,09/25/12
LASTHEROES4,Last Heroes 4,/game/last-heroes-4/,MJN19AgwQo%2FmtGv9EHBG5nu9geAOqzAi78IvZBGRVqI%3D,1,168224,0.79,9.99,1,92.092092,0,Mixed,67,46,607020,1276905600,1790875714,1.2,https://shared.fastly.steamstatic.com/store_item_assets/steam/apps/607020/capsule_231x87.jpg?t=1730472749,2010-06-19 00:00:00+00:00,2010,06/19/10
GRIMOIRECHRONICLES,Grimoire Chronicles,/game/grimoire-chronicles/,OYd5TRNtsZIwGF%2BzGjdm1h%2FwOTOEqbp2mbzON4k51pc%3D,1,139919,0.79,9.99,1,92.092092,0,Mostly Positive,76,100,607040,1284681600,1790874674,5.2,https://shared.fastly.steamstatic.com/store_item_assets/steam/apps/607040/capsule_231x87.jpg?t=1730472751,2010-09-17 00:00:00+00:00,2010,09/17/10
ONYX,Onyx,/game/onyx/,5wGhzC0dkJh6Rd6PmcjeGNLCT2oAlxazHryO1a%2F7lrg%3D,1,128374,0.79,9.99,1,92.092092,0,Mixed,56,37,370620,1383177600,1790875425,1.2,https://shared.fastly.steamstatic.com/store_item_assets/steam/apps/370620/4fd548d62bd0a37f8252a4cde1ebdb99e3adad25/capsule_231x87.jpg?t=1730760536,2013-10-31 00:00:00+00:00,2013,10/31/13
VAGRANTHEARTSZERO,Vagrant Hearts Zero,/game/vagrant-hearts-zero/,bG2hjqJRthUtJG0HDbgQv3DrKg19WOTndkQfH7Zqpag%3D,1,168529,0.79,9.99,1,92.092092,0,Mixed,56,39,615680,1351555200,1790875681,1.2,https://shared.fastly.steamstatic.com/store_item_assets/steam/apps/615680/capsule_231x87.jpg?t=1730472654,2012-10-30 00:00:00+00:00,2012,10/30/12
OPALINE,Opaline,/game/pc/opaline,oJ8sKiWP1ZRythIVxymo7SibgL%2F1QKsUNwTJ4JF2rZQ%3D,1,128375,0.79,9.99,1,92.092092,0,Mixed,69,69,370660,1493942400,1790875429,1.2,https://shared.fastly.steamstatic.com/store_item_assets/steam/apps/370660/6528f5fb0afffff2962eb2034b23f4a40b6fabe1/capsule_231x87.jpg?t=1730761085,2017-05-05 00:00:00+00:00,2017,05/05/17
JADESJOURNEY2,Jade's Journey 2,/game/jades-journey-2/,AqkXVb6xb12GJViqpk%2FreuC57XOUiN2D0Jj5wghhWI8%3D,1,168889,0.79,9.99,1,92.092092,0,Mixed,62,50,607030,1289952000,1790875638,1.2,https://shared.fastly.steamstatic.com/store_item_assets/steam/apps/607030/capsule_231x87.jpg?t=1730472652,2010-11-17 00:00:00+00:00,2010,11/17/10
LYCAH,Lycah,/game/lycah/,BxfS8aGKhDphtouHPEYpp798GrnwTItbV0tq%2BaZkTJI%3D,1,171190,0.79,9.99,1,92.092092,0,Mixed,59,22,681980,1500595200,1790875749,1.2,https://shared.fastly.steamstatic.com/store_item_assets/steam/apps/681980/capsule_231x87.jpg?t=1730472536,2017-07-21 00:00:00+00:00,2017,07/21/17
DUNGEONSOFBETRAYAL,Dungeons of Betrayal,/game/dungeons-of-betrayal/,K0KkSTro3bwsDDDrnVvnyjVt0OcHr2Ya3IUt406a2Fg%3D,1,173768,0.79,9.99,1,92.092092,0,Mostly Positive,77,61,402940,1560988800,1790874674,1.2,https://shared.fastly.steamstatic.com/store_item_assets/steam/apps/402940/capsule_231x87.jpg?t=1613074001,2019-06-20 00:00:00+00:00,2019,06/20/19
IRONBORN,IronBorn,/game/ironborn/,SwhrGMYFMIhbQ0cWveID0avdPMK4kVNVzsKjGGkBrf0%3D,1,191980,0.79,9.99,1,92.092092,0,Mixed,57,40,618760,1536710400,1790875799,1.2,https://shared.fastly.steamstatic.com/store_item_assets/steam/apps/618760/capsule_231x87.jpg?t=1730472455,2018-09-12 00:00:00+00:00,2018,09/12/18
SHADOWSANDLIES,Shadows and Lies,/game/shadows-and-lies/,FxUG29V4YDjSBOFIKgPuj5VWnIDAsLgl3kE9QGg9%2BSo%3D,1,202580,0.79,9.99,1,92.092092,0,Mixed,58,29,594000,1560902400,1790875252,1.2,https://shared.fastly.steamstatic.com/store_item_assets/steam/apps/594000/ecfce40dc29d6dde468f7c1a93479288df58ad60/capsule_231x87.jpg?t=1730757537,2019-06-19 00:00:00+00:00,2019,06/19/19
ELENDIACEUS,Elendia Ceus,/game/elendia-ceus/,IZ02Q1%2F0QOuWs%2Bpta94llRK41I5i4VSmnfuvCTDmJDs%3D,1,203586,0.79,9.99,1,92.092092,0,Mostly Positive,78,37,370690,1424390400,1790874647,1.2,https://shared.fastly.steamstatic.com/store_item_assets/steam/apps/370690/24f0a234e528634742d6c0e3861b2a8aec6d81ea/capsule_231x87.jpg?t=1730488970,2015-02-20 00:00:00+00:00,2015,02/20/15
INFERNO,Inferno,/game/inferno-2021/,Fh1Vkw9uDDmpo2kB7Qj8L9iOV1zw8mwJdMZxyUmZ8LE%3D,1,106941,0.79,9.99,1,92.092092,0,Mixed,64,31,615690,1651190400,1790875251,1.2,https://shared.fastly.steamstatic.com/store_item_assets/steam/apps/615690/capsule_231x87.jpg?t=1730471758,2022-04-29 00:00:00+00:00,2022,04/29/22
JUSTSKILLSHOOTER,Just Skill Shooter,/game/just-skill-shooter/,Hbit4tD4YGCNbNsdeq%2BoWS1NP0xIAVgIcgDpBb4L83k%3D,1,263482,0.79,9.99,1,92.092092,0,Mixed,47,36,2417160,1685491200,1790875173,1.2,https://shared.fastly.steamstatic.com/store_item_assets/steam/apps/2417160/dd9e9b0b02507adef5cb9e80ccc4263ff987243d/capsule_231x87.jpg?t=1766262546,2023-05-31 00:00:00+00:00,2023,05/31/23
THEMYTHICALCITY,The Mythical City,/game/the-mythical-city/,9wK0yr%2B9dx5TdebOPUhoao%2BfO3G0uV59kw0Lq2yukT0%3D,1,272627,0.79,9.99,1,92.092092,0,Mixed,60,38,2555440,1693958400,1790875874,0.0,https://shared.fastly.steamstatic.com/store_item_assets/steam/apps/2555440/capsule_231x87.jpg?t=1710414767,2023-09-06 00:00:00+00:00,2023,09/06/23
JUSTSKILLSHOOTER2,Just skill shooter 2,/game/just-skill-shooter-2/,yUXi58OGnBZ%2FPu4zezLfGTsoLN%2FefXxJTJmZiSy%2Fjgw%3D,1,280811,0.79,9.99,1,92.092092,0,Mixed,53,32,2684300,1704326400,1790875603,1.2,https://shared.fastly.steamstatic.com/store_item_assets/steam/apps/2684300/capsule_231x87.jpg?t=1750708781,2024-01-04 00:00:00+00:00,2024,01/04/24
BOBASQUEST,BobasQuest,/game/bobasquest/,bxhwlCzFJJGMKA2AvCkc7gzoPgycXsSK12ojRJr59EE%3D,1,285576,0.79,9.99,1,92.092092,0,Positive,88,26,2898750,1714262400,1790874464,0.0,https://shared.fastly.steamstatic.com/store_item_assets/steam/apps/2898750/capsule_231x87.jpg?t=1744483352,2024-04-28 00:00:00+00:00,2024,04/28/24
ABSTRACTDRIVER,Abstract Driver,/game/abstract-driver/,VS1uPUywnUDwJYAoYCiKCoOdQfrMzD6zTDwOqpIsrsk%3D,1,291073,0.79,9.99,1,92.092092,0,Mixed,59,22,2415120,1685059200,1790875859,1.2,https://shared.fastly.steamstatic.com/store_item_assets/steam/apps/2415120/capsule_231x87.jpg?t=1760608999,2023-05-26 00:00:00+00:00,2023,05/26/23
GOLDDEFENCE,Gold Defence,/game/gold-defence/,mBzYhMVZj8q%2BIygtHJRHqe%2BS41Vhm62uYE1BuOP4xZI%3D,1,328639,0.79,9.99,1,92.092092,0,Mixed,65,20,3862930,1754265600,1790876005,1.8,https://shared.fastly.steamstatic.com/store_item_assets/steam/apps/3862930/6012f55b66ea3db1649248d10453618a587228a9/capsule_231x87.jpg?t=1760558410,2025-08-04 00:00:00+00:00,2025,08/04/25
DEFINITELYNOTACULT,Definitely Not a Cult,/game/definitely-not-a-cult/,cXKqVSSYTBoK727K6dVPCmMkkCrPr8cWkFqwYSVa5js%3D,1,330724,0.79,9.99,1,92.092092,0,Mixed,60,23,4813940,1781913600,1790875281,3.3,https://shared.fastly.steamstatic.com/store_item_assets/steam/apps/4813940/f90fdee4f64315fff5a588049f1bc96ee6180b32/capsule_231x87.jpg?t=1782716848,2026-06-20 00:00:00+00:00,2026,06/20/26
FANTASYHEROES,Fantasy Heroes,/game/fantasy-heroes/,wrw%2Btd20z2llFzmnz%2FRFHpEMRLrhJBk11%2FMABEmBvVo%3D,1,203322,0.79,9.99,1,92.092092,0,Mixed,60,20,1031210,1563408000,1790875441,1.2,https://shared.fastly.steamstatic.com/store_item_assets/steam/apps/1031210/capsule_231x87.jpg?t=1730472348,2019-07-18 00:00:00+00:00,2019,07/18/19
ATTENTAT1942,Attentat 1942,/game/attentat-1942/,NYJdHVXbL5OEsNHRdGvlb0WQDWchcqx4PTvxqHEiJS4%3D,1,174743,0.87,10.99,1,92.083712,76,Very Positive,92,450,676630,1509408000,1790886261,9.5,https://shared.fastly.steamstatic.com/store_item_assets/steam/apps/676630/capsule_231x87.jpg?t=1755001470,2017-10-31 00:00:00+00:00,2017,10/31/17
DARKFORESTTHEHORROR,Dark Forest: The Horror,/game/dark-forest-the-horror/,mJgyt6lw5oS9v5ubA%2BsrDFJMdbBFUjtOqp5DtSSKK6o%3D,1,236724,0.87,10.99,1,92.083712,0,Mixed,62,32,1787600,1635984000,1790875730,1.2,https://shared.fastly.steamstatic.com/store_item_assets/steam/apps/1787600/capsule_231x87.jpg?t=1657649061,2021-11-04 00:00:00+00:00,2021,11/04/21
ONEDOGSTORY,One Dog Story,/game/one-dog-story/,pUissH5wvc68fTHY7CH42ivb7FVZUP6NLyZbbG19RjE%3D,1,168508,0.95,11.99,1,92.076731,0,Mostly Positive,71,259,588110,1493337600,1790874674,5.2,https://shared.fastly.steamstatic.com/store_item_assets/steam/apps/588110/capsule_231x87.jpg?t=1587995456,2017-04-28 00:00:00+00:00,2017,04/28/17
PLANEMECHANICSIMULATOR,Plane Mechanic Simulator,/game/plane-mechanic-simulator/,QiTV%2FDY01dOSBBaSlI60jkiQ3Rs254MBCvQ0HUOuBic%3D,1,198549,0.95,11.99,1,92.076731,0,Mixed,57,1563,803980,1707868800,1790886720,5.2,https://shared.fastly.steamstatic.com/store_item_assets/steam/apps/803980/capsule_231x87.jpg?t=1779977349,2024-02-14 00:00:00+00:00,2024,02/14/24
BLUEESTATETHEGAME,Blue Estate The Game,,ZA265ytE0JKUwfF382hFMCN8d0cgXk%2B1AXCRqa4H64k%3D,1,143128,1.03,12.99,1,92.070824,0,Very Positive,92,1522,305380,0,1790882949,5.2,https://shared.fastly.steamstatic.com/store_item_assets/steam/apps/305380/capsule_231x87.jpg?t=1781884630,1970-01-01 00:00:00+00:00,1970,01/01/70
ASGUAARD,Asguaard,/game/asguaard/,OGdaY0PVCgiANoEDjesqEZKja9SITFFxWH9wppAxhY4%3D,1,2378,1.03,12.99,1,92.070824,0,Mixed,65,69,332380,1258070400,1790875164,1.2,https://shared.fastly.steamstatic.com/store_item_assets/steam/apps/332380/3644b8c12f7936c45d032e0286c94d38a3d36fc1/capsule_231x87.jpg?t=1730487357,2009-11-13 00:00:00+00:00,2009,11/13/09
THECOMA2VICIOUSSISTERS,The Coma 2: Vicious Sisters,/game/the-coma-2-vicious-sisters/,vApH4UmO%2B8DOllTIbdfb%2FJsU%2BEL198mVHGn0N6NOwGc%3D,1,207006,1.19,14.99,1,92.061374,77,Very Positive,94,419,1045720,1580169600,1790882999,9.6,https://shared.fastly.steamstatic.com/store_item_assets/steam/apps/1045720/capsule_231x87.jpg?t=1783989609,2020-01-28 00:00:00+00:00,2020,01/28/20
JETKAVEADVENTURE,Jet Kave Adventure,/game/jet-kave-adventure/,injteYnxeBfH8i9LPlSaaQ5NSl9IjC0CliCZZln%2FNM4%3D,1,225182,1.19,14.99,1,92.061374,65,Very Positive,85,123,1383700,1610668800,1790886943,9.1,https://shared.fastly.steamstatic.com/store_item_assets/steam/apps/1383700/capsule_231x87.jpg?t=1760967856,2021-01-15 00:00:00+00:00,2021,01/15/21
GARBAGE,Garbage,/game/garbage/,9c7kTg0b4sRiTL5HJXHbsWcchV6hh4Jam8Ife1YGbU4%3D,1,230621,1.19,14.99,1,92.061374,0,Mixed,66,1004,1253710,1622764800,1790875090,5.2,https://shared.fastly.steamstatic.com/store_item_assets/steam/apps/1253710/capsule_231x87.jpg?t=1789741967,2021-06-04 00:00:00+00:00,2021,06/04/21
YACHTMECHANICSIMULATOR,Yacht Mechanic Simulator,/game/yacht-mechanic-simulator/,P6LC4L5GFA3W6u%2FnMiXdFACLTaGkgCM2xFkxiwWvW8M%3D,1,249339,1.19,14.99,1,92.061374,0,Mostly Negative,22,186,1263620,1658966400,1790878163,5.2,https://shared.fastly.steamstatic.com/store_item_assets/steam/apps/1263620/capsule_231x87.jpg?t=1782669422,2022-07-28 00:00:00+00:00,2022,07/28/22
ORBITALBULLETTHE360ROGUELITE,Orbital Bullet  The 360 Rogue-lite,,exRaensGUiri2yGXVKZP928NeTzhG%2BgPc4pVJuY2DWc%3D,1,228791,1.35,16.99,1,92.054149,0,Very Positive,82,605,1167680,0,1790886031,7.8,https://shared.fastly.steamstatic.com/store_item_assets/steam/apps/1167680/capsule_231x87.jpg?t=1772111526,1970-01-01 00:00:00+00:00,1970,01/01/70
TOWERHUNTERERZASTRIAL,Tower Hunter:Erza's Trial,,I1vti8FWaYNG1s7VcDTxHtfzthxzfqyMVF0CRURTUQk%3D,1,192827,1.43,17.99,1,92.051140,0,Mostly Positive,70,1859,844850,0,1790886775,7.7,https://shared.fastly.steamstatic.com/store_item_assets/steam/apps/844850/capsule_231x87.jpg?t=1667443834,1970-01-01 00:00:00+00:00,1970,01/01/70
DEX,Dex,/game/dex/,5filfCXwG6aueMkiWRoYwJsOH2CN3KDQoJ6%2BRLj0QeY%3D,1,122799,1.59,19.99,1,92.046023,62,Very Positive,83,1514,269650,1430956800,1790882672,9.0,https://shared.fastly.steamstatic.com/store_item_assets/steam/apps/269650/capsule_231x87.jpg?t=1637152112,2015-05-07 00:00:00+00:00,2015,05/07/15
CARMECHANICSIMULATOR2018,Car Mechanic Simulator 2018,/game/car-mechanic-simulator-2018/,FrpMnqGMzJMm%2BvVzOBzWQAt7sVUTUituyxTVWv%2F7DDc%3D,1,171419,1.59,19.99,1,92.046023,0,Very Positive,90,21690,645630,1500595200,1790447203,7.0,https://shared.fastly.steamstatic.com/store_item_assets/steam/apps/645630/capsule_231x87.jpg?t=1790853844,2017-07-21 00:00:00+00:00,2017,07/21/17
CARMECHANICSIMULATOR2015,Car Mechanic Simulator 2015,/game/car-mechanic-simulator-2015/,oQ8gDX63u%2F%2BKX39WwucZana9aRvKEYM4P%2B4deaQR7yU%3D,1,143380,1.59,19.99,1,92.046023,68,Very Positive,89,3963,320300,1429747200,1790447813,8.4,https://shared.fastly.steamstatic.com/store_item_assets/steam/apps/320300/capsule_231x87.jpg?t=1783340723,2015-04-23 00:00:00+00:00,2015,04/23/15
FARMMANAGER2018,Farm Manager 2018,/game/farm-manager-2018/,h1%2FrHhg5ymz9JXVpBdVbyq%2BzAhF0S4zKUv7F024KBkA%3D,1,185646,1.59,19.99,1,92.046023,0,Mixed,66,782,495560,1522972800,1790450298,7.0,https://shared.fastly.steamstatic.com/store_item_assets/steam/apps/495560/capsule_231x87.jpg?t=1786018222,2018-04-06 00:00:00+00:00,2018,04/06/18
AMERICANTHEFT80S,American Theft 80s,/game/american-theft-80s/,GiXYgiVurSiw1iwwzfzSg6DWlqDNLOdl6BPlxMLOlSQ%3D,1,247869,1.59,19.99,1,92.046023,0,Mostly Positive,73,1034,1321450,1655251200,1790447814,7.0,https://shared.fastly.steamstatic.com/store_item_assets/steam/apps/1321450/capsule_231x87.jpg?t=1786619479,2022-06-15 00:00:00+00:00,2022,06/15/22
TOWEROFTIME,Tower of Time,/game/tower-of-time/,gguSIDvjtEBR2As2%2FU3Glxf0%2Fjy54H%2F1eY6OEMUsSy8%3D,1,170871,1.99,24.99,1,92.036815,77,Very Positive,83,1397,617480,1523491200,1790882667,9.5,https://shared.fastly.steamstatic.com/store_item_assets/steam/apps/617480/75e6dee24eecc1fb9f7d4f0b0f2b7a3a6ff207a0/capsule_231x87.jpg?t=1789735536,2018-04-12 00:00:00+00:00,2018,04/12/18
ENDZONEAWORLDAPART,Endzone - A World Apart,/game/endzone-a-world-apart/,7oziLMfwaApTb38QpUtOmwKKcOVbDy7ei2vsNYg5%2Fpc%3D,1,211926,1.99,24.99,1,92.036815,72,Mostly Positive,76,3405,933820,1616025600,1790882281,9.3,https://shared.fastly.steamstatic.com/store_item_assets/steam/apps/933820/capsule_231x87.jpg?t=1783351893,2021-03-18 00:00:00+00:00,2021,03/18/21
THETARNISHINGOFJUXTIA,The Tarnishing of Juxtia,/game/the-tarnishing-of-juxtia/,VsTC8z0%2BYqF06yY7JHPfgU6Co%2FA4qHF3yxKRS4u%2FbiE%3D,1,249267,1.99,24.99,1,92.036815,69,Mixed,67,598,1428710,1658793600,1790875163,9.2,https://shared.fastly.steamstatic.com/store_item_assets/steam/apps/1428710/capsule_231x87.jpg?t=1729181401,2022-07-26 00:00:00+00:00,2022,07/26/22
HALFLIFEALYXFINALHOURS,Half-Life: Alyx - Final Hours,/game/half-life-alyx-final-hours/,rvPMMr1btGPLLznKNMhGfDs9ShIelp9PhfRPs744gZk%3D,1,218036,0.71,7.99,1,91.113892,0,Overwhelmingly Positive,95,882,1361700,1594252800,1790883073,5.1,https://shared.fastly.steamstatic.com/store_item_assets/steam/apps/1361700/capsule_231x87.jpg?t=1594481973,2020-07-09 00:00:00+00:00,2020,07/09/20
REFLECTIONOFMINE,Reflection of Mine,/game/reflection-of-mine/,bcZibguPN6q5tg%2BCFMDCkNhykyUJw7K8RqI2P7eWc8Y%3D,1,160965,0.80,8.99,1,91.101224,0,Mostly Positive,75,189,476020,1477353600,1790874629,5.1,https://shared.fastly.steamstatic.com/store_item_assets/steam/apps/476020/4269599b1faaed4df6008508aea5b12fea33a52d/capsule_231x87.jpg?t=1745847725,2016-10-25 00:00:00+00:00,2016,10/25/16
DISTRAINT2,DISTRAINT 2,/game/distraint-2/,%2FzvO2ckLzb%2Fb10rUnlQF64XY0dEltVLrnDZrxc04NK8%3D,1,194363,0.80,8.99,1,91.101224,0,Overwhelmingly Positive,95,677,743390,1542067200,1790886032,5.1,https://shared.fastly.steamstatic.com/store_item_assets/steam/apps/743390/capsule_231x87.jpg?t=1732098854,2018-11-13 00:00:00+00:00,2018,11/13/18
VENETICAGOLDEDITION,Venetica - Gold Edition,,cMMuXUf3yXNszGxh5rKCr2M02zI%2BEfQY3HkUMQRTCJQ%3D,1,141219,0.89,9.99,1,91.091091,0,Very Positive,80,688,338140,0,1790886014,5.1,https://shared.fastly.steamstatic.com/store_item_assets/steam/apps/338140/capsule_231x87.jpg?t=1788521250,1970-01-01 00:00:00+00:00,1970,01/01/70
CAVEBLAZERS,Caveblazers,/game/caveblazers/,4fv8vXDJzXlMG131TtM71H48uCvqwuW9uy7MC9OWXfQ%3D,1,151339,0.89,9.99,1,91.091091,0,Very Positive,86,1577,452060,1495584000,1790882991,5.1,https://shared.fastly.steamstatic.com/store_item_assets/steam/apps/452060/capsule_231x87.jpg?t=1724766962,2017-05-24 00:00:00+00:00,2017,05/24/17
FRAGMENTED,Fragmented,/game/fragmented/,BEpKfZdPxsStz6oSsnE8fb3XTbv%2BmnI5tgl9x2tnkmI%3D,1,152110,0.89,9.99,1,91.091091,0,Mixed,40,1583,441790,1502841600,1790875180,5.1,https://shared.fastly.steamstatic.com/store_item_assets/steam/apps/441790/capsule_231x87.jpg?t=1667141517,2017-08-16 00:00:00+00:00,2017,08/16/17
WHERESMYHELMET,Where's My Helmet?,/game/wheres-my-helmet/,XkQ%2FFzapkq73etEQC%2BUCR9D6NcUZlIrMypqYqWRY4Sg%3D,1,153027,0.89,9.99,1,91.091091,0,Mostly Positive,71,101,470450,1463702400,1790875004,5.1,https://shared.fastly.steamstatic.com/store_item_assets/steam/apps/470450/capsule_231x87.jpg?t=1661093210,2016-05-20 00:00:00+00:00,2016,05/20/16
FATMASK,Fat Mask,/game/fat-mask/,YSqRAYytnsFsIdIoAnFUsamgnmG%2BT5Uqhs2j9dITRcg%3D,1,168911,0.89,9.99,1,91.091091,0,Positive,85,27,516790,1494806400,1790874372,1.1,https://shared.fastly.steamstatic.com/store_item_assets/steam/apps/516790/capsule_231x87.jpg?t=1726581300,2017-05-15 00:00:00+00:00,2017,05/15/17
CRUSHINGBLOW,Crushing Blow,/game/crushing-blow/,j7wWQDG9ifKAlrWEPXIKxyzg8buiuUBvmt4O%2BHA2ifo%3D,1,172053,0.89,9.99,1,91.091091,0,Mixed,47,23,653760,1502755200,1790875845,1.1,https://shared.fastly.steamstatic.com/store_item_assets/steam/apps/653760/capsule_231x87.jpg?t=1664361105,2017-08-15 00:00:00+00:00,2017,08/15/17
FARIWALKTHEPRELUDE,Fariwalk: The Prelude,/game/fariwalk-the-prelude/,%2BwreGdUMBb4pTbDvUFSWz1I1Lb0m6s%2BtEyIb6Zq9C2s%3D,1,175606,0.89,9.99,1,91.091091,0,Mixed,62,67,738560,1511395200,1790875600,1.1,https://shared.fastly.steamstatic.com/store_item_assets/steam/apps/738560/capsule_231x87.jpg?t=1736087458,2017-11-23 00:00:00+00:00,2017,11/23/17
SLICEDICEANDRICE,"Slice, Dice and Rice",/game/slice-dice-and-rice/,ukTK%2B2ubwZICbmUvV8X5O1BZRygaXcL7UdI47zuVLT4%3D,1,168489,0.89,9.99,1,91.091091,0,Mixed,64,600,598450,1493251200,1790875238,5.1,https://shared.fastly.steamstatic.com/store_item_assets/steam/apps/598450/capsule_231x87.jpg?t=1724959213,2017-04-27 00:00:00+00:00,2017,04/27/17
INSTANTDEATH,Instant Death,/game/instant-death/,LTqaBr1Qjr291%2F4hiyi1aZuPzecS3GQ9ySx7ODh0Fxg%3D,1,177369,0.89,9.99,1,91.091091,0,Mostly Positive,75,64,779360,1516579200,1790874637,1.1,https://shared.fastly.steamstatic.com/store_item_assets/steam/apps/779360/capsule_231x87.jpg?t=1736288138,2018-01-22 00:00:00+00:00,2018,01/22/18
TYPICALNIGHTMARE,Typical Nightmare,/game/typical-nightmare/,GOtS%2BSRmd1NyMXYjQ9movOlFdoh5gzjMiNtsPZr%2BWF0%3D,1,191233,0.89,9.99,1,91.091091,0,Mostly Negative,35,74,822650,1534809600,1790878324,1.1,https://shared.fastly.steamstatic.com/store_item_assets/steam/apps/822650/capsule_231x87.jpg?t=1534945758,2018-08-21 00:00:00+00:00,2018,08/21/18
UMFEND,Umfend,/game/umfend/,asQVB%2BS%2BT1I2Rz27T0jbt8ScqqBlt0XdPZoIiEVdWRc%3D,1,194191,0.89,9.99,1,91.091091,0,Very Positive,90,661,779090,1540857600,1790886288,5.1,https://shared.fastly.steamstatic.com/store_item_assets/steam/apps/779090/capsule_231x87.jpg?t=1736087392,2018-10-30 00:00:00+00:00,2018,10/30/18
SPACEBATTLEVR,Space Battle VR,/game/space-battle-vr/,3LGqtvhO9xdFBfSV%2FDVhp3j%2FaGEzZ4gK9b9JRF503W4%3D,1,196397,0.89,9.99,1,91.091091,0,Mixed,65,88,982700,1544745600,1790875252,1.1,https://shared.fastly.steamstatic.com/store_item_assets/steam/apps/982700/capsule_231x87.jpg?t=1750086603,2018-12-14 00:00:00+00:00,2018,12/14/18
GRAVEKEEPER,Grave Keeper,/game/grave-keeper/,9o5IXXjLz%2BeHHY%2BFgO3aAy%2Bb6yeVY%2B0WjtiPx1cKI0M%3D,1,199877,0.89,9.99,1,91.091091,0,Mixed,48,81,979810,1553817600,1790875297,1.1,https://shared.fastly.steamstatic.com/store_item_assets/steam/apps/979810/capsule_231x87.jpg?t=1786634824,2019-03-29 00:00:00+00:00,2019,03/29/19
DOWNTOHELL,Down to Hell,/game/down-to-hell/,l9KSjigq5qOTuhX6PdFhREFX5x3j3GZtp1vfj4Vs5z4%3D,1,200700,0.89,9.99,1,91.091091,0,Mixed,55,58,961040,1567123200,1790875610,1.1,https://shared.fastly.steamstatic.com/store_item_assets/steam/apps/961040/capsule_231x87.jpg?t=1786634823,2019-08-30 00:00:00+00:00,2019,08/30/19
CYBERGUN,Cyber Gun,/game/cyber-gun/,ozpdBE4ouKLt3hzf8mXGK6SpLFjLxzOhKY%2BwDLl93Zs%3D,1,200824,0.89,9.99,1,91.091091,0,Mixed,60,63,1065570,1555977600,1790876056,1.1,https://shared.fastly.steamstatic.com/store_item_assets/steam/apps/1065570/capsule_231x87.jpg?t=1726292739,2019-04-23 00:00:00+00:00,2019,04/23/19
TOPBURGER,Top Burger,/game/top-burger/,jKvylJyqjsENXIRHLM8UPdVSOE2nBq%2B3GaB7ogqLmGo%3D,1,200853,0.89,9.99,1,91.091091,0,Mostly Positive,78,51,1058930,1556064000,1790875074,1.1,https://shared.fastly.steamstatic.com/store_item_assets/steam/apps/1058930/capsule_231x87.jpg?t=1653119669,2019-04-24 00:00:00+00:00,2019,04/24/19
BURNEDLAND,Burned Land,/game/burned-land/,pHDRMdSP%2B4qDqSU%2FmF9wQ72SFa9G7XtICIAhS73egjU%3D,1,201023,0.89,9.99,1,91.091091,0,Mixed,52,95,833170,1628467200,1790875855,1.1,https://shared.fastly.steamstatic.com/store_item_assets/steam/apps/833170/capsule_231x87.jpg?t=1628867025,2021-08-09 00:00:00+00:00,2021,08/09/21
WIRELIPS,Wire Lips,/game/wire-lips/,HzbgfWytX6CIeDVO2S1%2B9EuM46M%2ByJQIM6XJEUgThUs%3D,1,209932,0.89,9.99,1,91.091091,0,Very Positive,87,439,1186220,1579219200,1789756996,3.2,https://shared.fastly.steamstatic.com/store_item_assets/steam/apps/1186220/capsule_231x87.jpg?t=1736087427,2020-01-17 00:00:00+00:00,2020,01/17/20
DRINKMOREGLURP,Drink More Glurp,/game/drink-more-glurp/,Xlb%2FvrViCfDP72BQ86rxY5XS3r2G7j8iA4tGIPdJoKM%3D,1,219029,0.89,9.99,1,91.091091,0,Very Positive,89,194,1056690,1596672000,1790886871,5.1,https://shared.fastly.steamstatic.com/store_item_assets/steam/apps/1056690/capsule_231x87.jpg?t=1724771936,2020-08-06 00:00:00+00:00,2020,08/06/20
CYBERTAXI,CyberTaxi,/game/cybertaxi/,XzAdWxtZj%2BnFF0nkQRXszaxDNN7kYn3JzTt8Zk5jhko%3D,1,222265,0.89,9.99,1,91.091091,0,Mixed,64,178,1420850,1604016000,1790875171,5.1,https://shared.fastly.steamstatic.com/store_item_assets/steam/apps/1420850/capsule_231x87.jpg?t=1786634826,2020-10-30 00:00:00+00:00,2020,10/30/20
BIBASADVENTURESHARDCOREPLATFORMER,Bibas Adventures  Hardcore platformer,,Efi%2B9vvj16rwDMKecC%2F334m%2ByKDzg8RDzTuTKZpyXJU%3D,1,222518,0.89,9.99,1,91.091091,0,Positive,88,25,1197230,0,1790874823,1.1,https://shared.fastly.steamstatic.com/store_item_assets/steam/apps/1197230/capsule_231x87.jpg?t=1678458617,1970-01-01 00:00:00+00:00,1970,01/01/70
ACIIIIIIIIIIIIIIID,ACIIIIIIIIIIIIIIID,/game/aciiiiiiiiiiiiiiid/,5NwaHwrhhe3WkE9XRpEJMjA9ikGmRz0hVHOgl%2F8adjY%3D,1,229833,0.89,9.99,1,91.091091,0,Mostly Positive,76,38,1623380,1620950400,1790874999,1.1,https://shared.fastly.steamstatic.com/store_item_assets/steam/apps/1623380/capsule_231x87.jpg?t=1639281596,2021-05-14 00:00:00+00:00,2021,05/14/21
UNDERWATER,Underwater,/game/underwater/,7GGkQaNa%2BE%2FLliiKhhMutShQuvN%2F4XDLdVvq4LZGFGk%3D,1,230076,0.89,9.99,1,91.091091,0,Mostly Positive,72,62,1629450,1781136000,1790875000,3.2,https://shared.fastly.steamstatic.com/store_item_assets/steam/apps/1676200/capsule_231x87.jpg?t=1775652944,2026-06-11 00:00:00+00:00,2026,06/11/26
ECOHOLE,ECO HOLE,/game/eco-hole/,TpQh4xkt3HEHyQe7DVNRLXNy09rM6URoEgLkOhNCuFY%3D,1,235552,0.89,9.99,1,91.091091,0,Very Positive,88,228,1676870,1633564800,1790886709,5.1,https://shared.fastly.steamstatic.com/store_item_assets/steam/apps/1676870/capsule_231x87.jpg?t=1736089083,2021-10-07 00:00:00+00:00,2021,10/07/21
FARMINGLIFE,Farming Life,/game/farming-life/,cKD3xbJYTZxbGv1PTYoAnaztxr63fD%2Fb31AwRj3%2F4XY%3D,1,235987,0.89,9.99,1,91.091091,0,Mixed,62,169,1031270,1634515200,1790874963,5.1,https://shared.fastly.steamstatic.com/store_item_assets/steam/apps/1031270/capsule_231x87.jpg?t=1788519354,2021-10-18 00:00:00+00:00,2021,10/18/21
RECONCONTROL,Recon Control,/game/recon-control/,oi%2F%2F%2FzyKyFvmuljV6CaGuJ8CsO%2BgcwHtoOylk%2FBr6Tg%3D,1,236744,0.89,9.99,1,91.091091,0,Mostly Positive,79,97,1491510,1635984000,1790874633,1.1,https://shared.fastly.steamstatic.com/store_item_assets/steam/apps/1491510/capsule_231x87.jpg?t=1789477839,2021-11-04 00:00:00+00:00,2021,11/04/21
IRONSMITHMEDIEVALSIMULATOR,Ironsmith Medieval Simulator,/game/ironsmith-medieval-simulator/,bM%2FK5m2DPBnNIPLdXZU8YtNO1P2gZXVwdKGP7PZoUa4%3D,1,241752,0.89,9.99,1,91.091091,0,Mostly Negative,26,214,978700,1646784000,1790878252,5.1,https://shared.fastly.steamstatic.com/store_item_assets/steam/apps/978700/capsule_231x87.jpg?t=1724958115,2022-03-09 00:00:00+00:00,2022,03/09/22
AMPERSAT,Ampersat,/game/ampersat/,DYJe9%2BuJcCAVlWN%2FdZbT7F2DSRC036xbVRGaLKgUH%2B8%3D,1,245599,0.89,9.99,1,91.091091,0,Very Positive,84,112,1356040,1651795200,1790886584,5.1,https://shared.fastly.steamstatic.com/store_item_assets/steam/apps/1356040/capsule_231x87.jpg?t=1788287653,2022-05-06 00:00:00+00:00,2022,05/06/22
ASHINATHEREDWITCH,Ashina: The Red Witch,/game/ashina-the-red-witch/,TGf7L3NjJ3RnDPNqhNyNui8%2FH72zGLmPS951wOUlYKs%3D,1,247488,0.89,9.99,1,91.091091,0,Very Positive,90,164,1259140,1654300800,1790886799,5.1,https://shared.fastly.steamstatic.com/store_item_assets/steam/apps/1259140/capsule_231x87.jpg?t=1788287686,2022-06-04 00:00:00+00:00,2022,06/04/22
CITYEYE,City Eye,/game/city-eye/,S8QpgnqM1p0Yw0VYBTt4MjJDORJQYgdz6rYhuT%2BwSB4%3D,1,249874,0.89,9.99,1,91.091091,58,Mostly Negative,32,73,759080,1660262400,1790878279,4.8,https://shared.fastly.steamstatic.com/store_item_assets/steam/apps/759080/capsule_231x87.jpg?t=1733297801,2022-08-12 00:00:00+00:00,2022,08/12/22
THEDEVILRYRESERVATION,The Devilry Reservation,/game/the-devilry-reservation/,PHsY8x0EUT%2BzFDpKTo09S7USwYf7u0KI8BAq%2FGpBrao%3D,1,258028,0.89,9.99,1,91.091091,0,Very Positive,89,66,2309630,1677974400,1790887007,1.1,https://shared.fastly.steamstatic.com/store_item_assets/steam/apps/2309630/02d4ad224f7b3ff738da27f5aa9b596bb71b4a67/capsule_231x87.jpg?t=1768140857,2023-03-05 00:00:00+00:00,2023,03/05/23
FARMERSFATHERSAVETHEINNOCENCE,Farmers Father: Save the Innocence,/game/farmers-father-save-the-innocence/,c04kHEjwpPrwTR1TNUyuzh%2B5HFgF%2BHHy4LcaleNmWHw%3D,1,258932,0.89,9.99,1,91.091091,0,Mostly Negative,36,191,1905980,1693526400,1790878141,5.1,https://shared.fastly.steamstatic.com/store_item_assets/steam/apps/1905980/capsule_231x87.jpg?t=1789069903,2023-09-01 00:00:00+00:00,2023,09/01/23
KINGDOMOFWRECKBUSINESS,Kingdom of Wreck Business,/game/kingdom-of-wreck-business/,zxSmmH128Vjol5MU4bsriVyb6VEl1Yd9AeOv79ulCjk%3D,1,264877,0.89,9.99,1,91.091091,0,Mostly Negative,31,127,1367040,1686873600,1790878250,5.1,https://shared.fastly.steamstatic.com/store_item_assets/steam/apps/1367040/capsule_231x87.jpg?t=1688630546,2023-06-16 00:00:00+00:00,2023,06/16/23
HAMMEROFVIRTUE,Hammer of Virtue,/game/hammer-of-virtue/,n%2BrXcv1wuLCiqkqqWypE3V6OuZvos%2F7Y7BBxq34bBzk%3D,1,269603,0.89,9.99,1,91.091091,0,Mixed,43,30,1840820,1691366400,1790875703,1.1,https://shared.fastly.steamstatic.com/store_item_assets/steam/apps/1840820/capsule_231x87.jpg?t=1694185036,2023-08-07 00:00:00+00:00,2023,08/07/23
PAINTERSIMULATOR,Painter Simulator,/game/painter-simulator/,j2a9JWdV4mrxciczcaSIOiWSNRpn%2FMI5bjfqSmSbtXk%3D,1,257952,0.89,9.99,1,91.091091,0,Mixed,69,46,2052780,1698624000,1790875000,1.1,https://shared.fastly.steamstatic.com/store_item_assets/steam/apps/2052780/capsule_231x87.jpg?t=1789070417,2023-10-30 00:00:00+00:00,2023,10/30/23
HOUSEBUILDERVR,House Builder VR,/game/house-builder-vr/,4jdRy2Bs8NWTTZc3ZtJYR5eIUpNy%2F1fyhXM0LIG9NPA%3D,1,258052,0.89,9.99,1,91.091091,0,Negative,10,28,2052760,1678060800,1790878281,1.1,https://shared.fastly.steamstatic.com/store_item_assets/steam/apps/2052760/capsule_231x87.jpg?t=1786744542,2023-03-06 00:00:00+00:00,2023,03/06/23
AQUARISTVR,Aquarist VR,/game/aquarist-vr/,XFQ9XEQljdZtqf4Odvh3R1EBcBeaUUCL63qZgDq%2BhPg%3D,1,254490,0.89,9.99,1,91.091091,0,Mixed,44,29,2052770,1701648000,1790874837,1.1,https://shared.fastly.steamstatic.com/store_item_assets/steam/apps/2052770/capsule_231x87.jpg?t=1785691863,2023-12-04 00:00:00+00:00,2023,12/04/23
FANTASYIDLEDUNGEON,Fantasy Idle Dungeon,/game/fantasy-idle-dungeon/,mfQfRejGbyZfovG9DdnwTrECx%2BAh6rRevwLlIgaXnQ4%3D,1,312850,0.89,9.99,1,91.091091,0,Mostly Positive,70,804,3424610,1764720000,1789673813,4.3,https://shared.fastly.steamstatic.com/store_item_assets/steam/apps/3424610/efbcea7098c150618d1b220fae1b7b08c56ffe59/capsule_231x87.jpg?t=1790135976,2025-12-03 00:00:00+00:00,2025,12/03/25
HORRORSTORIES,Horror Stories,/game/horror-stories/,Qt0AoyzD0h6JvxoZWwJIN3MgkxcC8HLKg8ACJMpu3So%3D,1,326372,0.89,9.99,1,91.091091,0,Mixed,50,20,1028820,1550707200,1790875426,1.1,https://shared.fastly.steamstatic.com/store_item_assets/steam/apps/1028820/capsule_231x87.jpg?t=1649094858,2019-02-21 00:00:00+00:00,2019,02/21/19
NIGHTMYSTERIESTHEAMPHORAPRISONER,Night Mysteries: The Amphora Prisoner,/game/night-mysteries-the-amphora-prisoner/,CIMPHy61BPtS6muRUnA9vWt3i5yX1TyyYqUw2wKSJF8%3D,1,104776,0.98,10.99,1,91.082803,0,Mixed,63,90,348870,1375315200,1790875714,1.1,https://shared.fastly.steamstatic.com/store_item_assets/steam/apps/348870/capsule_231x87.jpg?t=1782167424,2013-08-01 00:00:00+00:00,2013,08/01/13
WORLDSOFMAGIC,Worlds of Magic,/game/worlds-of-magic/,ilmBsE7qnqc%2FV4Y%2F1VMnkVelmi6AHF0tvTG1lLZvqUc%3D,1,126234,1.07,11.99,1,91.075897,52,Mixed,46,415,265970,1411171200,1790875240,8.6,https://shared.fastly.steamstatic.com/store_item_assets/steam/apps/265970/capsule_231x87.jpg?t=1782162820,2014-09-20 00:00:00+00:00,2014,09/20/14
VIRTUALREALITYGIRLS,Virtual Reality Girls,/game/virtual-reality-girls/,rNCrUL280vwbS3rAQ1GUxfPqkg7%2BGG%2F13ftGpy8Z9QM%3D,1,176209,1.07,11.99,1,91.075897,0,Mixed,47,36,752050,1511568000,1790875735,1.1,https://shared.fastly.steamstatic.com/store_item_assets/steam/apps/752050/capsule_231x87.jpg?t=1607623868,2017-11-25 00:00:00+00:00,2017,11/25/17
FIRELIGHTFANTASYRESISTANCE,Firelight Fantasy: Resistance,/game/firelight-fantasy-resistance/,dYNaZ4EZRZwnhpRJqDWYPKbeMGg7UkQGEnksDnjQoRA%3D,1,227791,1.07,11.99,1,91.075897,0,Mostly Positive,77,166,1558490,1625961600,1790875084,5.1,https://shared.fastly.steamstatic.com/store_item_assets/steam/apps/1558490/a27bbb38acab8a1fdd50f1c6ab24d57c6bf484e0/capsule_231x87.jpg?t=1778621101,2021-07-11 00:00:00+00:00,2021,07/11/21
FIRELIGHTFANTASYFORCEENERGY,Firelight Fantasy: Force Energy,/game/firelight-fantasy-force-energy/,v4kx5rCtH2PDJSXyapP5LEWPlIAhqyIISjzlp7lT0yQ%3D,1,231004,1.07,11.99,1,91.075897,0,Mostly Positive,78,141,1619330,1645142400,1790874965,5.1,https://shared.fastly.steamstatic.com/store_item_assets/steam/apps/1619330/8bfdd29c4a2def64a9101393cb8c5114d21699b0/capsule_231x87.jpg?t=1757179312,2022-02-18 00:00:00+00:00,2022,02/18/22
SWORDSFANTASYBATTLEFIELD,Swords Fantasy: Battlefield,/game/swords-fantasy-battlefield/,Fva2AruGAV4hu3cO2s%2Fsq1qNSGX5CvZoE61h1HTKqV0%3D,1,258060,1.07,11.99,1,91.075897,0,Mostly Positive,78,167,1916280,1773705600,1790875341,6.8,https://shared.fastly.steamstatic.com/store_item_assets/steam/apps/1916280/059825125792eb55bf5181808326b6fd6cce03e9/capsule_231x87.jpg?t=1747815264,2026-03-17 00:00:00+00:00,2026,03/17/26
FRIGATOSHADOWSOFTHECARIBBEAN,Frigato: Shadows of the Caribbean,/game/frigato-shadows-of-the-caribbean/,P%2BHkRpRm6LBSv9%2F4xIcv%2BAj3Y9LJRSQ7lJcwKozMnoQ%3D,1,263212,1.07,11.99,1,91.075897,0,Mostly Negative,30,49,1667750,1693526400,1790878246,1.1,https://shared.fastly.steamstatic.com/store_item_assets/steam/apps/1667750/capsule_231x87.jpg?t=1789070026,2023-09-01 00:00:00+00:00,2023,09/01/23
BURIEDALIVEBREATHLESSRESCUE,Buried Alive: Breathless Rescue,/game/buried-alive-breathless-rescue/,yLLgDCcd592EqKukp5bi2HaLaaGN8qWXY3CkwjmBQwU%3D,1,279749,1.16,12.99,1,91.070054,0,Mixed,63,36,2475400,1702339200,1790875412,1.1,https://shared.fastly.steamstatic.com/store_item_assets/steam/apps/2475400/capsule_231x87.jpg?t=1732528850,2023-12-12 00:00:00+00:00,2023,12/12/23
FIRELIGHTFANTASYPHOENIXCREW,Firelight Fantasy: Phoenix Crew,/game/firelight-fantasy-phoenix-crew/,1%2BRNrDOawopk%2FYVas0el%2B3OvjCAWs0lAJH9tdEO8QEI%3D,1,228873,1.25,13.99,1,91.065046,0,Mostly Positive,78,173,1595000,1755475200,1790874960,0.0,https://shared.fastly.steamstatic.com/store_item_assets/steam/apps/1595000/4acbd396508ce8c7667acf1a953d383b08974140/capsule_231x87.jpg?t=1747813774,2025-08-18 00:00:00+00:00,2025,08/18/25
FIRELIGHTFANTASYVENGEANCE,Firelight Fantasy: Vengeance,/game/firelight-fantasy-vengeance/,eZVJwyvAw2Th%2BgdzpRjkQVtnFP8QpHwebcmuCBwQq8E%3D,1,239476,1.25,13.99,1,91.065046,0,Mostly Positive,79,143,1668780,1734566400,1790874827,5.1,https://shared.fastly.steamstatic.com/store_item_assets/steam/apps/1668780/2df34c6b81e79e3cd8d1e49a8e45ccb8e81f7cb9/capsule_231x87.jpg?t=1747812302,2024-12-19 00:00:00+00:00,2024,12/19/24
SOULBLIGHT,Soulblight,/game/soulblight/,x7kf%2FyeGhZ%2BMT9RULfrXjG%2BUqWd4VIcWm%2B3AyVuwy6g%3D,1,181110,1.34,14.99,1,91.060707,0,Mixed,50,51,530930,1521072000,1790875441,1.1,https://shared.fastly.steamstatic.com/store_item_assets/steam/apps/530930/capsule_231x87.jpg?t=1765282627,2018-03-15 00:00:00+00:00,2018,03/15/18
PRODIGAL,Prodigal,/game/prodigal/,F1bo3gBhAhIsl6H20Z6vByvxlxv7uryq877uJFWgDmA%3D,1,221546,1.34,14.99,1,91.060707,0,Very Positive,91,587,1393820,1602720000,1790882710,5.1,https://shared.fastly.steamstatic.com/store_item_assets/steam/apps/1393820/capsule_231x87.jpg?t=1790179793,2020-10-15 00:00:00+00:00,2020,10/15/20
THIEFSIMULATOR,Thief Simulator,/game/thief-simulator/,cWJx2npu%2B18hLlxGy%2BSXTEB03HQD2Yy2XbETGFDv2EM%3D,1,194711,1.79,19.99,1,91.045523,0,Very Positive,88,11420,704850,1541721600,1790447035,6.9,https://shared.fastly.steamstatic.com/store_item_assets/steam/apps/704850/capsule_231x87.jpg?t=1787754373,2018-11-09 00:00:00+00:00,2018,11/09/18
THIEFSIMULATORVR,Thief Simulator VR,/game/thief-simulator-vr/,UcmSG0EV4k16OiOqBLjgfUcO87MtYrCOUQyl5T3sgiU%3D,1,207128,1.79,19.99,1,91.045523,0,Mixed,69,1367,1019550,1604534400,1790450056,6.9,https://shared.fastly.steamstatic.com/store_item_assets/steam/apps/1019550/capsule_231x87.jpg?t=1777979166,2020-11-05 00:00:00+00:00,2020,11/05/20
INTOTHEFLAMES,Into The Flames,/game/into-the-flames/,OJMoeNEI5D2c5atLHoDD30RwFmPIoKofRriKs5oCX0s%3D,1,216380,1.79,19.99,1,91.045523,0,Very Positive,80,1554,1222300,1673308800,1790447255,6.9,https://shared.fastly.steamstatic.com/store_item_assets/steam/apps/1222300/capsule_231x87.jpg?t=1783340148,2023-01-10 00:00:00+00:00,2023,01/10/23
FIGHTKNIGHT,FIGHT KNIGHT,/game/fight-knight/,wR81%2F7xaiyn%2B%2FedZIOqN599bIdiwRbL62GWOs8O%2FxmE%3D,1,237823,1.79,19.99,1,91.045523,0,Very Positive,91,1552,792120,1638230400,1790882542,7.7,https://shared.fastly.steamstatic.com/store_item_assets/steam/apps/792120/capsule_231x87.jpg?t=1667599530,2021-11-30 00:00:00+00:00,2021,11/30/21
OVERCASTWALDENANDTHEWEREWOLF,Overcast - Walden and the Werewolf,/game/overcast-walden-and-the-werewolf/,rX1GSxbLd7g0D00yNnlxjN0NDajA3Sv1nFaAqqDVQ9I%3D,1,102977,0.49,4.99,1,90.180361,0,Mixed,61,1236,293180,1382054400,1790875459,5.1,https://shared.fastly.steamstatic.com/store_item_assets/steam/apps/293180/capsule_231x87.jpg?t=1637951975,2013-10-18 00:00:00+00:00,2013,10/18/13
DEADBITS,Dead Bits,/game/dead-bits/,dOW%2Fz0Tw5oewgNsB%2FlZLpBmR%2Bo38yP8SIkegOn7sjxE%3D,1,102966,0.49,4.99,1,90.180361,0,Mixed,50,1394,303390,1382486400,1790875623,5.1,https://shared.fastly.steamstatic.com/store_item_assets/steam/apps/303390/capsule_231x87.jpg?t=1652177901,2013-10-23 00:00:00+00:00,2013,10/23/13
ERON,Eron,/game/eron/,CaQsJTrl0zJg4GZj5ALq%2FVGT%2F2k8i7iG97NuJgmK5xY%3D,1,142500,0.49,4.99,1,90.180361,0,Mixed,65,236,356880,1426550400,1790875733,5.1,https://shared.fastly.steamstatic.com/store_item_assets/steam/apps/356880/capsule_231x87.jpg?t=1613074049,2015-03-17 00:00:00+00:00,2015,03/17/15
UBERMOSH,UBERMOSH,/game/ubermosh/,8QFqQYkOJmxLo9J4sQdwo8nIes0WSV%2FqiVbG3jBzPIM%3D,1,142868,0.49,4.99,1,90.180361,0,Very Positive,94,3807,357070,1439424000,1789929137,3.5,https://shared.fastly.steamstatic.com/store_item_assets/steam/apps/357070/capsule_231x87.jpg?t=1699491220,2015-08-13 00:00:00+00:00,2015,08/13/15
REDLAKE,Red Lake,/game/red-lake/,1PH0clMYZaM9dS19saefpxjHS2RE6jqW%2FmMnP2j3cKU%3D,1,142869,0.49,4.99,1,90.180361,0,Mixed,47,716,357290,1427241600,1790875474,5.1,https://shared.fastly.steamstatic.com/store_item_assets/steam/apps/357290/capsule_231x87.jpg?t=1770747636,2015-03-25 00:00:00+00:00,2015,03/25/15
THEUNDYINGPLAGUE,The Undying Plague,/game/the-undying-plague/,U7IMVfAipva96PtXD%2B%2B%2F1byr13Ik3eblGmGVIUBQIUE%3D,1,143182,0.49,4.99,1,90.180361,0,Mixed,45,121,349440,1428624000,1790875770,5.1,https://shared.fastly.steamstatic.com/store_item_assets/steam/apps/349440/capsule_231x87.jpg?t=1686426662,2015-04-10 00:00:00+00:00,2015,04/10/15
THESHELTERED,The Sheltered,/game/the-sheltered/,VlMxxbMblrcRZMZo3lBa3zeE4JcZaKm76EmAumRyil0%3D,1,140362,0.49,4.99,1,90.180361,0,Mixed,65,44,364370,1417219200,1790875485,1.1,https://shared.fastly.steamstatic.com/store_item_assets/steam/apps/364370/capsule_231x87.jpg?t=1686693939,2014-11-29 00:00:00+00:00,2014,11/29/14
ALTERWORLD,Alter World,/game/alter-world/,7v4bf0GVPHWmDPxficZ2BuHhHJXOBbcsG0VAC3ZNVFQ%3D,1,144145,0.49,4.99,1,90.180361,0,Mostly Positive,76,133,357280,1432857600,1790874964,5.1,https://shared.fastly.steamstatic.com/store_item_assets/steam/apps/357280/capsule_231x87.jpg?t=1784050563,2015-05-29 00:00:00+00:00,2015,05/29/15
LIFTIT,Lift It,/game/lift-it/,8WGk%2FvC64Cdi9wbGwNHeld5%2FQkLQF4x5R8M2Cu8uWLw%3D,1,146251,0.49,4.99,1,90.180361,0,Mixed,69,89,402220,1443484800,1790793278,0.9,https://shared.fastly.steamstatic.com/store_item_assets/steam/apps/402220/capsule_231x87.jpg?t=1484940879,2015-09-29 00:00:00+00:00,2015,09/29/15
KRUMEDGEOFDARKNESS,KRUM - Edge Of Darkness,/game/krum-edge-of-darkness/,ksDXt3yDQrTqn4F85yltlZEJPb4B1P4CyZxBQ7TbVN4%3D,1,147176,0.49,4.99,1,90.180361,0,Mixed,61,136,420210,1448323200,1790875602,5.1,https://shared.fastly.steamstatic.com/store_item_assets/steam/apps/420210/capsule_231x87.jpg?t=1662990429,2015-11-24 00:00:00+00:00,2015,11/24/15
SHIPLORD,ShipLord,/game/shiplord/,16mlfA3uVJU9tbEbyJzVJ29J4xRJ0kYeOyDFQuwQYA4%3D,1,147290,0.49,4.99,1,90.180361,0,Mixed,48,124,422250,1449014400,1790875684,5.1,https://shared.fastly.steamstatic.com/store_item_assets/steam/apps/422250/capsule_231x87.jpg?t=1613074194,2015-12-02 00:00:00+00:00,2015,12/02/15
EIGHTMINIRACERS,Eight Mini Racers,/game/eight-mini-racers/,inGwHR%2F%2FVd3vhLJd%2Bqdao%2BDbMRoJxD2BFPYBevOF%2BVw%3D,1,147908,0.49,4.99,1,90.180361,0,Mixed,64,73,434890,1452556800,1790875738,1.1,https://shared.fastly.steamstatic.com/store_item_assets/steam/apps/434890/capsule_231x87.jpg?t=1613074003,2016-01-12 00:00:00+00:00,2016,01/12/16
UBERMOSHBLACK,UBERMOSH:BLACK,/game/ubermoshblack/,l46ASJOjAkSUJKRZKFeqsWPl5iVL3Hli7OuTY0elBeM%3D,1,150029,0.49,4.99,1,90.180361,0,Very Positive,94,1062,444940,1455667200,1788720675,1.5,https://shared.fastly.steamstatic.com/store_item_assets/steam/apps/444940/capsule_231x87.jpg?t=1699491285,2016-02-17 00:00:00+00:00,2016,02/17/16
ROCKNROLLDEFENSE,Rock 'N' Roll Defense,/game/rock-n-roll-defense/,fjrWVOpd1HSohV6AeUbZ59Smh6hWNX1jBBPdJpS0LY8%3D,1,150203,0.49,4.99,1,90.180361,0,Very Positive,83,1098,438480,1456185600,1790098706,3.8,https://shared.fastly.steamstatic.com/store_item_assets/steam/apps/438480/capsule_231x87.jpg?t=1762262438,2016-02-23 00:00:00+00:00,2016,02/23/16
ASTEROIDBOUNTYHUNTER,Asteroid Bounty Hunter,/game/asteroid-bounty-hunter/,mlBKEoe8XUH%2BS4Vp00tZjG0%2FD%2FqQWLT4qU94m9EBzUE%3D,1,150221,0.49,4.99,1,90.180361,0,Mixed,61,240,444220,1456272000,1790875697,5.1,https://shared.fastly.steamstatic.com/store_item_assets/steam/apps/444220/capsule_231x87.jpg?t=1784050794,2016-02-24 00:00:00+00:00,2016,02/24/16
SIXTIETHKILOMETER,Sixtieth Kilometer,/game/sixtieth-kilometer/,NnLhBkvYXmc2aMjfEOXAW48naluQIhfL8iztOSxgsy0%3D,1,150608,0.49,4.99,1,90.180361,0,Mostly Positive,78,1439,448780,1456790400,1790874651,5.1,https://shared.fastly.steamstatic.com/store_item_assets/steam/apps/448780/capsule_231x87.jpg?t=1770746961,2016-03-01 00:00:00+00:00,2016,03/01/16
REDRISK,Red Risk,/game/red-risk/,wszMGNRpBH%2BFW3GUkCP4jWStrXC7br59UOHqlA2SYTI%3D,1,150756,0.49,4.99,1,90.180361,0,Mixed,56,349,448070,1457049600,1790875604,5.1,https://shared.fastly.steamstatic.com/store_item_assets/steam/apps/448070/capsule_231x87.jpg?t=1637952072,2016-03-04 00:00:00+00:00,2016,03/04/16
CUBELANDARENA,Cube Land Arena,/game/cube-land-arena/,e3a8l%2BPmC43cEBVfB2opsTM1OPHHO78q9ggmBob4s%2FI%3D,1,151267,0.49,4.99,1,90.180361,0,Mixed,66,279,450850,1552003200,1789842548,3.3,https://shared.fastly.steamstatic.com/store_item_assets/steam/apps/450850/capsule_231x87.jpg?t=1738797927,2019-03-08 00:00:00+00:00,2019,03/08/19
RISEOFTHEANCIENTS,Rise of the Ancients,/game/rise-of-the-ancients/,9ReuzH6U%2FYMPj1Ik2dtx1Owv3MisuHeLJ7LYH0EmGNc%3D,1,153175,0.49,4.99,1,90.180361,0,Mixed,42,293,485950,1464652800,1790875710,5.1,https://shared.fastly.steamstatic.com/store_item_assets/steam/apps/485950/capsule_231x87.jpg?t=1770747898,2016-05-31 00:00:00+00:00,2016,05/31/16
CALLOFTHEMIGHTYWARRIORS,Call Of The Mighty Warriors,/game/call-of-the-mighty-warriors/,JuZWMxMgN6r%2Bjm6fGVoGtVLtglUpua%2BcwadZDDALY%2FM%3D,1,153256,0.49,4.99,1,90.180361,0,Mixed,60,295,485440,1551484800,1790875130,5.1,https://shared.fastly.steamstatic.com/store_item_assets/steam/apps/485440/capsule_231x87.jpg?t=1738797880,2019-03-02 00:00:00+00:00,2019,03/02/19
SMITHY,Smithy,/game/smithy/,yX%2FDj8H8KoP63YOUl7BSIeCEqJgtc%2BCCb38AMQs3GUE%3D,1,153326,0.49,4.99,1,90.180361,0,Mostly Positive,77,106,485500,1464912000,1790874949,5.1,https://shared.fastly.steamstatic.com/store_item_assets/steam/apps/485500/capsule_231x87.jpg?t=1613074189,2016-06-03 00:00:00+00:00,2016,06/03/16
NINJASTEALTH,Ninja Stealth,/game/ninja-stealth/,rf%2FCGL6nJnj6vn6DYMT5XVkR%2FJyUtE%2FIgTTsGKh9GDg%3D,1,153336,0.49,4.99,1,90.180361,0,Mostly Positive,76,912,485450,1475107200,1790280200,4.1,https://shared.fastly.steamstatic.com/store_item_assets/steam/apps/485450/capsule_231x87.jpg?t=1738797912,2016-09-29 00:00:00+00:00,2016,09/29/16
DRIFTSTREETSJAPAN,Drift Streets Japan,/game/drift-streets-japan/,FRD8HQPp1qiF0YzBc8fhxZ25w05wonhTsRcClHHxooo%3D,1,154071,0.49,4.99,1,90.180361,0,Mixed,60,1424,412880,1450656000,1790875121,5.1,https://shared.fastly.steamstatic.com/store_item_assets/steam/apps/412880/capsule_231x87.jpg?t=1774212734,2015-12-21 00:00:00+00:00,2015,12/21/15
STRANGENIGHT,Strange Night,/game/strange-night/,NYpuqySEQvTKTK5m3x97ghoOQopZm7vWx0Zpz7NT7ws%3D,1,155303,0.49,4.99,1,90.180361,0,Mixed,57,334,496640,1469491200,1790875317,5.1,https://shared.fastly.steamstatic.com/store_item_assets/steam/apps/496640/capsule_231x87.jpg?t=1727006851,2016-07-26 00:00:00+00:00,2016,07/26/16
FLYANDDESTROY,Fly and Destroy,/game/fly-and-destroy/,KcFthmQtcczhg8lIxE8IfCIysw2mtaXN7WP3r8%2FVSSs%3D,1,155383,0.49,4.99,1,90.180361,0,Mixed,64,151,508180,1469750400,1790875714,5.1,https://shared.fastly.steamstatic.com/store_item_assets/steam/apps/508180/capsule_231x87.jpg?t=1696797061,2016-07-29 00:00:00+00:00,2016,07/29/16
UBERMOSHVOL3,UBERMOSH Vol.3,/game/ubermosh-vol3/,ytV5qpp33mVrhn2M9E1TuCg2uJtByIdB%2BnSK74BLTXA%3D,1,157473,0.49,4.99,1,90.180361,0,Very Positive,92,1625,515570,1471219200,1788720666,1.5,https://shared.fastly.steamstatic.com/store_item_assets/steam/apps/515570/capsule_231x87.jpg?t=1699491334,2016-08-15 00:00:00+00:00,2016,08/15/16
BOXMAZE,Box Maze,/game/box-maze/,VSbKP%2B6UOqiokBr9BoAh59t0PEEo6FNIkqDukQa0X20%3D,1,158452,0.49,4.99,1,90.180361,0,Mostly Positive,73,217,512020,1488499200,1790874852,5.1,https://shared.fastly.steamstatic.com/store_item_assets/steam/apps/512020/capsule_231x87.jpg?t=1784051359,2017-03-03 00:00:00+00:00,2017,03/03/17
MYFIGHT,MY FIGHT,/game/pc/my-fight,RARs8JorcJ%2FlRjtYHUJ7L4lR%2BlQl0tvaUonhomIx83c%3D,1,159662,0.49,4.99,1,90.180361,0,Mixed,52,50,526290,1474848000,1790875352,1.1,https://shared.fastly.steamstatic.com/store_item_assets/steam/apps/526290/capsule_231x87.jpg?t=1528225518,2016-09-26 00:00:00+00:00,2016,09/26/16
SLEEPINGVALLEY,Sleeping Valley,/game/sleeping-valley/,%2Bzghrwvgi%2BnGfuM5MTAkVO8KV%2BuZ8MjbIiZKFntQ490%3D,1,159950,0.49,4.99,1,90.180361,0,Mixed,41,105,538590,1475884800,1790875717,5.1,https://shared.fastly.steamstatic.com/store_item_assets/steam/apps/538590/capsule_231x87.jpg?t=1682525448,2016-10-08 00:00:00+00:00,2016,10/08/16
RAZORTRON2000,Razortron 2000,/game/razortron-2000/,FwaaZuT%2BOoAmujAQ0HThbonYC3oiS3Oty9smx8EzZLg%3D,1,160180,0.49,4.99,1,90.180361,0,Very Positive,87,1086,539720,1476403200,1790101379,3.8,https://shared.fastly.steamstatic.com/store_item_assets/steam/apps/539720/capsule_231x87.jpg?t=1762262907,2016-10-14 00:00:00+00:00,2016,10/14/16
HOVERHAZARD,Hover Hazard,/game/hover-hazard/,7XxP40j6LhsDgSo8Wnu%2FY55%2BB%2FfjiIJC2sGOejBgXhg%3D,1,160764,0.49,4.99,1,90.180361,0,Mixed,62,51,545470,1477008000,1790875731,1.1,https://shared.fastly.steamstatic.com/store_item_assets/steam/apps/545470/capsule_231x87.jpg?t=1613074112,2016-10-21 00:00:00+00:00,2016,10/21/16
DARKNESSAHEAD,Darkness Ahead,/game/darkness-ahead/,m%2FIEVshPQFP5ROKmS1GZhSW%2FD55gH3KmN1iVDEPbF6A%3D,1,161519,0.49,4.99,1,90.180361,0,Mixed,54,86,547710,1478044800,1790875704,1.1,https://shared.fastly.steamstatic.com/store_item_assets/steam/apps/547710/capsule_231x87.jpg?t=1784075856,2016-11-02 00:00:00+00:00,2016,11/02/16
PROJECTLOUNGE,Project Lounge,/game/project-lounge/,dP4lMIfn%2BtSTmM6JpZahXt2iUY4Hgnotcg3kih%2BzObo%3D,1,161601,0.49,4.99,1,90.180361,0,Mixed,69,73,508710,1478131200,1790875615,1.1,https://shared.fastly.steamstatic.com/store_item_assets/steam/apps/508710/capsule_231x87.jpg?t=1625839051,2016-11-03 00:00:00+00:00,2016,11/03/16
PAINTEDMEMORIES,Painted Memories,/game/painted-memories/,j98F13UMdigS8vETzQcnmuCgOv6zpMtQrktpKHv1ZyQ%3D,1,161614,0.49,4.99,1,90.180361,0,Mostly Positive,70,57,542930,1478131200,1790874927,1.1,https://shared.fastly.steamstatic.com/store_item_assets/steam/apps/542930/capsule_231x87.jpg?t=1633510870,2016-11-03 00:00:00+00:00,2016,11/03/16
BUILDMORECUBES,BuildMoreCubes,/game/buildmorecubes/,Jth16rPQvvpROYH2c1PUd905M88W2dpimWqYbiyQGS0%3D,1,162879,0.49,4.99,1,90.180361,0,Mostly Positive,72,111,557190,1479686400,1790874638,5.1,https://shared.fastly.steamstatic.com/store_item_assets/steam/apps/557190/capsule_231x87.jpg?t=1784073742,2016-11-21 00:00:00+00:00,2016,11/21/16
CHARLIESADVENTURE,Charlie's Adventure,/game/charlies-adventure/,Do0smqsGiM1zzagkicGNoEIuZinJUYXOLW4LpbPm3e0%3D,1,163359,0.49,4.99,1,90.180361,0,Mixed,68,194,556870,1480377600,1790875720,5.1,https://shared.fastly.steamstatic.com/store_item_assets/steam/apps/556870/capsule_231x87.jpg?t=1790780224,2016-11-29 00:00:00+00:00,2016,11/29/16
PLANESBULLETSANDVODKA,"Planes, Bullets and Vodka",/game/planes-bullets-and-vodka/,QmG0mmjHo3yWZSbxRDPUW4qgyAMjW8R2sIasJ5Igl2o%3D,1,164053,0.49,4.99,1,90.180361,0,Very Positive,85,949,562360,1481587200,1790102026,3.8,https://shared.fastly.steamstatic.com/store_item_assets/steam/apps/562360/capsule_231x87.jpg?t=1762262867,2016-12-13 00:00:00+00:00,2016,12/13/16
THEAGONY,The Agony,/game/the-agony/,58M%2Fs8wUoNcwF%2BA0HT8Hwcq8KxZVoM2pbvO6OO4zEbE%3D,1,164126,0.49,4.99,1,90.180361,0,Mixed,58,251,568720,1497398400,1790875720,5.1,https://shared.fastly.steamstatic.com/store_item_assets/steam/apps/568720/5bf75e94fb4f704dbed7192cd30b772431c415e4/capsule_231x87.jpg?t=1770748003,2017-06-14 00:00:00+00:00,2017,06/14/17
RIVAISEMBATALHA,Rivais Em Batalha,/game/rivais-em-batalha/,msHoZsbIny0NP%2BYR3nYw4zPf9T7WVONmBeE0fvvaa8k%3D,1,164643,0.49,4.99,1,90.180361,0,Mostly Positive,73,57,493820,1483056000,1790874985,1.1,https://shared.fastly.steamstatic.com/store_item_assets/steam/apps/493820/capsule_231x87.jpg?t=1662990432,2016-12-30 00:00:00+00:00,2016,12/30/16
UBERMOSHWRAITH,UBERMOSH:WRAITH,/game/ubermoshwraith/,dJhZveBp%2BWvnNA3ZPSsoIZaw1cOIwSZLdurrQ7%2BBgnA%3D,1,165486,0.49,4.99,1,90.180361,0,Very Positive,93,1630,586350,1485648000,1788720382,1.5,https://shared.fastly.steamstatic.com/store_item_assets/steam/apps/586350/capsule_231x87.jpg?t=1699491375,2017-01-29 00:00:00+00:00,2017,01/29/17
NINJASTEALTH2,Ninja Stealth 2,/game/ninja-stealth-2/,r%2BbUQMdXW154xEymw6K7jOwkH5to%2FbiiUcCJP2e9KQw%3D,1,165519,0.49,4.99,1,90.180361,0,Mixed,69,669,585830,1485734400,1790715279,4.8,https://shared.fastly.steamstatic.com/store_item_assets/steam/apps/585830/capsule_231x87.jpg?t=1738797789,2017-01-30 00:00:00+00:00,2017,01/30/17
NUKGAMESPACK,NukGames Pack,,uCMM%2B1z%2BUpEb2IOJmciyxWnhXjL7qLwiuTJoFWKY0XQ%3D,1,165804,0.49,4.99,1,90.180361,0,Very Positive,85,12384,96994,0,1790101607,3.8,https://shared.fastly.steamstatic.com/store_item_assets/steam/subs/96994/capsule_231x87.jpg?t=1495572651,1970-01-01 00:00:00+00:00,1970,01/01/70
DREAMSTONE,Dream Stone,/game/dream-stone/,vdAJxtexAXURNMdhUHkOHSFy6dmLRx1g3azCFrJ0D54%3D,1,166926,0.49,4.99,1,90.180361,0,Mixed,64,96,603090,1488931200,1790875665,1.1,https://shared.fastly.steamstatic.com/store_item_assets/steam/apps/603090/capsule_231x87.jpg?t=1633510899,2017-03-08 00:00:00+00:00,2017,03/08/17
DRIFTHORIZONONLINE,Drift Horizon Online,/game/drift-horizon-online/,LruxXh3GWCH1ZS0SkghXsm7aNKR3GPRbjNajy6%2BsO6s%3D,1,167626,0.49,4.99,1,90.180361,0,Mixed,56,698,491280,1490227200,1790875137,5.1,https://shared.fastly.steamstatic.com/store_item_assets/steam/apps/491280/capsule_231x87.jpg?t=1774212343,2017-03-23 00:00:00+00:00,2017,03/23/17
ANDARILHO,Andarilho,/game/andarilho/,DpsxGSqKEFhkF%2BdObEfyhsMpFAobpio%2FMtIKMU5%2FyKQ%3D,1,168675,0.49,4.99,1,90.180361,0,Mixed,66,1208,450860,1523491200,1790875089,5.1,https://shared.fastly.steamstatic.com/store_item_assets/steam/apps/450860/capsule_231x87.jpg?t=1738797806,2018-04-12 00:00:00+00:00,2018,04/12/18
CYBERHUNT,Cyberhunt,/game/cyberhunt/,MW%2BSv1hp%2BeVV%2FrdL7sOqLC4OZSRZLWj477TN8am%2FuyI%3D,1,169055,0.49,4.99,1,90.180361,0,Very Positive,84,711,636150,1495152000,1790101379,3.8,https://shared.fastly.steamstatic.com/store_item_assets/steam/apps/636150/capsule_231x87.jpg?t=1762263076,2017-05-19 00:00:00+00:00,2017,05/19/17
UBERMOSHVOL5,UBERMOSH Vol.5,/game/ubermosh-vol5/,wu3%2BMqe6ITQiUWQKZ8bNhTWU2UTv4AdhBSG8dLAmzPI%3D,1,169223,0.49,4.99,1,90.180361,0,Very Positive,94,1672,640380,1495670400,1788720631,1.5,https://shared.fastly.steamstatic.com/store_item_assets/steam/apps/640380/capsule_231x87.jpg?t=1699491422,2017-05-25 00:00:00+00:00,2017,05/25/17
BLACKEYE,BlackEye,/game/pc/blackeye,isdOqwbHPA5Jv4CIKbaPGnR4fYdizbyYP1IAENm0ft8%3D,1,169992,0.49,4.99,1,90.180361,0,Mostly Positive,75,160,627410,1496880000,1790874629,5.1,https://shared.fastly.steamstatic.com/store_item_assets/steam/apps/627410/capsule_231x87.jpg?t=1784051147,2017-06-08 00:00:00+00:00,2017,06/08/17
CHICKENLABYRINTHPUZZLES,Chicken Labyrinth Puzzles,/game/chicken-labyrinth-puzzles/,vRgtlJHNOa%2FgAK6D31eA6zv0yxIyyf633aWao2ZeGCs%3D,1,170377,0.49,4.99,1,90.180361,0,Mostly Positive,76,116,635880,1522022400,1790875009,5.1,https://shared.fastly.steamstatic.com/store_item_assets/steam/apps/635880/capsule_231x87.jpg?t=1784074978,2018-03-26 00:00:00+00:00,2018,03/26/18
METAMORFOSES,Metamorfose S,/game/metamorfose-s/,sNnK9L0VYUMWerJ08W0LdzGHDFtU3xe1lMklPNJGSb0%3D,1,170600,0.49,4.99,1,90.180361,0,Very Positive,80,280,569290,1499126400,1790886984,5.1,https://shared.fastly.steamstatic.com/store_item_assets/steam/apps/569290/capsule_231x87.jpg?t=1662988893,2017-07-04 00:00:00+00:00,2017,07/04/17
THEADVENTUREREPISODE1BEGINNINGOFTHEEND,The Adventurer - Episode 1: Beginning of the End,/game/the-adventurer-episode-1-beginning-of-the-end/,BpzLSq3yt3xqdjEnVYWHKKZm2jnAShSaCjqTonf7xDU%3D,1,171458,0.49,4.99,1,90.180361,0,Mixed,68,237,628760,1501286400,1790875608,5.1,https://shared.fastly.steamstatic.com/store_item_assets/steam/apps/628760/capsule_231x87.jpg?t=1727007323,2017-07-29 00:00:00+00:00,2017,07/29/17
NOISE,Noise,/game/noise/,6%2BO8BytrNEUaKfxv%2BuRs%2F%2Fv61RCh3MXo3AjBDQtw0hM%3D,1,171679,0.49,4.99,1,90.180361,0,Mixed,57,153,676760,1501804800,1790875707,5.1,https://shared.fastly.steamstatic.com/store_item_assets/steam/apps/676760/capsule_231x87.jpg?t=1770747332,2017-08-04 00:00:00+00:00,2017,08/04/17
EQUALIZER,Equalizer,/game/equalizer/,6JD%2BkHEDyOziTXqF2VMcY8iwQUQ2vdBQ%2FtOCPtJhjdE%3D,1,171938,0.49,4.99,1,90.180361,0,Mixed,57,47,666250,1502409600,1790875787,1.1,https://shared.fastly.steamstatic.com/store_item_assets/steam/apps/666250/capsule_231x87.jpg?t=1613074005,2017-08-11 00:00:00+00:00,2017,08/11/17
DEFENDOOOOOOR,Defendoooooor!!,/game/defendoooooor/,oi2%2FyYfc3dM%2FhOPSeNteDmTwJHnqpzNkucOOO6izG%2F0%3D,1,172516,0.49,4.99,1,90.180361,0,Mixed,41,41,683230,1504051200,1790875793,1.1,https://shared.fastly.steamstatic.com/store_item_assets/steam/apps/683230/capsule_231x87.jpg?t=1631476456,2017-08-30 00:00:00+00:00,2017,08/30/17
BOXMAZE2AGENTCUBERT,Box Maze 2 : Agent Cubert,/game/box-maze-2-agent-cubert/,Dpieu81qbF%2BU6vuiCEKpmJmG4o62sa02faYaJfigRdI%3D,1,173533,0.49,4.99,1,90.180361,0,Mostly Positive,75,37,682630,1515110400,1790875011,1.1,https://shared.fastly.steamstatic.com/store_item_assets/steam/apps/682630/capsule_231x87.jpg?t=1784051506,2018-01-05 00:00:00+00:00,2018,01/05/18
CIRCULARITY,Circularity,/game/circularity/,NJBouETJXYf9IRcF9OLPGz0anR7%2Fd%2Fb8cWK3EPOtRSM%3D,1,173784,0.49,4.99,1,90.180361,0,Mixed,66,50,709380,1506988800,1790875769,1.1,https://shared.fastly.steamstatic.com/store_item_assets/steam/apps/709380/capsule_231x87.jpg?t=1784075151,2017-10-03 00:00:00+00:00,2017,10/03/17
THEVILLAGE,The Village,/game/the-village/,SLNhBXzCjFMcOWdZtX6vuBmn%2FTghVYqH5dOsOz%2FOT%2BI%3D,1,174096,0.49,4.99,1,90.180361,0,Mixed,53,122,632050,1616544000,1790875668,5.1,https://shared.fastly.steamstatic.com/store_item_assets/steam/apps/632050/capsule_231x87.jpg?t=1739625867,2021-03-24 00:00:00+00:00,2021,03/24/21
DEEPSORROW,Deep Sorrow,/game/deep-sorrow/,DrNtKs3A%2Bn%2BeusA%2F8pp3UmyQcUjnmamduW1mAv4g%2F%2B4%3D,1,175188,0.49,4.99,1,90.180361,0,Mixed,53,65,736110,1510444800,1790875779,1.1,https://shared.fastly.steamstatic.com/store_item_assets/steam/apps/736110/capsule_231x87.jpg?t=1633510839,2017-11-12 00:00:00+00:00,2017,11/12/17
STARBOSS,Star Boss,/game/star-boss/,Wfwiwdaq5P2cHK%2F656Ia7LP08JcpwI6HbYhjTq8zjIk%3D,1,175457,0.49,4.99,1,90.180361,0,Mostly Positive,74,39,519890,1658966400,1790874980,1.1,https://shared.fastly.steamstatic.com/store_item_assets/steam/apps/519890/capsule_231x87.jpg?t=1708137609,2022-07-28 00:00:00+00:00,2022,07/28/22
KINGDOMDEFENSE,Kingdom Defense,/game/kingdomdefense/,YkfuYXyJc7gkIFGC%2Fj%2Bjht31oxECG%2FxJyA5CN2k91pQ%3D,1,175839,0.49,4.99,1,90.180361,0,Mixed,48,62,756260,1616371200,1790875770,1.1,https://shared.fastly.steamstatic.com/store_item_assets/steam/apps/756260/capsule_231x87.jpg?t=1613074114,2021-03-22 00:00:00+00:00,2021,03/22/21
STRANGENIGHTLL,Strange Night ll,/game/strange-night-ll/,l9wc9JNpwYwYYO94DYRQZNMiO4YCZv6G9KibooUzPR0%3D,1,177800,0.49,4.99,1,90.180361,0,Mixed,44,81,767910,1517702400,1790875379,1.1,https://shared.fastly.steamstatic.com/store_item_assets/steam/apps/767910/capsule_231x87.jpg?t=1727007721,2018-02-04 00:00:00+00:00,2018,02/04/18
DYNAMICVERYVERYHARDGAME,"Dynamic Very, Very, Hard game!!",,Ma9Bp1RnqV2zl4xMPxgWJN5J8S1sOfASu0m7qiHn5rA%3D,1,178216,0.49,4.99,1,90.180361,0,Mixed,45,84,546340,0,1790875756,1.1,https://shared.fastly.steamstatic.com/store_item_assets/steam/apps/546340/capsule_231x87.jpg?t=1631476674,1970-01-01 00:00:00+00:00,1970,01/01/70
BUSTORIES,Bustories,/game/bustories/,FcEwg4TdEL0HTxXX%2FaFjS%2FDVXt%2FzZlFbfVTxM%2BFmzDk%3D,1,186207,0.49,4.99,1,90.180361,0,Mixed,67,55,778570,1524096000,1790875768,1.1,https://shared.fastly.steamstatic.com/store_item_assets/steam/apps/778570/capsule_231x87.jpg?t=1784074002,2018-04-19 00:00:00+00:00,2018,04/19/18
WELCOMEBACKTO2007,Welcome Back To 2007,/game/welcome-back-to-2007/,oUP0TcLSsvADPgx%2BHfFjIk3Zm1WRQGYvwB72pCAQSXE%3D,1,186888,0.49,4.99,1,90.180361,0,Mostly Positive,77,226,666940,1525824000,1790874653,5.1,https://shared.fastly.steamstatic.com/store_item_assets/steam/apps/666940/capsule_231x87.jpg?t=1784139881,2018-05-09 00:00:00+00:00,2018,05/09/18
FALLINGWORDS,Falling words,/game/falling-words/,7wNA0DpnnmzUKlQDakMWZiS0GHpdUToKeyRDRKbhuac%3D,1,187119,0.49,4.99,1,90.180361,0,Mixed,66,60,856490,1526428800,1790875778,1.1,https://shared.fastly.steamstatic.com/store_item_assets/steam/apps/856490/capsule_231x87.jpg?t=1613074050,2018-05-16 00:00:00+00:00,2018,05/16/18
HOTFLOOR,HotFloor,/game/hotfloor/,CXe34tSKYjDxyPkTcv6Jv2D8u8LPpMVBUilwlZQpwiE%3D,1,187757,0.49,4.99,1,90.180361,0,Mostly Positive,77,36,865190,1527638400,1790875058,1.1,https://shared.fastly.steamstatic.com/store_item_assets/steam/apps/865190/capsule_231x87.jpg?t=1613074110,2018-05-30 00:00:00+00:00,2018,05/30/18
UBERMOSHSANTICIDE,UBERMOSH:SANTICIDE,/game/ubermosh-santicide/,UC2PklIH6e0BP82GM0YLBGI%2BGiywpeOgb5AVhrtiOuo%3D,1,190087,0.49,4.99,1,90.180361,0,Very Positive,89,515,898450,1532649600,1788720728,1.5,https://shared.fastly.steamstatic.com/store_item_assets/steam/apps/898450/capsule_231x87.jpg?t=1699491466,2018-07-27 00:00:00+00:00,2018,07/27/18
MIKEWASURSED,Mike was ursed,,9ymSgHcEn%2F%2BrxZWl8mO%2BpxC3aEoKOCgPiN56M2NM6dg%3D,1,190181,0.49,4.99,1,90.180361,0,Mixed,62,72,332700,0,1790875253,1.1,https://shared.fastly.steamstatic.com/store_item_assets/steam/apps/332700/capsule_231x87.jpg?t=1525029721,1970-01-01 00:00:00+00:00,1970,01/01/70
BERNIESNIGHTMARE,Bernies Nightmare,/game/bernies-nightmare/,1a%2Fl%2BeJWGl6Grm3SAtPr0VYlgZppUATXRyKLhOUEXQo%3D,1,190354,0.49,4.99,1,90.180361,0,Mixed,49,55,894390,1532736000,1790875698,1.1,https://shared.fastly.steamstatic.com/store_item_assets/steam/apps/894390/capsule_231x87.jpg?t=1749860178,2018-07-28 00:00:00+00:00,2018,07/28/18
HYPERSIMONX,Hyper Simon X,,j0ayYPbbFMH4JMEbGX85fnte4Y6L%2BMQpEh%2FTKpxrfmE%3D,1,190768,0.49,4.99,1,90.180361,0,Mostly Positive,70,55,878180,0,1790874919,1.1,https://shared.fastly.steamstatic.com/store_item_assets/steam/apps/878180/capsule_231x87.jpg?t=1762273957,1970-01-01 00:00:00+00:00,1970,01/01/70
THEPATHTODOMINATION,The path to domination,/game/the-path-to-domination/,iKg00dA0%2BVAgl8LyqMDWGtPKav97luCXrGq4jH84JYo%3D,1,191486,0.49,4.99,1,90.180361,0,Mixed,69,33,912590,1535500800,1790875967,1.1,https://shared.fastly.steamstatic.com/store_item_assets/steam/apps/912590/capsule_231x87.jpg?t=1732262818,2018-08-29 00:00:00+00:00,2018,08/29/18
FROGDEMON,Frog Demon,/game/frog-demon/,qWaTC8zZvZ48XNpT2U%2Bn1fEqUQZ5QbRcjgFJD%2Fv8BYg%3D,1,196223,0.49,4.99,1,90.180361,0,Mixed,45,31,810770,1544486400,1790875839,1.1,https://shared.fastly.steamstatic.com/store_item_assets/steam/apps/810770/capsule_231x87.jpg?t=1631476707,2018-12-11 00:00:00+00:00,2018,12/11/18
BOMBROYALE,Bomb Royale,/game/bomb-royale/,mQ5vXJD6hTWLz2ECY8C02O6dZT%2F1wEOqyzKg1cun1a0%3D,1,196282,0.49,4.99,1,90.180361,0,Mixed,62,127,604150,1733097600,1790875615,5.1,https://shared.fastly.steamstatic.com/store_item_assets/steam/apps/604150/capsule_231x87.jpg?t=1733452930,2024-12-02 00:00:00+00:00,2024,12/02/24
UBERMOSHVOL7,UBERMOSH Vol.7,/game/ubermosh-vol7/,E5CB%2BFmGVFSeMk9R%2FwTxmDEKdYQ7xNoxrA4PqIh0J70%3D,1,198965,0.49,4.99,1,90.180361,0,Very Positive,81,510,1029980,1556582400,1788720793,1.5,https://shared.fastly.steamstatic.com/store_item_assets/steam/apps/1029980/capsule_231x87.jpg?t=1699491509,2019-04-30 00:00:00+00:00,2019,04/30/19
JETXVR,JetX VR,,7XvwC6YpyhYKARSOQvAvmdGBVLjOhux4kE3jCShzeMY%3D,1,200880,0.49,4.99,1,90.180361,0,Mixed,53,26,684620,0,1790875944,1.1,https://shared.fastly.steamstatic.com/store_item_assets/steam/apps/684620/capsule_231x87.jpg?t=1648311984,1970-01-01 00:00:00+00:00,1970,01/01/70
CAVERNESCAPEEXTREMELYHARDGAME,Cavern Escape Extremely Hard game!!!,,p%2FM%2FUbDcBknvW1oOYWbU3lZddg8kWX1S8Y8CLUz4UlI%3D,1,202652,0.49,4.99,1,90.180361,0,Mixed,49,127,546400,0,1790875790,5.1,https://shared.fastly.steamstatic.com/store_item_assets/steam/apps/546400/capsule_231x87.jpg?t=1784074636,1970-01-01 00:00:00+00:00,1970,01/01/70
DESERTOFTHEDEAD,Desert Of The Dead,/game/desert-of-the-dead/,JKjfH4bdGWuu9WKA005xWOT%2FRGilNEV5tU1AbABxcso%3D,1,204004,0.49,4.99,1,90.180361,0,Mostly Positive,70,397,1102780,1565568000,1790874373,5.1,https://shared.fastly.steamstatic.com/store_item_assets/steam/apps/1102780/capsule_231x87.jpg?t=1723186553,2019-08-12 00:00:00+00:00,2019,08/12/19
BARRO2020,Barro 2020,/game/barro-2020/,Qpir3ZsQW03uKbqst3tqj80xbeB36YO8cvbcoQLkS%2Bg%3D,1,206866,0.49,4.99,1,90.180361,0,Very Positive,84,1931,1168660,1572566400,1790886565,5.1,https://shared.fastly.steamstatic.com/store_item_assets/steam/apps/1168660/capsule_231x87.jpg?t=1742065115,2019-11-01 00:00:00+00:00,2019,11/01/19
UBERMOSHOMEGA,UBERMOSH:OMEGA,/game/ubermoshomega/,RmTLe14nRB67VorMI2tjcZsP9maas6mPCHZyb2GxNn0%3D,1,207047,0.49,4.99,1,90.180361,0,Very Positive,90,515,1181000,1573171200,1788720738,1.5,https://shared.fastly.steamstatic.com/store_item_assets/steam/apps/1181000/capsule_231x87.jpg?t=1683734260,2019-11-08 00:00:00+00:00,2019,11/08/19
SPACECANDY,Space Candy,/game/space-candy/,GAdLdCO9JhM2KT7zQU9%2BVOcFwj0NtocwMxO%2BLHArEcw%3D,1,207066,0.49,4.99,1,90.180361,0,Mostly Positive,72,47,1176190,1573257600,1790874975,1.1,https://shared.fastly.steamstatic.com/store_item_assets/steam/apps/1176190/capsule_231x87.jpg?t=1732262812,2019-11-09 00:00:00+00:00,2019,11/09/19
BARROF,Barro F,/game/barro-f/,gYpX2KYraOSKw8N8FCrgE7aKUo5nnhawJm0tDKcT6BA%3D,1,211519,0.49,4.99,1,90.180361,0,Very Positive,81,507,1239260,1582848000,1790450083,4.3,https://shared.fastly.steamstatic.com/store_item_assets/steam/apps/1239260/capsule_231x87.jpg?t=1742064995,2020-02-28 00:00:00+00:00,2020,02/28/20
BLACKBLOOD,Black blood,/game/black-blood/,Jtae%2BUegMmBfXtXLFr5gnOB7qFTzfvE5YVYIVFfuiik%3D,1,212288,0.49,4.99,1,90.180361,0,Mixed,69,49,1262080,1584748800,1790875780,1.1,https://shared.fastly.steamstatic.com/store_item_assets/steam/apps/1262080/92bb1bedcc0e9f59a1d61a36925d8949aba7591a/capsule_231x87.jpg?t=1732270380,2020-03-21 00:00:00+00:00,2020,03/21/20
DEFENSEHIGH,Defense high,/game/defense-high/,L5W8XI%2BoyksZs1ajqZr0m6DVTx4nCm8S2kL%2BT7mBLoQ%3D,1,213902,0.49,4.99,1,90.180361,0,Mostly Positive,71,42,1280550,1587081600,1790874982,1.1,https://shared.fastly.steamstatic.com/store_item_assets/steam/apps/1280550/cd21af2cf67cde78bdc57bb58f6628b2d0ec512c/capsule_231x87.jpg?t=1763033012,2020-04-17 00:00:00+00:00,2020,04/17/20
BARRO,Barro,/game/barro/,6dkaR1K10NM2Msv6LFRgqRjfkuJ0T5qe9Ybv%2FzHV6IY%3D,1,216169,0.49,4.99,1,90.180361,0,Very Positive,82,736,618140,1522195200,1790886014,5.1,https://shared.fastly.steamstatic.com/store_item_assets/steam/apps/618140/capsule_231x87.jpg?t=1742336322,2018-03-28 00:00:00+00:00,2018,03/28/18
POLYGONEER,Polygoneer,/game/polygoneer/,FA9DiI5Vv%2BTmk8WO410hEFKYkbvgCWMTNEF2deQX3Bo%3D,1,172361,0.49,4.99,1,90.180361,0,Very Positive,84,386,684680,1503532800,1790101062,3.8,https://shared.fastly.steamstatic.com/store_item_assets/steam/apps/684680/capsule_231x87.jpg?t=1762263180,2017-08-24 00:00:00+00:00,2017,08/24/17
CYBEREMO2007,Cyberemo 2007,/game/cyberemo-2007/,6%2BVlBJEB2cu3xiQtoH5axNj1IMjR%2FSlTA%2FzYmNXPZWc%3D,1,217347,0.49,4.99,1,90.180361,0,Mostly Positive,79,92,848530,1592784000,1790874827,1.1,https://shared.fastly.steamstatic.com/store_item_assets/steam/apps/848530/7adf078e255156f3bd092e70af3e76e51f3efa4e/capsule_231x87.jpg?t=1789750814,2020-06-22 00:00:00+00:00,2020,06/22/20
CLICKMONSTER,ClickMonster,,YNFFBGvwlTjFhMCYGOAowDjcuWF6lEHySacZ6ko9q2w%3D,1,217569,0.49,4.99,1,90.180361,0,Mixed,66,42,1341660,0,1790875843,1.1,https://shared.fastly.steamstatic.com/store_item_assets/steam/apps/1341660/fa90bedeacb977b7552f192471e86208c396e93e/capsule_231x87.jpg?t=1783399521,1970-01-01 00:00:00+00:00,1970,01/01/70
SHAPESHOOTER,Shape Shooter,/game/shape-shooter-2026/,mb5Tr6m281yxB97eMPaS8kL75X%2BzQlgT8BwjqvVHyeQ%3D,1,217581,0.49,4.99,1,90.180361,0,Mixed,55,27,1143900,1793404800,1790107945,2.5,https://shared.fastly.steamstatic.com/store_item_assets/steam/apps/1143900/capsule_231x87.jpg?t=1762274101,2026-10-31 00:00:00+00:00,2026,10/31/26
LASTESCAPE,Last Escape,/game/last-escape/,%2BrT0AABck207kaa9mevtsIEls9UN3bL%2Fsm36iu%2BHd4A%3D,1,220143,0.49,4.99,1,90.180361,0,Mixed,67,46,1398570,1599177600,1790875794,1.1,https://shared.fastly.steamstatic.com/store_item_assets/steam/apps/1398570/capsule_231x87.jpg?t=1784023584,2020-09-04 00:00:00+00:00,2020,09/04/20
PLANETSTATION,Planet Station,/game/planet-station/,1Y0%2BdEAh9tO4MLKAn2%2F%2Bh%2F%2Bkc2yQfhBCJwxX4Z647cY%3D,1,220891,0.49,4.99,1,90.180361,0,Mostly Positive,70,70,1417500,1600992000,1790874982,1.1,https://shared.fastly.steamstatic.com/store_item_assets/steam/apps/1417500/capsule_231x87.jpg?t=1784022978,2020-09-25 00:00:00+00:00,2020,09/25/20
GOLFMONSTER,GOLF MONSTER,/game/golf-monster/,JjDluMY%2BLffTXaCK3idg6UTT5TXFA1qXZKdWq2B1edM%3D,1,221599,0.49,4.99,1,90.180361,0,Positive,95,24,1438260,1602806400,1790874701,1.1,https://shared.fastly.steamstatic.com/store_item_assets/steam/apps/1438260/capsule_231x87.jpg?t=1762255100,2020-10-16 00:00:00+00:00,2020,10/16/20
GOLDDUST,Gold Dust,/game/gold-dust/,LcltohzPccY5UxamWNeQW9dDL%2BSUNVgRl%2BqqN3fcfco%3D,1,222553,0.49,4.99,1,90.180361,0,Mostly Positive,71,32,1447900,1604620800,1790874910,1.1,https://shared.fastly.steamstatic.com/store_item_assets/steam/apps/1447900/capsule_231x87.jpg?t=1762255139,2020-11-06 00:00:00+00:00,2020,11/06/20
ASCENT,Ascent,/game/ascent/,duHIbLhE%2BLkmet3PV2Ps6C1pla4p%2BmAGOOF4WO80j1w%3D,1,223250,0.49,4.99,1,90.180361,0,Mostly Positive,76,21,1464000,1626739200,1790875095,1.1,https://shared.fastly.steamstatic.com/store_item_assets/steam/apps/1682620/capsule_231x87.jpg?t=1699785383,2021-07-20 00:00:00+00:00,2021,07/20/21
PSIONIC,PSIONIC,/game/psionic/,1rVpbxqwtEyY5RjBuLms2ya9z3fY0yGk8zEbuWWUoTA%3D,1,223291,0.49,4.99,1,90.180361,0,Mostly Positive,72,29,1467260,1605830400,1790875041,1.1,https://shared.fastly.steamstatic.com/store_item_assets/steam/apps/1467260/capsule_231x87.jpg?t=1784023449,2020-11-20 00:00:00+00:00,2020,11/20/20
CRASHMETALCYBERPUNK,CrashMetal - Cyberpunk,,H7ac69dlhtY01%2F6JIHJKRS9sv85OC4vCi5wGh4ZLCBY%3D,1,224272,0.49,4.99,1,90.180361,0,Mixed,65,656,1490130,0,1790875091,5.1,https://shared.fastly.steamstatic.com/store_item_assets/steam/apps/1490130/capsule_231x87.jpg?t=1784075498,1970-01-01 00:00:00+00:00,1970,01/01/70
MINICARMONEYCHASE,Mini Car Money Chase,/game/mini-car-money-chase/,f7Byz7VgVd9mnLXaxk9Jaf7ZhNDUh4QC7Mkzd9R0Dak%3D,1,224362,0.49,4.99,1,90.180361,0,Positive,90,21,1493410,1608508800,1790874698,1.1,https://shared.fastly.steamstatic.com/store_item_assets/steam/apps/1493410/capsule_231x87.jpg?t=1762255559,2020-12-21 00:00:00+00:00,2020,12/21/20
LEAPER,Leaper,/game/leaper/,olxNWRRIcwbvEZjMcFyGFGlGC2kR1fbbhCc%2FBh2W1m0%3D,1,224457,0.49,4.99,1,90.180361,0,Mostly Positive,73,34,1495670,1608595200,1790875007,1.1,https://shared.fastly.steamstatic.com/store_item_assets/steam/apps/1495670/capsule_231x87.jpg?t=1762255213,2020-12-22 00:00:00+00:00,2020,12/22/20
BARRORACING,Barro Racing,,xWKTo7mRJp4wDt%2B0Xhq6i1qPeLtytQcDCEL59%2FP3Ixw%3D,1,224587,0.49,4.99,1,90.180361,0,Very Positive,83,1253,1307090,0,1790886029,5.1,https://shared.fastly.steamstatic.com/store_item_assets/steam/apps/1307090/capsule_231x87.jpg?t=1738798261,1970-01-01 00:00:00+00:00,1970,01/01/70
REACHTHESUMMIT,Reach the Summit,/game/reach-the-summit/,697rfIe79hLrHVvt7waKgdGzMyb8SOWOIG9DEu4%2FXIk%3D,1,225210,0.49,4.99,1,90.180361,0,Mostly Positive,70,27,1512790,1610928000,1790875092,1.1,https://shared.fastly.steamstatic.com/store_item_assets/steam/apps/1512790/capsule_231x87.jpg?t=1762256170,2021-01-18 00:00:00+00:00,2021,01/18/21
AGENTMURPHY,Agent Murphy,/game/agent-murphy/,xWQCtq0nZ%2FrxL6x2tb76kZfAE1epfeYDAs6uDs1FNMw%3D,1,225358,0.49,4.99,1,90.180361,0,Mostly Positive,72,47,1518200,1611273600,1790875036,1.1,https://shared.fastly.steamstatic.com/store_item_assets/steam/apps/1518200/capsule_231x87.jpg?t=1762268508,2021-01-22 00:00:00+00:00,2021,01/22/21
DARKTREASURY,Dark Treasury,/game/dark-treasury/,0M%2FAsOM5zATdX7RRPIrjQd54Lvf%2FbqFOTcbwx3TcJ34%3D,1,225704,0.49,4.99,1,90.180361,0,Mixed,69,52,1522630,1612051200,1790875662,1.1,https://shared.fastly.steamstatic.com/store_item_assets/steam/apps/1522630/capsule_231x87.jpg?t=1722892139,2021-01-31 00:00:00+00:00,2021,01/31/21
SPOOKYMAHJONG,Spooky Mahjong,/game/spooky-mahjong/,AlWbKtP2kANzz%2FrKZc4WYA8wsSGQDzEPaEhh91xA%2Bec%3D,1,148077,0.49,4.99,1,90.180361,0,Mostly Positive,77,27,1600240,1636416000,1790874911,1.1,https://shared.fastly.steamstatic.com/store_item_assets/steam/apps/1793900/capsule_231x87.jpg?t=1762256829,2021-11-09 00:00:00+00:00,2021,11/09/21
CAVEGIRLADVENTURES,Cavegirl Adventures,/game/cavegirl-adventures/,L17nRU9%2FFpXdVqQcgm%2BuRfmBxM%2Bq7p7KMD9yHIrdTQc%3D,1,233469,0.49,4.99,1,90.180361,0,Mostly Positive,73,34,1710400,1629158400,1790875593,1.1,https://shared.fastly.steamstatic.com/store_item_assets/steam/apps/1710400/capsule_231x87.jpg?t=1762254544,2021-08-17 00:00:00+00:00,2021,08/17/21
TITTOK,TitTok,,QbIzi7qUtMnciKFd%2BPEVqTNXCklf9VblSqo5HtO56P0%3D,1,234847,0.49,4.99,1,90.180361,0,Very Positive,87,113,1534260,0,1790886944,5.1,https://shared.fastly.steamstatic.com/store_item_assets/steam/apps/1534260/capsule_231x87.jpg?t=1785507966,1970-01-01 00:00:00+00:00,1970,01/01/70
AMAZEDOS,AMaze DOS,/game/amaze-dos/,NmPWh9oL7ksOCfTK54T8%2BsBBhwUGHS%2BAPDvykmcU8gI%3D,1,238996,0.49,4.99,1,90.180361,0,Mostly Positive,72,33,1848160,1640822400,1790875001,1.1,https://shared.fastly.steamstatic.com/store_item_assets/steam/apps/1848160/capsule_231x87.jpg?t=1762268470,2021-12-30 00:00:00+00:00,2021,12/30/21
QUICKERFLAK,QUICKERFLAK,/game/quickerflak/,U1Hdo6bI1z0DZAZvnLPuao68jB7Jr67NWH4KAdZ%2BO5M%3D,1,239390,0.49,4.99,1,90.180361,0,Very Positive,89,1099,1836120,1641945600,1789851204,3.3,https://shared.fastly.steamstatic.com/store_item_assets/steam/apps/1836120/capsule_231x87.jpg?t=1722453771,2022-01-12 00:00:00+00:00,2022,01/12/22
VILLAGERPG,Village RPG,/game/village-rpg/,5sKb3J%2Bx07LxKdEIlm8jABMNEGZDpKumhYShTFRwwks%3D,1,240122,0.49,4.99,1,90.180361,0,Mixed,58,41,1878200,1643587200,1790875782,1.1,https://shared.fastly.steamstatic.com/store_item_assets/steam/apps/1878200/capsule_231x87.jpg?t=1762256780,2022-01-31 00:00:00+00:00,2022,01/31/22
BARROF22,Barro F22,/game/barro-f22/,w8UBbdZ1%2FH6mu1yVWFyH%2FC3uPYrkAyxwoieQiT6P25c%3D,1,244390,0.49,4.99,1,90.180361,0,Very Positive,84,623,1958600,1650844800,1790016135,3.6,https://shared.fastly.steamstatic.com/store_item_assets/steam/apps/1958600/aac7564130e6fdcf1a10aa363077ea9812599b86/capsule_231x87.jpg?t=1742065223,2022-04-25 00:00:00+00:00,2022,04/25/22
BARROGT,Barro GT,/game/barro-gt/,NTZ8v34wTnEhGDG7G3Z9utE1pLooDmlP9e2aE3BvQCk%3D,1,246765,0.49,4.99,1,90.180361,0,Very Positive,84,816,1990740,1652918400,1790886873,5.1,https://shared.fastly.steamstatic.com/store_item_assets/steam/apps/1990740/capsule_231x87.jpg?t=1752000284,2022-05-19 00:00:00+00:00,2022,05/19/22
BOBBIADVENTURE,Bobbi Adventure,/game/bobbi-adventure/,CJC8jlvWcEGMCAHwhB9X0pjsDYgHM2XGFGULlmhteG4%3D,1,246822,0.49,4.99,1,90.180361,0,Mostly Positive,78,28,1970560,1653004800,1790875092,1.1,https://shared.fastly.steamstatic.com/store_item_assets/steam/apps/1970560/c1eca234e15215fc9873699b80e02b30b6a4ea56/capsule_231x87.jpg?t=1762268394,2022-05-20 00:00:00+00:00,2022,05/20/22
CORGI,CORGI,/game/corgi/,4oKuYqE9G%2BNO8wSPvTTn4UTSQhrGuaNpO9kBv5dV8pc%3D,1,247148,0.49,4.99,1,90.180361,0,Mostly Positive,75,32,2000360,1653696000,1790874849,1.1,https://shared.fastly.steamstatic.com/store_item_assets/steam/apps/2000360/capsule_231x87.jpg?t=1732256488,2022-05-28 00:00:00+00:00,2022,05/28/22
MEALONEREISSUE,Me Alone Reissue,/game/me-alone-reissue/,mB94T2I4ZT9iGlgaLVtFlwE9GNBwBADJJGzU5fNkVqw%3D,1,248251,0.49,4.99,1,90.180361,0,Mixed,68,22,2010570,1656115200,1790876018,1.1,https://shared.fastly.steamstatic.com/store_item_assets/steam/apps/2010570/capsule_231x87.jpg?t=1762255474,2022-06-25 00:00:00+00:00,2022,06/25/22
MAGICANDELEMENTS,Magic and Elements,/game/magic-and-elements/,%2FwcHxr%2BGu5PlByaixAcjwgHjXVugmlqaiEejQQxd0d8%3D,1,248420,0.49,4.99,1,90.180361,0,Mostly Positive,73,23,2053200,1656547200,1790875081,1.1,https://shared.fastly.steamstatic.com/store_item_assets/steam/apps/2053200/capsule_231x87.jpg?t=1725687782,2022-06-30 00:00:00+00:00,2022,06/30/22
HALT,Halt,/game/halt/,%2BXtLaQ%2FBmHRksmyi48P2rMqbaBYJNGknxcdUBdJsTYY%3D,1,253639,0.49,4.99,1,90.180361,0,Mostly Positive,70,60,2206680,1668816000,1790875001,1.1,https://shared.fastly.steamstatic.com/store_item_assets/steam/apps/2206680/33d8acd2e0c073debe22922f7e75e4e3f5b34674/capsule_231x87.jpg?t=1759590215,2022-11-19 00:00:00+00:00,2022,11/19/22
FIRSTRACER,First Racer,/game/first-racer/,RWkWR4AzWOISbNpx3Ipo8CmO%2FqneA9QprTfj9MiLBzg%3D,1,259221,0.49,4.99,1,90.180361,0,Very Positive,91,359,1364690,1680652800,1790886178,5.1,https://shared.fastly.steamstatic.com/store_item_assets/steam/apps/1364690/capsule_231x87.jpg?t=1787494008,2023-04-05 00:00:00+00:00,2023,04/05/23
BLOCKTOWERTD,Block Tower TD,/game/block-tower-td/,2eL2xToxxTKnNIRiXB096k8z2bb1ZL2JEX6xNl%2BzaAU%3D,1,264288,0.49,4.99,1,90.180361,0,Very Positive,85,91,2427570,1686268800,1790886329,1.1,https://shared.fastly.steamstatic.com/store_item_assets/steam/apps/2427570/capsule_231x87.jpg?t=1707742641,2023-06-09 00:00:00+00:00,2023,06/09/23
BARROT23,Barro T23,/game/barro-t23/,Rlg8uJvElJGeUNGobrd6mmQ3ODQpGUGmcfZhqh2zowE%3D,1,264573,0.49,4.99,1,90.180361,0,Very Positive,82,256,2379030,1682380800,1790886776,5.1,https://shared.fastly.steamstatic.com/store_item_assets/steam/apps/2379030/capsule_231x87.jpg?t=1742065315,2023-04-25 00:00:00+00:00,2023,04/25/23
IZERIYA,Izeriya,/game/izeriya/,wBtWJoIvGTosmRcrYxvwx%2BwsFcOMo9BnErwgEdNOh6E%3D,1,267175,0.49,4.99,1,90.180361,0,Mostly Positive,72,37,463830,1461801600,1790874979,1.1,https://shared.fastly.steamstatic.com/store_item_assets/steam/apps/463830/capsule_231x87.jpg?t=1686693963,2016-04-28 00:00:00+00:00,2016,04/28/16
SOSOPS,SOS OPS!,/game/sos-ops/,O%2FaGFEpaLD57dYRbYxZwlFU4okcwTxqUCLF9u9oxx7I%3D,1,279199,0.49,4.99,1,90.180361,0,Mostly Positive,79,710,2475460,1701302400,1790360456,4.2,https://shared.fastly.steamstatic.com/store_item_assets/steam/apps/2475460/5344dee4abc51a44a5ff48fe7e4508187f885f6f/capsule_231x87.jpg?t=1790717685,2023-11-30 00:00:00+00:00,2023,11/30/23
FCKTHEHELLOUT,F*ck the HELL out,,CCpxMnX%2BmvAahEHHLQJwJ1OZsd%2FuIPuv9nCOnWacQUc%3D,1,289542,0.49,4.99,1,90.180361,0,Very Positive,86,95,3028290,0,1790886464,1.1,https://shared.fastly.steamstatic.com/store_item_assets/steam/apps/3028290/capsule_231x87.jpg?t=1779167556,1970-01-01 00:00:00+00:00,1970,01/01/70
BALLOFWONDER,Ball of Wonder,/game/ball-of-wonder/,027HEy4qshFZsCOFblZMoMSMP43E380oK2IKxCVUpN0%3D,1,290144,0.49,4.99,1,90.180361,0,Mixed,69,76,508760,1477612800,1790875454,1.1,https://shared.fastly.steamstatic.com/store_item_assets/steam/apps/508760/capsule_231x87.jpg?t=1650833000,2016-10-28 00:00:00+00:00,2016,10/28/16
CHAOSTOWN,Chaos Town,/game/chaos-town/,PRnJlA01SPIwD2ua0q0zJofDKMdAIQ%2B95Q3fnK42hMM%3D,1,290159,0.49,4.99,1,90.180361,0,Mostly Positive,78,51,620130,1496016000,1790874855,1.1,https://shared.fastly.steamstatic.com/store_item_assets/steam/apps/620130/capsule_231x87.jpg?t=1784074785,2017-05-29 00:00:00+00:00,2017,05/29/17
THEARCHETYPE,The Archetype,/game/the-archetype/,KYqExlF9dyPFFKmos8o4HJAuItMX8f%2F7heDhbdeqERE%3D,1,145974,0.49,4.99,1,90.180361,0,Mixed,59,61,391120,1442361600,1790875708,1.1,https://shared.fastly.steamstatic.com/store_item_assets/steam/apps/391120/capsule_231x87.jpg?t=1662990779,2015-09-16 00:00:00+00:00,2015,09/16/15
ZZZZZ,zzzzz,/game/zzzzz/,1YFTzA2oVJca51Z9EQC40MK9hzqOBGxKDDh1EE31kwE%3D,1,290309,0.49,4.99,1,90.180361,0,Mostly Positive,75,37,1154350,1570492800,1790874643,1.1,https://shared.fastly.steamstatic.com/store_item_assets/steam/apps/1154350/capsule_231x87.jpg?t=1701500350,2019-10-08 00:00:00+00:00,2019,10/08/19
CATACOMBS1DEMONWAR,Catacombs 1: Demon War,/game/catacombs-1-demon-war/,Fpbju5ozj3L0lV2BFEqIzYro4%2FBOVqqPLh1kw3DuWmQ%3D,1,292309,0.49,4.99,1,90.180361,0,Mixed,64,25,654250,1499817600,1790875854,1.1,https://shared.fastly.steamstatic.com/store_item_assets/steam/apps/654250/capsule_231x87.jpg?t=1784074580,2017-07-12 00:00:00+00:00,2017,07/12/17
AIRFIGHTER,AirFighter,/game/airfighter/,usF44yVYof9UPX%2BFPQxofhAyemoQsWURwOeTH6H5FpM%3D,1,294224,0.49,4.99,1,90.180361,0,Mixed,67,28,1686340,1626739200,1790875662,1.1,https://shared.fastly.steamstatic.com/store_item_assets/steam/apps/1686340/capsule_231x87.jpg?t=1699785237,2021-07-20 00:00:00+00:00,2021,07/20/21
IRONAGE,Iron Age,,qUhJGAXZDI6j6gaL96Ex6afZ3%2F39h%2Bp36sjuHT%2FXQ1U%3D,1,295523,0.49,4.99,1,90.180361,0,Mixed,68,29,1919070,0,1790875839,1.1,https://shared.fastly.steamstatic.com/store_item_assets/steam/apps/1919070/capsule_231x87.jpg?t=1762115360,1970-01-01 00:00:00+00:00,1970,01/01/70
SPROUTLANDS,Sprout Lands,/game/sprout-lands/,XqJurZONQKHIZrOX9FNjsB3mu%2BiHpYM2v2f3EF3wKxs%3D,1,295524,0.49,4.99,1,90.180361,0,Mixed,69,33,1906160,1647561600,1790875746,1.1,https://shared.fastly.steamstatic.com/store_item_assets/steam/apps/1906160/capsule_231x87.jpg?t=1732258635,2022-03-18 00:00:00+00:00,2022,03/18/22
BARKINGPUZZLE,Barking Puzzle,/game/barking-puzzle/,pfRfpA84tbMD%2Fa5MOge7cdmC4aR6lqcazmfk6qDit2Q%3D,1,295526,0.49,4.99,1,90.180361,0,Mostly Positive,72,29,1673550,1626739200,1790875042,1.1,https://shared.fastly.steamstatic.com/store_item_assets/steam/apps/1673550/0e080adfadc6da16fb46f0be091b003066d67fe0/capsule_231x87.jpg?t=1763367322,2021-07-20 00:00:00+00:00,2021,07/20/21
MISHAADVENTURES,Misha Adventures,/game/misha-adventures/,W1NO3zqm0Sco2r1bAqIHuPhAzRThUXz9bzQGC4nfq00%3D,1,295553,0.49,4.99,1,90.180361,0,Mixed,69,26,1683240,1626220800,1790875784,1.1,https://shared.fastly.steamstatic.com/store_item_assets/steam/apps/1683240/56a0a39888080b29c2ab75348972fcbf2179ebde/capsule_231x87.jpg?t=1763898164,2021-07-14 00:00:00+00:00,2021,07/14/21
MYFURRYTEACHER,My Furry Teacher,,odcnpYK5xbcRILsvQhdKuDfpnA5BE%2BxKbV750qUNTLE%3D,1,300255,0.49,4.99,1,90.180361,0,Mixed,65,97,1861490,0,1790875121,1.1,https://shared.fastly.steamstatic.com/store_item_assets/steam/apps/1861490/capsule_231x87.jpg?t=1727009621,1970-01-01 00:00:00+00:00,1970,01/01/70
CROWS,- Crows,/game/crows/,QeHdcfbbxLMZhouv%2FLZeeeVQENVKGH9wxwFVRw%2F0R4I%3D,1,300378,0.49,4.99,1,90.180361,0,Mixed,40,60,870100,1540512000,1790875706,1.1,https://shared.fastly.steamstatic.com/store_item_assets/steam/apps/870100/capsule_231x87.jpg?t=1613073846,2018-10-26 00:00:00+00:00,2018,10/26/18
FURRYBOSS,Furry Boss,,w167sFyUYLxaYaCTqXP4%2FWaeAvLy18PXdTbAeUNE5AU%3D,1,300519,0.49,4.99,1,90.180361,0,Very Positive,85,163,2089060,0,1790886251,5.1,https://shared.fastly.steamstatic.com/store_item_assets/steam/apps/2089060/capsule_231x87.jpg?t=1771268588,1970-01-01 00:00:00+00:00,1970,01/01/70
MYFURRYSTEPMOM,My Furry Stepmom,/game/my-furry-stepmom/,f8akJW75xxeq8vSUX7ELs47TaytGd4jgw71U6%2F9SunU%3D,1,300537,0.49,4.99,1,90.180361,0,Very Positive,80,97,2082060,1689292800,1790886774,1.1,https://shared.fastly.steamstatic.com/store_item_assets/steam/apps/2082060/capsule_231x87.jpg?t=1759519542,2023-07-14 00:00:00+00:00,2023,07/14/23
MYFURRYDETECTIVE,My Furry Detective,/game/my-furry-detective/,NeWvf6mNfUDQJCk3ZRF65pW6UiA%2B9IqjsyfWl0bQwhw%3D,1,300553,0.49,4.99,1,90.180361,0,Very Positive,83,99,1779990,1638489600,1790886729,1.1,https://shared.fastly.steamstatic.com/store_item_assets/steam/apps/1779990/capsule_231x87.jpg?t=1727009641,2021-12-03 00:00:00+00:00,2021,12/03/21
BLOODYRAMPAGECITY,Bloody Rampage City,/game/bloody-rampage-city/,GGgW1DNSBJgTMu3OPIiY%2FguedpnHOBLlfx7UGp9gL3I%3D,1,303370,0.49,4.99,1,90.180361,0,Mostly Positive,70,37,1888000,1645660800,1790875076,1.1,https://shared.fastly.steamstatic.com/store_item_assets/steam/apps/1888000/c39ceff6eaf4d83bd10c803f69de1e3d5aae678c/capsule_231x87.jpg?t=1724652718,2022-02-24 00:00:00+00:00,2022,02/24/22
BARROF25,Barro F25,/game/barro-f25/,BDLYDXF7VswPczEOinx1rXgRbOQn3Gj%2B0p7p1j0wLJ8%3D,1,303746,0.49,4.99,1,90.180361,0,Very Positive,86,118,3626800,1744329600,1790887016,5.1,https://shared.fastly.steamstatic.com/store_item_assets/steam/apps/3626800/94993d0865805eb5a88b9e9eb02bc29ff59996ff/capsule_231x87.jpg?t=1744364799,2025-04-11 00:00:00+00:00,2025,04/11/25
MYDARKESTWITCH,My Darkest Witch,/game/my-darkest-witch/,qHCtPVIZxSF8oVnfKjCVD8VvXjGLe5hukJFL1xuT4Vc%3D,1,307588,0.49,4.99,1,90.180361,0,Mostly Positive,71,28,2207120,1668816000,1790875071,1.1,https://shared.fastly.steamstatic.com/store_item_assets/steam/apps/2207120/b1d81f68a97ea776766d05f6cdbee404e4d8c769/capsule_231x87.jpg?t=1762268294,2022-11-19 00:00:00+00:00,2022,11/19/22
STOLENDOLLS,Stolen Dolls,/game/stolen-dolls/,Ja%2B%2FFbyzCO%2F3eBeoUHLFBM44gn6AIXlyFJOxYHpEZG4%3D,1,310081,0.49,4.99,1,90.180361,0,Mostly Positive,71,28,2207080,1668988800,1790875054,1.1,https://shared.fastly.steamstatic.com/store_item_assets/steam/apps/2207080/970d21c16246947363c8daf9aaffdf52073d7108/capsule_231x87.jpg?t=1763382832,2022-11-21 00:00:00+00:00,2022,11/21/22
PINKELEPHANT,PINK ELEPHANT,/game/pink-elephant/,QZ%2BplXFxTc%2F%2FU8Im7AcxNtUwLwafRbAmf3Bf2Nj638k%3D,1,310084,0.49,4.99,1,90.180361,0,Positive,83,48,1854120,1641168000,1790321242,0.2,https://shared.fastly.steamstatic.com/store_item_assets/steam/apps/1854120/1356b35cc969bac11f84e4b5502e07e6f193d021/capsule_231x87.jpg?t=1786090309,2022-01-03 00:00:00+00:00,2022,01/03/22
TOTALCATASTROPHE,Total CATastrophe,/game/total-catastrophe/,DPZukV7A734AVpa3r9o2y2FHS%2BOHHqxJY%2Fj2xb8Ghe4%3D,1,310956,0.49,4.99,1,90.180361,0,Positive,80,20,1877930,1644105600,1790874685,1.1,https://shared.fastly.steamstatic.com/store_item_assets/steam/apps/1877930/capsule_231x87.jpg?t=1740167477,2022-02-06 00:00:00+00:00,2022,02/06/22
BUGBUTCHER,Bug Butcher,/game/bug-butcher/,QxZnqNHmbxwf5A6gi%2FaERiIIBTpbOY%2FJL%2FT9njsogGo%3D,1,312259,0.49,4.99,1,90.180361,0,Mostly Positive,72,29,2010390,1656115200,1790875027,1.1,https://shared.fastly.steamstatic.com/store_item_assets/steam/apps/2010390/capsule_231x87.jpg?t=1732256099,2022-06-25 00:00:00+00:00,2022,06/25/22
SUDOKUFOREVER,Sudoku Forever,/game/sudoku-forever/,0mb%2FzlqI7gHpvJDiP24%2FYYUShrFVF0KMdnFncqKTBjE%3D,1,312265,0.49,4.99,1,90.180361,0,Mixed,66,21,1415620,1600992000,1790875879,1.1,https://shared.fastly.steamstatic.com/store_item_assets/steam/apps/1415620/capsule_231x87.jpg?t=1762114680,2020-09-25 00:00:00+00:00,2020,09/25/20
STEIIARIA,STEIIARIA,/game/steiiaria/,ew%2Fc7QxQhy%2FB1sZRBtjqobHLxqo4CaQ9TsU9araf55A%3D,1,312915,0.49,4.99,1,90.180361,0,Mostly Positive,70,24,1995090,1656115200,1790875032,1.1,https://shared.fastly.steamstatic.com/store_item_assets/steam/apps/1995090/59f46c5c14ee100b644a40c1b727e96908beee62/capsule_231x87.jpg?t=1763369552,2022-06-25 00:00:00+00:00,2022,06/25/22
CPUINVADERS3IATLAS,CPU Invaders - 3i Atlas,/game/cpu-invaders-3i-atlas/,CVo%2BKMt%2F1AE%2BsmIlX8G%2Fhdkg%2F%2F2LeTfTrgR4ViqVHdw%3D,1,313714,0.49,4.99,1,90.180361,0,Very Positive,98,78,4234170,1766361600,1790886983,2.3,https://shared.fastly.steamstatic.com/store_item_assets/steam/apps/4234170/b634fe779dc4606fa5ecf3716006516d6942db72/capsule_231x87.jpg?t=1771614430,2025-12-22 00:00:00+00:00,2025,12/22/25
TOMATOJONESEPISODE3,Tomato Jones - Episode 3,/game/tomato-jones-episode-3/,%2BiwjDzi8L4fVUDehZjvEyVyz0CRD0dKQaMVkeWG6QCs%3D,1,314285,0.49,4.99,1,90.180361,0,Mixed,68,22,788890,1517961600,1790875635,1.1,https://shared.fastly.steamstatic.com/store_item_assets/steam/apps/788890/capsule_231x87.jpg?t=1727008009,2018-02-07 00:00:00+00:00,2018,02/07/18
CRABBYBEACH,Crabby Beach,/game/crabby-beach/,JQeN8g3TcgAWPU3sL7mbDttAIi1Ithggnz380%2B5Uy%2F4%3D,1,315180,0.49,4.99,1,90.180361,0,Mostly Positive,72,22,1903490,1646870400,1790875078,1.1,https://shared.fastly.steamstatic.com/store_item_assets/steam/apps/1903490/capsule_231x87.jpg?t=1732263523,2022-03-10 00:00:00+00:00,2022,03/10/22
ROLLINGCAR,Rolling Car,,py85fBA%2BGVvChPzjzoBXvF4%2BJevAcbPyvw1KAW%2FWhw0%3D,1,316442,0.49,4.99,1,90.180361,0,Mixed,61,21,1682600,0,1790875735,1.1,https://shared.fastly.steamstatic.com/store_item_assets/steam/apps/1682600/capsule_231x87.jpg?t=1732262312,1970-01-01 00:00:00+00:00,1970,01/01/70
BRAVESURVIVOR,Brave Survivor,/game/brave-survivor/,eaWLpoknAHuohKqvlCXNG%2Bfd7%2BhCK0r16mY9dIAhvyE%3D,1,322845,0.49,4.99,1,90.180361,0,Mixed,69,23,1970520,1652400000,1790875779,1.1,https://shared.fastly.steamstatic.com/store_item_assets/steam/apps/1970520/capsule_231x87.jpg?t=1762254426,2022-05-13 00:00:00+00:00,2022,05/13/22
STRENGCHECK,Streng Check,/game/streng-check/,3aDZOBKOD2Zj7GDojFYACzeHYOpLgouVFRXftwvRFgA%3D,1,323397,0.49,4.99,1,90.180361,0,Mixed,52,23,295650,1553644800,1790875406,1.1,https://shared.fastly.steamstatic.com/store_item_assets/steam/apps/295650/capsule_231x87.jpg?t=1553688556,2019-03-27 00:00:00+00:00,2019,03/27/19
OVERHEAD,Overhead,,TrnRQrd11lWj1ua9B8fT3TQhgoxkQFqrWMFzEzAMbtg%3D,1,326719,0.49,4.99,1,90.180361,0,Mixed,45,20,765260,0,1790875844,1.1,https://shared.fastly.steamstatic.com/store_item_assets/steam/apps/765260/capsule_231x87.jpg?t=1613074138,1970-01-01 00:00:00+00:00,1970,01/01/70
JUNGLERUMBLE,Jungle Rumble,/game/jungle-rumble/,KcYNntzlM62P83cXU1sH%2FFkTsJCHrvyh6bvjfpYg%2FYs%3D,1,326843,0.49,4.99,1,90.180361,0,Mostly Positive,75,20,1608210,1619913600,1790875061,1.1,https://shared.fastly.steamstatic.com/store_item_assets/steam/apps/1608210/20370aeb4111f8df11fd6f70276f808e48035a2f/capsule_231x87.jpg?t=1784011954,2021-05-02 00:00:00+00:00,2021,05/02/21
CUBEPUZZLE,CubePuzzle,/game/cubepuzzle/,fa9haUyOwc8YTBJ5JqDfhcT9yTD7%2FyxFN4SGYkR1QY8%3D,1,327697,0.49,4.99,1,90.180361,0,Mixed,60,20,1683300,1627171200,1790875874,1.1,https://shared.fastly.steamstatic.com/store_item_assets/steam/apps/1683300/capsule_231x87.jpg?t=1762268578,2021-07-25 00:00:00+00:00,2021,07/25/21
MAGICFRAME,Magic Frame,/game/magic-frame/,iYYSqmn2DKVUNb4r8gQ7lF68cdxrTmLoiTskxfXkJNk%3D,1,229705,0.59,5.99,1,90.150250,0,Mixed,65,20,1611540,1620691200,1790875615,1.0,https://shared.fastly.steamstatic.com/store_item_assets/steam/apps/1611540/capsule_231x87.jpg?t=1732166765,2021-05-11 00:00:00+00:00,2021,05/11/21
JIGSAWFRAMERELAX,Jigsaw Frame: Relax,,jw%2Fo8FTUvKL3AORGfsME6u4Z9T3cJEwgtkuGpYhs%2Fxg%3D,1,292180,0.59,5.99,1,90.150250,0,Mixed,69,26,1685610,0,1790875793,1.0,https://shared.fastly.steamstatic.com/store_item_assets/steam/apps/1685610/capsule_231x87.jpg?t=1628312598,1970-01-01 00:00:00+00:00,1970,01/01/70
THATFLIPPINGMOUNTAIN,That Flipping Mountain,/game/that-flipping-mountain/,gvHIQPKQNue0ekMBNF6FT7EOlfIelb5Ovp2mJDtgy%2BY%3D,1,237310,0.69,6.99,1,90.128755,0,Very Positive,91,146,1072750,1637107200,1790191402,3.9,https://shared.fastly.steamstatic.com/store_item_assets/steam/apps/1072750/capsule_231x87.jpg?t=1644429640,2021-11-17 00:00:00+00:00,2021,11/17/21
HITMANCODENAME47,Hitman: Codename 47,/game/hitman-codename-47/,2vSrO%2B992pC019DXvVyLtO1sfDENnmuQOPj4xDdX45M%3D,1,1085,0.79,7.99,1,90.112641,73,Mixed,63,2047,6900,974592000,1790882582,9.2,https://shared.fastly.steamstatic.com/store_item_assets/steam/apps/6900/capsule_231x87.jpg?t=1732283914,2000-11-19 00:00:00+00:00,2000,11/19/00
GUNSNZOMBIES,Guns n Zombies,/game/guns-n-zombies-2014/,h773lelV6DNmLK1%2Bv5pYN%2BeE1WgX2dbMTgBuIpE1SAU%3D,1,111417,0.79,7.99,1,90.112641,0,Mixed,68,792,264300,1401667200,1790875472,5.0,https://shared.fastly.steamstatic.com/store_item_assets/steam/apps/264300/capsule_231x87.jpg?t=1478544791,2014-06-02 00:00:00+00:00,2014,06/02/14
VERLIESII,VERLIES II,/game/verlies-ii/,43Gsg%2FjM3TkIY6bYcE9pcT4yaBjGXiLku%2BeriKWHg88%3D,1,146221,0.79,7.99,1,90.112641,0,Mixed,60,115,371220,1443139200,1790875181,5.0,https://shared.fastly.steamstatic.com/store_item_assets/steam/apps/371220/capsule_231x87.jpg?t=1789016361,2015-09-25 00:00:00+00:00,2015,09/25/15
CHASINGTAILSAPROMISEINTHESNOW,Chasing Tails A Promise in the Snow,/game/chasing-tails-a-promise-in-the-snow-/,2HNnYWni%2BMv3g9e1EozaqWF%2BBJEaEnCujQxe2RVAdZg%3D,1,243126,0.79,7.99,1,90.112641,0,Very Positive,92,688,1555110,1628812800,1790882790,5.0,https://shared.fastly.steamstatic.com/store_item_assets/steam/apps/1555110/88233bf0ccdbb83cd5f60e524bc966af5b5aaa4a/capsule_231x87.jpg?t=1787237291,2021-08-13 00:00:00+00:00,2021,08/13/21
PERSEUSTITANSLAYER,Perseus: Titan Slayer,/game/perseus-titan-slayer/,mD0AXCBNLGkoVo%2FPQHpR0ToetDyQuCisZsnBjVu68p4%3D,1,257145,0.79,7.99,1,90.112641,0,Mixed,63,348,2003050,1676246400,1790875036,5.0,https://shared.fastly.steamstatic.com/store_item_assets/steam/apps/2003050/capsule_231x87.jpg?t=1721738689,2023-02-13 00:00:00+00:00,2023,02/13/23
SUICIDEGUYTHELOSTDREAMS,Suicide Guy: The Lost Dreams,/game/suicide-guy-the-lost-dreams/,CPYJmSsMLXGdWk013LcabweM64Px5b9UIILJAImCq%2Fg%3D,1,273294,0.79,7.99,1,90.112641,0,Very Positive,82,135,2423470,1694649600,1790886445,5.0,https://shared.fastly.steamstatic.com/store_item_assets/steam/apps/2423470/capsule_231x87.jpg?t=1737451209,2023-09-14 00:00:00+00:00,2023,09/14/23
NURTOPU,NURTOPU,/game/nurtopu/,ZGmtfrSFAWmUAPaK9AwbCUepO8uIBEEX2agHauu3CsQ%3D,1,279581,0.79,7.99,1,90.112641,0,Very Positive,95,69,2570950,1693958400,1790367013,0.2,https://shared.fastly.steamstatic.com/store_item_assets/steam/apps/2570950/capsule_231x87.jpg?t=1720130681,2023-09-06 00:00:00+00:00,2023,09/06/23
HITMAN2SILENTASSASSIN,Hitman 2: Silent Assassin,/game/hitman-2-silent-assassin/,9LFlfPPXEpdvcFz68YG4VUutBRsMNuc2at1lcODyQYk%3D,1,334,0.89,8.99,1,90.100111,87,Mostly Positive,78,1860,6850,1033430400,1790882291,10.0,https://shared.fastly.steamstatic.com/store_item_assets/steam/apps/6850/capsule_231x87.jpg?t=1732293077,2002-10-01 00:00:00+00:00,2002,10/01/02
DIMENSITY,Dimensity,/game/dimensity/,Jvqls1cjcstuEztcJU30nJY%2BKE1EOyNrAHa%2FI%2BUU0h4%3D,1,945,0.89,8.99,1,90.100111,0,Mostly Negative,34,26,46720,1228694400,1790878346,1.0,https://shared.fastly.steamstatic.com/store_item_assets/steam/apps/46720/capsule_231x87.jpg?t=1759942673,2008-12-08 00:00:00+00:00,2008,12/08/08
HITMANCONTRACTS,Hitman: Contracts,/game/hitman-contracts/,iC54%2BX0t4veZAfCLDS%2Fg9ce%2FGQ2XcQ%2B6SWXjEjdDWEY%3D,1,104616,0.89,8.99,1,90.100111,74,Very Positive,85,1486,247430,1082419200,1790882252,9.3,https://shared.fastly.steamstatic.com/store_item_assets/steam/apps/247430/capsule_231x87.jpg?t=1744238518,2004-04-20 00:00:00+00:00,2004,04/20/04
FAIRSPACE,Fairspace,/game/fairspace/,DSGz74VLlIV8Wh52dOpuqG2pe%2FxdmibORgpZ%2F%2FY43IA%3D,1,132519,0.89,8.99,1,90.100111,0,Mixed,64,28,321350,1412899200,1790875785,1.0,https://shared.fastly.steamstatic.com/store_item_assets/steam/apps/321350/capsule_231x87.jpg?t=1684953312,2014-10-10 00:00:00+00:00,2014,10/10/14
CITYOFCHAINS,City of Chains,/game/city-of-chains/,XtDrZJNpoBF8YrSWpPn815Pf7BB%2FfT04%2Bq6Z91x86HU%3D,1,147370,0.89,8.99,1,90.100111,0,Mostly Positive,75,160,412170,1449532800,1790874672,5.0,https://shared.fastly.steamstatic.com/store_item_assets/steam/apps/412170/capsule_231x87.jpg?t=1724973289,2015-12-08 00:00:00+00:00,2015,12/08/15
TALEWIND,Talewind,/game/talewind/,gYvDiQs96we%2FufLAS63P15bd4Li9KaLc2gnA0iAtYWY%3D,1,158845,0.89,8.99,1,90.100111,0,Mixed,62,85,441250,1474502400,1790878105,1.0,https://shared.fastly.steamstatic.com/store_item_assets/steam/apps/441250/capsule_231x87.jpg?t=1682466375,2016-09-22 00:00:00+00:00,2016,09/22/16
MINIGOLFARENA,Mini Golf Arena,,e9i8%2BMGidVuSExGXUQQSFjLNMimHm2C5iBBCKFV3z%2Bo%3D,1,186302,0.89,8.99,1,90.100111,0,Mixed,51,385,485670,0,1790875799,5.0,https://shared.fastly.steamstatic.com/store_item_assets/steam/apps/485670/capsule_231x87.jpg?t=1667070812,1970-01-01 00:00:00+00:00,1970,01/01/70
THEFORGOTTENLAND,The Forgotten Land,/game/the-forgotten-land/,lRoe3FKYR%2FDPZO9UUhdorRaaHcEe0iIB2QPoD95Eqkw%3D,1,217058,0.89,8.99,1,90.100111,0,Mostly Positive,72,87,1099460,1592265600,1790875236,1.0,https://shared.fastly.steamstatic.com/store_item_assets/steam/apps/1099460/capsule_231x87.jpg?t=1725373302,2020-06-16 00:00:00+00:00,2020,06/16/20
RADICALRABBITSTEW,Radical Rabbit Stew,/game/radical-rabbit-stew/,8ykoYKQ5PaKvaey%2FlTChv%2B4%2F9RioiV7Wvq5BcKnsuvU%3D,1,218058,0.89,8.99,1,90.100111,0,Very Positive,98,131,1232010,1594857600,1790886953,5.0,https://shared.fastly.steamstatic.com/store_item_assets/steam/apps/1232010/capsule_231x87.jpg?t=1754999586,2020-07-16 00:00:00+00:00,2020,07/16/20
BEASTIESMONSTERTRAINERPUZZLERPG,Beasties - Monster Trainer Puzzle RPG,,rUE6NZX3PYBzPM%2BBFJAOxup%2BhgLIpqOwU9t4xu7qBgQ%3D,1,249309,0.89,8.99,1,90.100111,0,Mixed,46,45,1592600,0,1790875950,1.0,https://shared.fastly.steamstatic.com/store_item_assets/steam/apps/1592600/capsule_231x87.jpg?t=1725374407,1970-01-01 00:00:00+00:00,1970,01/01/70
HEXROGUE,Hexrogue,/game/hexrogue/,2j0sha1fJLcEAjpToFf7hY4ZAW1gLdCkD%2FoeOTFGYgE%3D,1,255621,0.89,8.99,1,90.100111,0,Positive,93,30,1924940,1673136000,1790874721,1.0,https://shared.fastly.steamstatic.com/store_item_assets/steam/apps/1924940/capsule_231x87.jpg?t=1772170595,2023-01-08 00:00:00+00:00,2023,01/08/23
SUICIDEGUYDELUXEPLUS,Suicide Guy Deluxe Plus,/game/suicide-guy-deluxe-plus/,LSiKsrDzqV43U2RtXzBeaOxerd5ELNmovVnR%2BaVHZOI%3D,1,260386,0.89,8.99,1,90.100111,0,Very Positive,80,457,1972820,1653523200,1790886171,5.0,https://shared.fastly.steamstatic.com/store_item_assets/steam/apps/1972820/capsule_231x87.jpg?t=1764277234,2022-05-26 00:00:00+00:00,2022,05/26/22
PILLARSOFLIGHT,Pillars of Light,/game/pillars-of-light/,lOuUGaYuBfE%2BZOD9ytiPThLV7P%2By8hzOhSeDot9FpKU%3D,1,289776,0.89,8.99,1,90.100111,0,Positive,95,23,1898560,1664409600,1790714868,0.7,https://shared.fastly.steamstatic.com/store_item_assets/steam/apps/1898560/13f4c68bf25281f77d9c688b9ed79e1c58ae9e4c/capsule_231x87.jpg?t=1765356176,2022-09-29 00:00:00+00:00,2022,09/29/22
VIKINGRAGE,Viking Rage,/game/viking-rage/,u2LwCFYow3UbDQx6qjWxWrwEaAe4QJoDmGSLPPCcQ4g%3D,1,168525,0.89,8.99,1,90.100111,0,Mixed,61,21,589150,1493337600,1790875859,1.0,https://shared.fastly.steamstatic.com/store_item_assets/steam/apps/589150/capsule_231x87.jpg?t=1717594989,2017-04-28 00:00:00+00:00,2017,04/28/17
THELASTSAVIOUR,The Last Saviour,,%2B%2BwLuFK8XVjI%2BPEeS9yCsM8G75OmGCf0uRBW78ByEnE%3D,1,308718,0.89,8.99,1,90.100111,0,Mixed,66,21,1339870,0,1790875843,1.0,https://shared.fastly.steamstatic.com/store_item_assets/steam/apps/1339870/capsule_231x87.jpg?t=1773845407,1970-01-01 00:00:00+00:00,1970,01/01/70
GROTESQUETACTICS2DUNGEONSANDDONUTS,Grotesque Tactics 2  Dungeons and Donuts,/game/grotesque-tactics-2-dungeons-and-donuts/,NWUVBdBiDuuChtu3POmA9wguu0oThAKp7CAPOj3U%2B%2F4%3D,1,65,0.99,9.99,1,90.090090,48,Mixed,52,175,46570,1321833600,1790875738,8.5,https://shared.fastly.steamstatic.com/store_item_assets/steam/apps/46570/capsule_231x87.jpg?t=1717596746,2011-11-21 00:00:00+00:00,2011,11/21/11
DUNGEONSTHEDARKLORD,Dungeons - The Dark Lord,/game/dungeons-the-dark-lord/,cgZ1HmrNvRxOSNuqE4DSpxtjEUW929ac7M8%2BX8Vfv20%3D,1,210,0.99,9.99,1,90.090090,72,Mixed,41,228,200550,1317081600,1790874681,9.2,https://shared.fastly.steamstatic.com/store_item_assets/steam/apps/200550/capsule_231x87.jpg?t=1730284914,2011-09-27 00:00:00+00:00,2011,09/27/11
SERIOUSSAMDOUBLEDXXL,Serious Sam Double D XXL,,YrL5fcxy7jbrQtuD1%2F%2BIWBSncDWdSGsrdPraRAsGvdo%3D,1,102379,0.99,9.99,1,90.090090,0,Very Positive,83,666,111600,0,1790886272,5.0,https://shared.fastly.steamstatic.com/store_item_assets/steam/apps/111600/d3bb3913ea0809ad7c3ecbc17f0cb1a0526d124f/capsule_231x87.jpg?t=1774110552,1970-01-01 00:00:00+00:00,1970,01/01/70
ANOMALYWARZONEEARTH,Anomaly: Warzone Earth,/game/anomaly-warzone-earth/,XOYard89AJhM%2BioC7Cc50MyY9xVZtCIttfcZaNymw38%3D,1,343,0.99,9.99,1,90.090090,80,Very Positive,84,1012,91200,1302220800,1790886719,9.6,https://shared.fastly.steamstatic.com/store_item_assets/steam/apps/91200/capsule_231x87.jpg?t=1634818526,2011-04-08 00:00:00+00:00,2011,04/08/11
MENOFWARASSAULTSQUAD,Men of War: Assault Squad,/game/men-of-war-assault-squad/,%2Bsmwra9kpQRFsYafuAE6kr0KQhweQpU9QZp1HBmUf94%3D,1,403,0.99,9.99,1,90.090090,77,Very Positive,88,1913,64000,1298592000,1790883098,9.4,https://shared.fastly.steamstatic.com/store_item_assets/steam/apps/64000/a69c47dd357da4460a722a1e1c7d7ba72b00d4d0/capsule_231x87.jpg?t=1773656168,2011-02-25 00:00:00+00:00,2011,02/25/11
HITMANBLOODMONEY,Hitman: Blood Money,/game/hitman-blood-money/,2UqLyfZAFXpy7n5Uf9v2xwgCFKdnEQqVLvt6%2FkOSuYg%3D,1,429,0.99,9.99,1,90.090090,82,Very Positive,94,6717,6860,1148947200,1790882065,9.7,https://shared.fastly.steamstatic.com/store_item_assets/steam/apps/6860/capsule_231x87.jpg?t=1732283123,2006-05-30 00:00:00+00:00,2006,05/30/06
HAMILTONSGREATADVENTURE,Hamilton's Great Adventure,/game/hamiltons-great-adventure/,x8Kfgl9R76ZwLqlksfLm3JyHByHXnS0v0Szr7FjEwpw%3D,1,463,0.99,9.99,1,90.090090,77,Mixed,69,230,42140,1306800000,1790875299,9.4,https://shared.fastly.steamstatic.com/store_item_assets/steam/apps/42140/capsule_231x87.jpg?t=1591085088,2011-05-31 00:00:00+00:00,2011,05/31/11
GROTESQUETACTICSEVILHEROES,Grotesque Tactics: Evil Heroes,/game/grotesque-tactics-evil-heroes/,di8Rqg%2Fq9iuf3Sf0IUCgsL%2BIaQbFhTF4nQN%2Fzxr2JPc%3D,1,641,0.99,9.99,1,90.090090,65,Mixed,61,320,46450,1287100800,1790875693,8.9,https://shared.fastly.steamstatic.com/store_item_assets/steam/apps/46450/capsule_231x87.jpg?t=1717595888,2010-10-15 00:00:00+00:00,2010,10/15/10
DIVETOTHETITANIC,Dive to the Titanic,/game/dive-to-the-titanic/,aBbdRXCeNhyZmlkaNM4pNNBlDA8SDOdQnU9Mn7D3GIA%3D,1,680,0.99,9.99,1,90.090090,0,Mostly Negative,38,95,65200,1292544000,1790878269,1.0,https://shared.fastly.steamstatic.com/store_item_assets/steam/apps/65200/capsule_231x87.jpg?t=1768874449,2010-12-17 00:00:00+00:00,2010,12/17/10
SHERLOCKHOLMESVERSUSJACKTHERIPPER,Sherlock Holmes versus Jack the Ripper,,lNMso3s7x1NHjnk50VNaZm2kLnsgqI%2BUGIsYF8khZ1g%3D,1,690,0.99,9.99,1,90.090090,0,Very Positive,81,1225,11190,0,1790883160,5.0,https://shared.fastly.steamstatic.com/store_item_assets/steam/apps/11190/capsule_231x87.jpg?t=1667209418,1970-01-01 00:00:00+00:00,1970,01/01/70
NEXUSTHEJUPITERINCIDENT,Nexus - The Jupiter Incident,/game/nexus-the-jupiter-incident/,kwlM7pvAdQf0FSVy9FSdYM8EkkH8QKF1fYuJ0utpN6g%3D,1,726,0.99,9.99,1,90.090090,77,Very Positive,85,988,6420,1109203200,1790886138,9.4,https://shared.fastly.steamstatic.com/store_item_assets/steam/apps/6420/da953624bf349e607e5ded969ea75b138722cd1a/capsule_231x87.jpg?t=1790151855,2005-02-24 00:00:00+00:00,2005,02/24/05
SHADOWGROUNDSSURVIVOR,Shadowgrounds Survivor,/game/shadowgrounds-survivor/,fWiWe66c%2BRD0iC3wIKwwX8yxZuxj4YaKKRyiA5AABxk%3D,1,727,0.99,9.99,1,90.090090,79,Mixed,62,584,11200,1194998400,1790874979,9.5,https://shared.fastly.steamstatic.com/store_item_assets/steam/apps/11200/capsule_231x87.jpg?t=1725011465,2007-11-14 00:00:00+00:00,2007,11/14/07
ALIENBREED2ASSAULT,Alien Breed 2: Assault,/game/alien-breed-2-assault/,sTKP7%2FsAUcV5EehF2%2FXmmAocdn8TLoOqx7TlVxdQ4Hw%3D,1,800,0.99,9.99,1,90.090090,63,Mostly Positive,77,426,22650,1285113600,1789664671,6.9,https://shared.fastly.steamstatic.com/store_item_assets/steam/apps/22650/capsule_231x87.jpg?t=1668766470,2010-09-22 00:00:00+00:00,2010,09/22/10
EVILGENIUS,Evil Genius,/game/evil-genius/,EzzEvAvunBxvNdePvTwnzmKDv1w8UJTueI18Ej51btY%3D,1,873,0.99,9.99,1,90.090090,75,Very Positive,94,2370,3720,1096329600,1790883134,9.3,https://shared.fastly.steamstatic.com/store_item_assets/steam/apps/3720/capsule_231x87.jpg?t=1721932669,2004-09-28 00:00:00+00:00,2004,09/28/04
SECRETFILES2PURITASCORDIS,Secret Files 2: Puritas Cordis,/game/secret-files-2-puritas-cordis/,Kyhe7EzJisNvcxXyXLZgF31uFRjWT7La6Cno9p6gyIw%3D,1,1111,0.99,9.99,1,90.090090,64,Very Positive,85,205,40340,1256774400,1789677358,6.9,https://shared.fastly.steamstatic.com/store_item_assets/steam/apps/40340/capsule_231x87.jpg?t=1709649815,2009-10-29 00:00:00+00:00,2009,10/29/09
SECRETFILESTUNGUSKA,Secret Files Tunguska,/game/secret-files-tunguska/,%2BiMcpPXedi%2FTu7l6X5QLPJ3FnKoVxUC%2FuLbj0HtXJo8%3D,1,1112,0.99,9.99,1,90.090090,66,Very Positive,86,375,40330,1162166400,1789677208,7.0,https://shared.fastly.steamstatic.com/store_item_assets/steam/apps/40330/capsule_231x87.jpg?t=1645612053,2006-10-30 00:00:00+00:00,2006,10/30/06
WORLDOFZOO,World of Zoo,/game/world-of-zoo/,9yP6Mx2XvkldVnfh2wv6hatFHCcnvE0ebY4iPiQmY0Q%3D,1,1164,0.99,9.99,1,90.090090,0,Very Positive,80,183,43100,1256860800,1790886059,5.0,https://shared.fastly.steamstatic.com/store_item_assets/steam/apps/43100/capsule_231x87.jpg?t=1790170747,2009-10-30 00:00:00+00:00,2009,10/30/09
CITYLIFE2008,City Life 2008,,kk6mJbxmY%2FOmeW9m31M60rr8MKkGk6ayMEvpTC%2B47MU%3D,1,1329,0.99,9.99,1,90.090090,66,Very Positive,80,243,4460,0,1790886935,9.0,https://shared.fastly.steamstatic.com/store_item_assets/steam/apps/4460/capsule_231x87.jpg?t=1712848950,1970-01-01 00:00:00+00:00,1970,01/01/70
ANDYETITMOVES,And Yet It Moves,/game/and-yet-it-moves/,iy0FMy%2BypU0Su2MbL4hdTfQt2J6CeVpP3AkKSON1jl0%3D,1,1341,0.99,9.99,1,90.090090,75,Very Positive,81,349,18700,1238630400,1790886478,9.3,https://shared.fastly.steamstatic.com/store_item_assets/steam/apps/18700/86a1b9ae324129cca5ac5314b05b341b0f3e8188/capsule_231x87.jpg?t=1748516696,2009-04-02 00:00:00+00:00,2009,04/02/09
SHERLOCKHOLMESTHEMYSTERYOFTHEPERSIANCARPET,Sherlock Holmes: The Mystery of the Persian Carpet,/game/sherlock-holmes-the-mystery-of-the-persian-carpet/,a0SR2XRqujFvoh%2FkAdZisw8dgGuia4trzcIU3fpHeuc%3D,1,1450,0.99,9.99,1,90.090090,0,Mixed,40,541,11180,1210291200,1790874941,5.0,https://shared.fastly.steamstatic.com/store_item_assets/steam/apps/11180/capsule_231x87.jpg?t=1667206751,2008-05-09 00:00:00+00:00,2008,05/09/08
SHERLOCKHOLMESANDTHEHOUNDOFTHEBASKERVILLES,Sherlock Holmes and The Hound of The Baskervilles,/game/sherlock-holmes-and-the-hound-of-the-baskervilles-2011/,vEOLquWhdMFTXXepZsbl3qo2AI2oVjU39dgIUeFaYks%3D,1,87412,0.99,9.99,1,90.090090,0,Very Positive,89,779,209230,1289520000,1790886042,5.0,https://shared.fastly.steamstatic.com/store_item_assets/steam/apps/209230/capsule_231x87.jpg?t=1660124312,2010-11-12 00:00:00+00:00,2010,11/12/10
BANGBANGRACING,Bang Bang Racing,/game/bang-bang-racing/,47oTJJtHYY5w5mkF0p16GOsuhMPQh7Znsleu9ErdBuk%3D,1,88159,0.99,9.99,1,90.090090,0,Very Positive,86,356,207020,1339113600,1790886340,5.0,https://shared.fastly.steamstatic.com/store_item_assets/steam/apps/207020/467506264438c12ee09f3cda8431ec4a73abca9b/capsule_231x87.jpg?t=1790092431,2012-06-08 00:00:00+00:00,2012,06/08/12
KUNGFUSTRIKETHEWARRIORSRISE,Kung Fu Strike: The Warrior's Rise,/game/kung-fu-strike-the-warriors-rise/,uPQWQ%2FaiTN4%2FK2tB6oGuTdgbmtwJf1WUwWdRLDZw95Y%3D,1,88525,0.99,9.99,1,90.090090,63,Mostly Positive,79,728,212030,1343088000,1790536832,8.3,https://shared.fastly.steamstatic.com/store_item_assets/steam/apps/212030/capsule_231x87.jpg?t=1757311120,2012-07-24 00:00:00+00:00,2012,07/24/12
DEPONIA,Deponia,/game/deponia/,y3VsrxQi7K11NXwwKjG1Md0hTFYuNERBjvkaFlaLieQ%3D,1,88328,0.99,9.99,1,90.090090,74,Mostly Positive,77,3078,214340,1344211200,1790882913,9.3,https://shared.fastly.steamstatic.com/store_item_assets/steam/apps/214340/capsule_231x87.jpg?t=1789381815,2012-08-06 00:00:00+00:00,2012,08/06/12
SECRETFILES3,Secret Files 3,/game/secret-files-3/,mWZHfvKHUhbzYKPLtNPEUqTid%2F5AaTUNqbswS%2B0gngk%3D,1,88990,0.99,9.99,1,90.090090,67,Mixed,69,182,216210,1347494400,1789667839,7.0,https://shared.fastly.steamstatic.com/store_item_assets/steam/apps/216210/capsule_231x87.jpg?t=1642668593,2012-09-13 00:00:00+00:00,2012,09/13/12
DOGFIGHT1942,Dogfight 1942,/game/dogfight-1942/,SEAVtvZXQ45rKH2UZu6thEze4yk9wRIeCjX%2F1%2BsvwwY%3D,1,89136,0.99,9.99,1,90.090090,0,Very Positive,80,707,217790,1348185600,1790886001,5.0,https://shared.fastly.steamstatic.com/store_item_assets/steam/apps/217790/capsule_231x87.jpg?t=1589357017,2012-09-21 00:00:00+00:00,2012,09/21/12
FLATOUT3CHAOSANDDESTRUCTION,Flatout 3: Chaos and Destruction,/game/flatout-3-chaos-and-destruction/,NkCzQpun16Bi2I5blC0ylvUj9TmdomjcqQgOy%2Fozg6M%3D,1,4056,0.99,9.99,1,90.090090,23,Overwhelmingly Negative,18,1369,201510,1323734400,1790878141,8.1,https://shared.fastly.steamstatic.com/store_item_assets/steam/apps/201510/capsule_231x87.jpg?t=1750135069,2011-12-13 00:00:00+00:00,2011,12/13/11
POSTAL2,POSTAL 2,/game/postal-2/,TlsYUyn%2BL3V5VCSvqX0WQEAOZQE8e5c%2F%2BgWNrMJhTsw%3D,1,103444,0.99,9.99,1,90.090090,50,Overwhelmingly Positive,97,43631,223470,1050278400,1790881663,8.5,https://shared.fastly.steamstatic.com/store_item_assets/steam/apps/223470/capsule_231x87.jpg?t=1782946265,2003-04-14 00:00:00+00:00,2003,04/14/03
FLYN,Fly'N,/game/flyn/,opvRO6EmojLMoFINeyLgNxW3s7OiHJDIJ5OsYI2Zb%2BU%3D,1,93749,0.99,9.99,1,90.090090,80,Very Positive,92,290,223730,1352419200,1790886745,9.6,https://shared.fastly.steamstatic.com/store_item_assets/steam/apps/223730/capsule_231x87.jpg?t=1753954633,2012-11-09 00:00:00+00:00,2012,11/09/12
SNIPERGHOSTWARRIOR2,Sniper Ghost Warrior 2,/game/sniper-ghost-warrior-2/,4s%2Bxh1kq6pU3zx6gV48HMCUf0ASMiX3HuhV9%2F%2BsWhEs%3D,1,88370,0.99,9.99,1,90.090090,52,Mostly Positive,70,3981,34870,1362960000,1790882696,8.6,https://shared.fastly.steamstatic.com/store_item_assets/steam/apps/34870/capsule_231x87.jpg?t=1728377753,2013-03-11 00:00:00+00:00,2013,03/11/13
ALIENSPIDY,Alien Spidy,/game/alien-spidy/,m4QSsEXPc9%2B4wNJREwjtM5%2F0iHhHl0r6wZof1V2d7Kw%3D,1,95969,0.99,9.99,1,90.090090,0,Mixed,51,41,207000,1363737600,1790875994,1.0,https://shared.fastly.steamstatic.com/store_item_assets/steam/apps/207000/capsule_231x87.jpg?t=1627897763,2013-03-20 00:00:00+00:00,2013,03/20/13
RUSHBROS,Rush Bros.,/game/rush-bros/,3FlR1esdWm2ACSbiD40h4ftc9SRgYWcHWA0h5uvhRUo%3D,1,94048,0.99,9.99,1,90.090090,54,Mixed,63,269,234490,1359417600,1790875945,8.6,https://shared.fastly.steamstatic.com/store_item_assets/steam/apps/234490/capsule_231x87.jpg?t=1729044490,2013-01-29 00:00:00+00:00,2013,01/29/13
THEAPOGEETHROWBACKPACK,The Apogee Throwback Pack,/game/the-apogee-throwback-pack/,iuhbTL70ObgxtgK89PhLCaduKpeXC%2FZBpPJpWO4q7jw%3D,1,99862,0.99,9.99,1,90.090090,0,Very Positive,92,285,238050,1372636800,1790886168,5.0,https://shared.fastly.steamstatic.com/store_item_assets/steam/apps/238050/capsule_231x87.jpg?t=1788197545,2013-07-01 00:00:00+00:00,2013,07/01/13
SHADOWWARRIORCLASSICREDUX,Shadow Warrior Classic Redux,/game/shadow-warrior-classic-redux/,YYG0QbSlwGk3DCSp3qOAsSVPn9BxjcBROfWuWbp8Jz8%3D,1,100106,0.99,9.99,1,90.090090,0,Very Positive,88,1892,225160,1373241600,1790882603,5.0,https://shared.fastly.steamstatic.com/store_item_assets/steam/apps/225160/capsule_231x87.jpg?t=1706008342,2013-07-08 00:00:00+00:00,2013,07/08/13
URBANTRIALFREESTYLE,Urban Trial Freestyle,/game/urban-trial-freestyle/,%2FEEkM8ngzWW7AlzThCAJDZGDbeunKUdVLqmFreMyiFI%3D,1,101423,0.99,9.99,1,90.090090,58,Very Positive,84,1347,243450,1379462400,1790886450,8.7,https://shared.fastly.steamstatic.com/store_item_assets/steam/apps/243450/capsule_231x87.jpg?t=1712232235,2013-09-18 00:00:00+00:00,2013,09/18/13
VOLGARRTHEVIKING,Volgarr the Viking,/game/volgarr-the-viking/,MW85ES6UEZpIKwzJCXmsQqLRL5Yn5hNQj6MY1k9cGdA%3D,1,101616,0.99,9.99,1,90.090090,76,Very Positive,84,1620,247240,1379030400,1790885988,9.4,https://shared.fastly.steamstatic.com/store_item_assets/steam/apps/247240/capsule_231x87.jpg?t=1776796397,2013-09-13 00:00:00+00:00,2013,09/13/13
DARKMATTER,Dark Matter,/game/dark-matter/,9zKqU%2Boz1uDVkmqEzRBwS7SZU0pIzm8tntjaBBWiArc%3D,1,3806,0.99,9.99,1,90.090090,0,Mixed,44,201,251410,1525392000,1790875360,5.0,https://shared.fastly.steamstatic.com/store_item_assets/steam/apps/251410/capsule_231x87.jpg?t=1772800905,2018-05-04 00:00:00+00:00,2018,05/04/18
SECRETFILESSAMPETERS,Secret Files: Sam Peters,/game/secret-files-sam-peters/,bXLU5CUEZ5VYh6SDL7Pm20kYycS4IDBvZxgKulsYJUQ%3D,1,102356,0.99,9.99,1,90.090090,0,Mostly Positive,72,205,257220,1382054400,1789665395,3.0,https://shared.fastly.steamstatic.com/store_item_assets/steam/apps/257220/capsule_231x87.jpg?t=1709650168,2013-10-18 00:00:00+00:00,2013,10/18/13
DRACULALOVEKILLS,Dracula: Love Kills,/game/dracula-love-kills/,psVa0Kv0fSVBdAwJUMMLaAn3t4uCHlKq9YO3pszy%2B%2FU%3D,1,102534,0.99,9.99,1,90.090090,0,Very Positive,80,298,252890,1307664000,1790886164,5.0,https://shared.fastly.steamstatic.com/store_item_assets/steam/apps/252890/capsule_231x87.jpg?t=1667209930,2011-06-10 00:00:00+00:00,2011,06/10/11
BLACKGUARDS,Blackguards,/game/blackguards/,b3i1%2BPEnZsWXh7%2B3AVvE2mKJK3yCXfiRlrLoQ3TkFyE%3D,1,102695,0.99,9.99,1,90.090090,68,Mixed,59,1271,249650,1390348800,1790886472,9.0,https://shared.fastly.steamstatic.com/store_item_assets/steam/apps/249650/capsule_231x87.jpg?t=1789474447,2014-01-22 00:00:00+00:00,2014,01/22/14
SIGNALOPS,Signal Ops,/game/signal-ops/,XNxSP8HJYxq%2FbiEvC3T37l7mkvCvQCGNmD87NtE%2FxWM%3D,1,97567,0.99,9.99,1,90.090090,61,Mixed,69,81,257770,1365120000,1790875713,4.8,https://shared.fastly.steamstatic.com/store_item_assets/steam/apps/257770/capsule_231x87.jpg?t=1728179709,2013-04-05 00:00:00+00:00,2013,04/05/13
SECRETSOFRTIKON,Secrets of Rtikon,,lD75e5Z8r5XrP3iGkTLE2e%2FmUKetAbZi6G9%2BxOC%2B0%2Fo%3D,1,104362,0.99,9.99,1,90.090090,0,Mixed,69,171,246680,0,1790875285,5.0,https://shared.fastly.steamstatic.com/store_item_assets/steam/apps/246680/9bb27dec11bcabb8f97519d6efdfac5a4892d10b/capsule_231x87.jpg?t=1761836481,1970-01-01 00:00:00+00:00,1970,01/01/70
HOLYAVATARVSMAIDENSOFTHEDEAD,Holy Avatar vs Maidens of the Dead,/game/holy-avatar-vs-maidens-of-the-dead/,HSJHNDJNYtdc8A4ZuxZCIHQGmmtGxKfuV2kkOemc5C8%3D,1,96605,0.99,9.99,1,90.090090,0,Mixed,59,113,261720,1361404800,1790875179,5.0,https://shared.fastly.steamstatic.com/store_item_assets/steam/apps/261720/capsule_231x87.jpg?t=1717596196,2013-02-21 00:00:00+00:00,2013,02/21/13
BRAVELAND,Braveland,/game/braveland/,TKHfEBlePnfzNpfj1edzo3zCyfLFfSeHefPg827JZnM%3D,1,107681,0.99,9.99,1,90.090090,0,Very Positive,80,1211,285800,1395014400,1790886811,5.0,https://shared.fastly.steamstatic.com/store_item_assets/steam/apps/285800/capsule_231x87.jpg?t=1713375716,2014-03-17 00:00:00+00:00,2014,03/17/14
MXGPTHEOFFICIALMOTOCROSSVIDEOGAME,MXGP  The Official Motocross Videogame,/game/mxgp-the-official-motocross-videogame/,Yp81BD4Aol1n%2B6cbdh3U2BfzkR%2FM5pk71dbfNhQm97A%3D,1,104619,0.99,9.99,1,90.090090,0,Very Positive,82,1290,256370,1395964800,1790886595,5.0,https://shared.fastly.steamstatic.com/store_item_assets/steam/apps/256370/capsule_231x87.jpg?t=1762855842,2014-03-28 00:00:00+00:00,2014,03/28/14
IHFHANDBALLCHALLENGE14,IHF Handball Challenge 14,/game/ihf-handball-challenge-14/,rNjVjiKChkm0w5AiBVwfUkaw1D8DzXoMcBAGGx9stAo%3D,1,108038,0.99,9.99,1,90.090090,0,Mixed,50,52,279460,1395964800,1790875707,1.0,https://shared.fastly.steamstatic.com/store_item_assets/steam/apps/279460/capsule_231x87.jpg?t=1750429434,2014-03-28 00:00:00+00:00,2014,03/28/14
INFECTONATORSURVIVORS,Infectonator : Survivors,/game/infectonator-survivors/,0ufwueVJxAG1X4%2Fw%2FOJtDynyOk7YQWGn7UYA3%2Fn%2FH48%3D,1,108314,0.99,9.99,1,90.090090,0,Mixed,67,1002,269310,1470614400,1789665078,3.0,https://shared.fastly.steamstatic.com/store_item_assets/steam/apps/269310/capsule_231x87.jpg?t=1790233774,2016-08-08 00:00:00+00:00,2016,08/08/16
ORCATTACKFLATULENTREBELLION,Orc Attack: Flatulent Rebellion,/game/orc-attack-flatulent-rebellion/,gM9jHeTnIIgPyt%2FsMX0LaMnWi2IwXwquZZHO3omCW3E%3D,1,109461,0.99,9.99,1,90.090090,0,Mixed,40,25,268520,1400112000,1790875704,1.0,https://shared.fastly.steamstatic.com/store_item_assets/steam/apps/268520/capsule_231x87.jpg?t=1749358163,2014-05-15 00:00:00+00:00,2014,05/15/14
SHINYTHEFIREFLY,Shiny the Firefly,/game/shiny-the-firefly/,GdXH2xCRMpcJzXtAQhv4EMOyZT6vP7YUZWA%2BSke7BvA%3D,1,109516,0.99,9.99,1,90.090090,0,Mostly Positive,76,52,277510,1400198400,1790875068,1.0,https://shared.fastly.steamstatic.com/store_item_assets/steam/apps/277510/capsule_231x87.jpg?t=1717901136,2014-05-16 00:00:00+00:00,2014,05/16/14
PANZERELITEACTIONGOLDEDITION,Panzer Elite Action Gold Edition,/game/panzer-elite-action-gold-edition/,eh9h9vtcXOHzZ3cQt7HU8ikmHQonF1a3EyrO4nRnBjs%3D,1,109557,0.99,9.99,1,90.090090,0,Mixed,44,229,292420,1400198400,1790874636,5.0,https://shared.fastly.steamstatic.com/store_item_assets/steam/apps/292420/capsule_231x87.jpg?t=1790158774,2014-05-16 00:00:00+00:00,2014,05/16/14
ANOMALYDEFENDERS,Anomaly Defenders,/game/anomaly-defenders/,LkZ%2Flh6TzbsugaN7H2xISSa%2Bjt1xGKxgssuf8emE6Sk%3D,1,111307,0.99,9.99,1,90.090090,70,Mostly Positive,75,409,294750,1401321600,1790874615,9.1,https://shared.fastly.steamstatic.com/store_item_assets/steam/apps/294750/capsule_231x87.jpg?t=1636461805,2014-05-29 00:00:00+00:00,2014,05/29/14
MOTOGP14,MotoGP 14,/game/motogp-14/,TQYOQwcaI9cDyUchi%2BFYbweXjytJ8Sb0PUMgiyaK7rE%3D,1,111195,0.99,9.99,1,90.090090,76,Mixed,59,440,256390,1403222400,1790874958,9.4,https://shared.fastly.steamstatic.com/store_item_assets/steam/apps/256390/capsule_231x87.jpg?t=1728478081,2014-06-20 00:00:00+00:00,2014,06/20/14
PRORUGBYMANAGER2015,Pro Rugby Manager 2015,/game/pro-rugby-manager-2015/,G3y2T7IXIhwLcU6WQZuYKzWBaR0Oq%2B3nCmffCWGfg2w%3D,1,125037,0.99,9.99,1,90.090090,0,Very Negative,19,131,273030,1410998400,1790878403,5.0,https://shared.fastly.steamstatic.com/store_item_assets/steam/apps/273030/capsule_231x87.jpg?t=1447360077,2014-09-18 00:00:00+00:00,2014,09/18/14
ELMINAGEGOTHIC,Elminage Gothic,/game/elminage-gothic/,qKjgNmEe7P%2BuTu4LZJmea5R7x43FhvMT%2FTM3anmbVgk%3D,1,128329,0.99,9.99,1,90.090090,0,Mixed,67,186,291960,1410998400,1790874657,5.0,https://shared.fastly.steamstatic.com/store_item_assets/steam/apps/291960/capsule_231x87.jpg?t=1572439603,2014-09-18 00:00:00+00:00,2014,09/18/14
BRIDGECONSTRUCTORMEDIEVAL,Bridge Constructor Medieval,/game/bridge-constructor-medieval/,ioheH2REtUTPTFqDpCGDGlIH8mKyg5G4nzE%2B99HddkA%3D,1,127275,0.99,9.99,1,90.090090,0,Very Positive,81,287,319850,1410739200,1790886867,5.0,https://shared.fastly.steamstatic.com/store_item_assets/steam/apps/319850/capsule_231x87.jpg?t=1717674594,2014-09-15 00:00:00+00:00,2014,09/15/14
THEWASTELAND,The Waste Land,/game/the-waste-land/,qX9IwdauDRx4%2FwsA1eHMsA7nPU0MeCV2JF%2BNFrx28Xg%3D,1,127600,0.99,9.99,1,90.090090,0,Mixed,50,90,316970,1410825600,1790878038,1.0,https://shared.fastly.steamstatic.com/store_item_assets/steam/apps/316970/capsule_231x87.jpg?t=1447362984,2014-09-16 00:00:00+00:00,2014,09/16/14
QORA,Qora,/game/qora/,LXlnySB8xGpbSOuDGbmTukqITGfZ265JBHW7oErHN7s%3D,1,131479,0.99,9.99,1,90.090090,63,Mixed,68,260,304460,1412208000,1790875412,8.9,https://shared.fastly.steamstatic.com/store_item_assets/steam/apps/304460/capsule_231x87.jpg?t=1747739469,2014-10-02 00:00:00+00:00,2014,10/02/14
KROMAIA,Kromaia,/game/kromaia/,5iTuKq26Qy3LAk%2Byf2hlUDUGD9jx%2B3mv5JG%2FkZhZ%2FTI%3D,1,104454,0.99,9.99,1,90.090090,68,Positive,80,46,285980,1389830400,1790874374,5.0,https://shared.fastly.steamstatic.com/store_item_assets/steam/apps/285980/capsule_231x87.jpg?t=1618086528,2014-01-16 00:00:00+00:00,2014,01/16/14
EXPERIENCE112,eXperience 112,/game/pc/experience-112,9ybPxamZP8wNDlPObjvfEDIvxCo2NvrPwoLCPLLDhkY%3D,1,134589,0.99,9.99,1,90.090090,0,Mixed,56,81,324770,1414108800,1790875615,1.0,https://shared.fastly.steamstatic.com/store_item_assets/steam/apps/324770/capsule_231x87.jpg?t=1568987649,2014-10-24 00:00:00+00:00,2014,10/24/14
PROWRESTLINGX,Pro Wrestling X,/game/pro-wrestling-x/,KsfWGVybvi29ooNvdSYu0vZCmTB9vtJMAZXyU0KUCOM%3D,1,140039,0.99,9.99,1,90.090090,0,Mixed,44,256,297310,1416268800,1790875055,5.0,https://shared.fastly.steamstatic.com/store_item_assets/steam/apps/297310/capsule_231x87.jpg?t=1666995196,2014-11-18 00:00:00+00:00,2014,11/18/14
THEGOODLIFE,The Good Life,/game/the-good-life/,iUabhgldX469pd6ODw9aPb7mHl5TiD1ujytSKlOnCAg%3D,1,93631,0.99,9.99,1,90.090090,62,Mixed,54,145,293340,1634256000,1790875391,0.0,https://shared.fastly.steamstatic.com/store_item_assets/steam/apps/293340/capsule_231x87.jpg?t=1772801873,2021-10-15 00:00:00+00:00,2021,10/15/21
MOTORCYCLECLUB,Motorcycle Club,/game/motorcycle-club/,vqdcmPpVAvrJBgJv0zBPVdsvV2%2BVrthNkWbOBF2es3Y%3D,1,140161,0.99,9.99,1,90.090090,0,Mostly Negative,31,87,303830,1417132800,1790878160,1.0,https://shared.fastly.steamstatic.com/store_item_assets/steam/apps/303830/capsule_231x87.jpg?t=1779892298,2014-11-28 00:00:00+00:00,2014,11/28/14
SKILLTREESAGA,Skilltree Saga,/game/pc/skilltree-saga,gUmJZIMPGF6vA4obP4a1GOKcW0ilVkIbhiA0dl3j%2FMY%3D,1,140444,0.99,9.99,1,90.090090,0,Mostly Negative,38,68,315320,1417651200,1790878278,1.0,https://shared.fastly.steamstatic.com/store_item_assets/steam/apps/315320/capsule_231x87.jpg?t=1717596835,2014-12-04 00:00:00+00:00,2014,12/04/14
KINGSOFKUNGFU,Kings of Kung Fu,/game/kings-of-kung-fu/,sK1fDWV%2BAuTcDBkmnCZgY1pKS6PdmH2f18eNKTL39ys%3D,1,140498,0.99,9.99,1,90.090090,0,Mixed,67,623,316930,1435190400,1790875018,5.0,https://shared.fastly.steamstatic.com/store_item_assets/steam/apps/316930/capsule_231x87.jpg?t=1715812713,2015-06-25 00:00:00+00:00,2015,06/25/15
DOKURO,Dokuro,/game/dokuro/,ygMaxMBEUYSgdz%2Bm5fYcwO8dsi793%2F9Z%2BS%2B2xYM85xk%3D,1,140501,0.99,9.99,1,90.090090,59,Very Positive,84,86,317840,1417996800,1790886869,4.7,https://shared.fastly.steamstatic.com/store_item_assets/steam/apps/317840/capsule_231x87.jpg?t=1760722007,2014-12-08 00:00:00+00:00,2014,12/08/14
REDUXDARKMATTERS,Redux: Dark Matters,/game/redux-dark-matters/,bj2cU5CNPCA6jIupl57b7BXierP8RGedJGmt94TiX5Y%3D,1,140590,0.99,9.99,1,90.090090,61,Mixed,62,24,336930,1418342400,1790878114,4.8,https://shared.fastly.steamstatic.com/store_item_assets/steam/apps/336930/capsule_231x87.jpg?t=1673875139,2014-12-12 00:00:00+00:00,2014,12/12/14
SKYMERCENARIES,Sky Mercenaries,/game/sky-mercenaries/,ZuM7e3aDLYPaiRldE7yXFmbyUedmkyxS6P%2FArxQbYD0%3D,1,140647,0.99,9.99,1,90.090090,0,Mostly Positive,72,50,336090,1418688000,1790875353,1.0,https://shared.fastly.steamstatic.com/store_item_assets/steam/apps/336090/capsule_231x87.jpg?t=1704732704,2014-12-16 00:00:00+00:00,2014,12/16/14
ETHERIUM,Etherium,/game/etherium/,VVekTkEhmVVWxjsaYGyo%2FSoMEkn0bih3%2F1aoaAJFD5M%3D,1,140707,0.99,9.99,1,90.090090,62,Mostly Negative,39,466,245370,1427241600,1790878254,8.8,https://shared.fastly.steamstatic.com/store_item_assets/steam/apps/245370/capsule_231x87.jpg?t=1728650181,2015-03-25 00:00:00+00:00,2015,03/25/15
BLACKGUARDS2,Blackguards 2,/game/blackguards-2/,s%2FDtJEgWEsD7QtbRKj2Qpw0ueH1rrwUvTmmvf9VHl2Y%3D,1,140070,0.99,9.99,1,90.090090,74,Mixed,64,956,314830,1421712000,1790875361,9.3,https://shared.fastly.steamstatic.com/store_item_assets/steam/apps/314830/capsule_231x87.jpg?t=1789474808,2015-01-20 00:00:00+00:00,2015,01/20/15
FAHRENHEITINDIGOPROPHECYREMASTERED,Fahrenheit: Indigo Prophecy Remastered,/game/fahrenheit-indigo-prophecy-remastered/,LnhlgdPRilBYiqfusCeouTQJHDZCsJ%2BUKqFlI3kdXBY%3D,1,141323,0.99,9.99,1,90.090090,61,Mostly Positive,73,2568,312840,1422403200,1790882015,8.8,https://shared.fastly.steamstatic.com/store_item_assets/steam/apps/312840/capsule_231x87.jpg?t=1715614331,2015-01-28 00:00:00+00:00,2015,01/28/15
MYSTERYOFNEUSCHWANSTEIN,Mystery of Neuschwanstein,/game/mystery-of-neuschwanstein/,PMpT9oxs%2F233a23PZdAivhWZt4aAbBYwkQsoHSmUfto%3D,1,141816,0.99,9.99,1,90.090090,0,Mostly Positive,75,105,326380,1424217600,1790874642,5.0,https://shared.fastly.steamstatic.com/store_item_assets/steam/apps/326380/capsule_231x87.jpg?t=1768874523,2015-02-18 00:00:00+00:00,2015,02/18/15
TRAPPEDDEADLOCKDOWN,Trapped Dead: Lockdown,/game/trapped-dead-lockdown/,wmYtcXM9Vnqdu%2FeHPN8agO0wio2hzLmB%2FYBqzIAHYrg%3D,1,142729,0.99,9.99,1,90.090090,0,Mixed,59,86,305500,1426809600,1790875792,1.0,https://shared.fastly.steamstatic.com/store_item_assets/steam/apps/305500/capsule_231x87.jpg?t=1717595955,2015-03-20 00:00:00+00:00,2015,03/20/15
LAKEVIEWCABINCOLLECTION,Lakeview Cabin Collection,/game/lakeview-cabin-collection/,kDVSYiS5Q%2BioCI%2FewqU%2BSQHFEqCWb5XIpqe29BQOJr4%3D,1,142865,0.99,9.99,1,90.090090,70,Very Positive,94,1602,361990,1428537600,1790882924,9.1,https://shared.fastly.steamstatic.com/store_item_assets/steam/apps/361990/capsule_231x87.jpg?t=1591427913,2015-04-09 00:00:00+00:00,2015,04/09/15
THEINDIEMIXTAPE,The Indie Mixtape,/game/the-indie-mixtape/,gXB%2BuefT2Tn4De78eOYqJZ2HACMF5C8LcfAZeD9x7sA%3D,1,143371,0.99,9.99,1,90.090090,0,Mostly Positive,74,43,352640,1429747200,1790874372,1.0,https://shared.fastly.steamstatic.com/store_item_assets/steam/apps/352640/capsule_231x87.jpg?t=1777331584,2015-04-23 00:00:00+00:00,2015,04/23/15
DEATHRALLY,Death Rally,/game/death-rally/,wjpERRvcGC7XmkB97vIFJSIxnJ0fNEl1Xq4MOSVNwQQ%3D,1,88588,0.99,9.99,1,90.090090,0,Mostly Positive,71,684,108700,851990400,1790886793,5.0,https://shared.fastly.steamstatic.com/store_item_assets/steam/apps/108700/capsule_231x87.jpg?t=1667485476,1996-12-31 00:00:00+00:00,1996,12/31/96
TRAINVALLEY,Train Valley,/game/train-valley/,HC11iAEYDylYp0EtfYeNMRPwfLnuoCe20UMdZ3kpu9g%3D,1,143781,0.99,9.99,1,90.090090,0,Very Positive,88,1274,353640,1430956800,1790886050,5.0,https://shared.fastly.steamstatic.com/store_item_assets/steam/apps/353640/capsule_231x87.jpg?t=1759826867,2015-05-07 00:00:00+00:00,2015,05/07/15
MOTOGP15,MotoGP15,/game/motogp-15/,8UWD%2B766hMrY9Jbo17VZ5ejLAp5Dua%2FFZDt5HIM%2FxEw%3D,1,144537,0.99,9.99,1,90.090090,0,Very Positive,80,792,355130,1435104000,1790886337,5.0,https://shared.fastly.steamstatic.com/store_item_assets/steam/apps/355130/capsule_231x87.jpg?t=1728477936,2015-06-24 00:00:00+00:00,2015,06/24/15
POLYBRIDGE,Poly Bridge,/game/poly-bridge/,E1Otoc%2B7bswCzBTTctrev2zxgsoL5MLd89wK8d%2Bz1S4%3D,1,144661,0.99,9.99,1,90.090090,73,Very Positive,89,6151,367450,1468281600,1790882193,9.2,https://shared.fastly.steamstatic.com/store_item_assets/steam/apps/367450/capsule_231x87.jpg?t=1771622242,2016-07-12 00:00:00+00:00,2016,07/12/16
NIKOTHROUGHTHEDREAM,Niko: Through the Dream,/game/niko-through-the-dream/,zgEoMEfKwYiJn6A4p4N%2Bm3YVzCanU16dU7izFQWJ1cU%3D,1,144773,0.99,9.99,1,90.090090,74,Mixed,69,201,296550,1437091200,1790875405,9.3,https://shared.fastly.steamstatic.com/store_item_assets/steam/apps/296550/capsule_231x87.jpg?t=1572633270,2015-07-17 00:00:00+00:00,2015,07/17/15
AFISTFULOFGUN,A Fistful of Gun,/game/a-fistful-of-gun/,jI%2B9pViLtXA5z5SgIzhX6QtXR4G4DQn8OiqR1BFf8K4%3D,1,145610,0.99,9.99,1,90.090090,60,Mixed,59,137,229810,1443052800,1790182817,7.6,https://shared.fastly.steamstatic.com/store_item_assets/steam/apps/229810/capsule_231x87.jpg?t=1721340574,2015-09-24 00:00:00+00:00,2015,09/24/15
MASTERSPY,Master Spy,/game/master-spy/,nQriccygAjrsgWbzipIgHOvb5Ly482WA58ojOfREs48%3D,1,145571,0.99,9.99,1,90.090090,68,Mostly Positive,77,278,331190,1441670400,1790874897,9.0,https://shared.fastly.steamstatic.com/store_item_assets/steam/apps/331190/capsule_231x87.jpg?t=1632849122,2015-09-08 00:00:00+00:00,2015,09/08/15
DROPSY,Dropsy,/game/dropsy/,jw3%2FPWq5mTqvzmI0eR%2Fdoyvhh7EPLdjweccBGkTxYqY%3D,1,145148,0.99,9.99,1,90.090090,80,Very Positive,93,1631,274350,1441843200,1790886041,9.6,https://shared.fastly.steamstatic.com/store_item_assets/steam/apps/274350/capsule_231x87.jpg?t=1725396094,2015-09-10 00:00:00+00:00,2015,09/10/15
JOURNEYTOTHECENTEROFTHEEARTH,Journey to the Center of the Earth,/game/pc/journey-to-the-center-of-the-earth,5pgvlbOct6K4dyvCXmQ68flTfE%2FR4GwJIvfuu7otL6o%3D,1,3551,0.99,9.99,1,90.090090,65,Mixed,45,79,382120,1067212800,1790875034,4.9,https://shared.fastly.steamstatic.com/store_item_assets/steam/apps/474240/capsule_231x87.jpg?t=1667210046,2003-10-27 00:00:00+00:00,2003,10/27/03
DEVILSANDDEMONS,Devils and Demons,/game/devils-and-demons-2014/,yfF7mrIoorAR3HNBhc65wBmatmnArd26uZbU5uh6RHk%3D,1,146014,0.99,9.99,1,90.090090,0,Mixed,43,46,363960,1444089600,1790876028,1.0,https://shared.fastly.steamstatic.com/store_item_assets/steam/apps/363960/capsule_231x87.jpg?t=1790094105,2015-10-06 00:00:00+00:00,2015,10/06/15
WRC5FIAWORLDRALLYCHAMPIONSHIP,WRC 5 FIA World Rally Championship,,u4dpxJ5uu3IZr6X5tFkdYbvdGgyJvSHk%2B7wtR1YlPUM%3D,1,146337,0.99,9.99,1,90.090090,0,Mostly Positive,73,1493,354160,0,1790886045,5.0,https://shared.fastly.steamstatic.com/store_item_assets/steam/apps/354160/capsule_231x87.jpg?t=1750429321,1970-01-01 00:00:00+00:00,1970,01/01/70
TOBYTHESECRETMINE,Toby: The Secret Mine,/game/toby-the-secret-mine/,CcbInq5YbyqzhlUMWzG7%2BOqSo0AJBZPF7bRBaMzCwpE%3D,1,146600,0.99,9.99,1,90.090090,0,Mixed,65,508,395160,1445299200,1790875157,5.0,https://shared.fastly.steamstatic.com/store_item_assets/steam/apps/395160/capsule_231x87.jpg?t=1667115395,2015-10-20 00:00:00+00:00,2015,10/20/15
VIOLETTREMASTERED,Violett Remastered,,ei5R%2Bp%2Bhv3pWcKsol1prBRDPxXyzi667gFisWTy3ZDY%3D,1,146737,0.99,9.99,1,90.090090,0,Mixed,59,542,257830,0,1790875439,5.0,https://shared.fastly.steamstatic.com/store_item_assets/steam/apps/257830/capsule_231x87.jpg?t=1775047166,1970-01-01 00:00:00+00:00,1970,01/01/70
THEPURRINGQUEST,The Purring Quest,/game/the-purring-quest/,B3LgBAJ4IPfpKPo4U2NrU8ihoICMuuPrX98Y18L2BtE%3D,1,146984,0.99,9.99,1,90.090090,0,Very Positive,81,1208,409100,1447286400,1790886595,5.0,https://shared.fastly.steamstatic.com/store_item_assets/steam/apps/409100/capsule_231x87.jpg?t=1726335198,2015-11-12 00:00:00+00:00,2015,11/12/15
AGONTHEMYSTERIOUSCODEXTRILOGY,AGON - The Mysterious Codex (Trilogy),,2OVfavkWIb6y%2BskV9knOq7D4G0n%2B7PGaTR3J5Rc%2FHBI%3D,1,147055,0.99,9.99,1,90.090090,0,Mixed,67,52,410120,0,1790875354,1.0,https://shared.fastly.steamstatic.com/store_item_assets/steam/apps/410120/capsule_231x87.jpg?t=1678356988,1970-01-01 00:00:00+00:00,1970,01/01/70
UNDERCOVERMISSIONSOPERATIONKURSKK141,Undercover Missions: Operation Kursk K-141,/game/undercover-missions-operation-kursk-k-141/,LBO6VOj2sOsDuOoU2QMPO6mVzs8LWgWmnmF3GbKtjpo%3D,1,147354,0.99,9.99,1,90.090090,0,Mixed,42,49,403390,1449792000,1789668134,0.0,https://shared.fastly.steamstatic.com/store_item_assets/steam/apps/403390/capsule_231x87.jpg?t=1730470069,2015-12-11 00:00:00+00:00,2015,12/11/15
BRIDGECONSTRUCTORSTUNTS,Bridge Constructor Stunts,/game/bridge-constructor-stunts/,wzFggnx%2BtCtZKdEPIyONcy%2FkqnQ5OkOAwcBff7LTrhM%3D,1,150190,0.99,9.99,1,90.090090,0,Mixed,57,97,419080,1456185600,1790874997,1.0,https://shared.fastly.steamstatic.com/store_item_assets/steam/apps/419080/capsule_231x87.jpg?t=1717674931,2016-02-23 00:00:00+00:00,2016,02/23/16
ALICESPATCHWORK,Alice's Patchwork,/game/alices-patchwork/,qo47Tjc1Q%2BXB2Nt0GihC6wu5ik4KnJKF30ZBlkJwnF4%3D,1,148330,0.99,9.99,1,90.090090,0,Very Positive,86,215,444280,1447027200,1790615591,4.6,https://shared.fastly.steamstatic.com/store_item_assets/steam/apps/444280/capsule_231x87.jpg?t=1686115244,2015-11-09 00:00:00+00:00,2015,11/09/15
ADAMSVENTUREORIGINS,Adam's Venture: Origins,/game/adams-venture-origins/,tM%2F1m9pm71EthVtZ0sX4RDbdG7v6WNBxUihcvuySFrI%3D,1,151436,0.99,9.99,1,90.090090,0,Mixed,66,492,400360,1459468800,1790875467,5.0,https://shared.fastly.steamstatic.com/store_item_assets/steam/apps/400360/capsule_231x87.jpg?t=1751535103,2016-04-01 00:00:00+00:00,2016,04/01/16
PUZZLEBOX,Puzzle Box,/game/puzzle-box/,j9UwYz5iea%2BRRy6IMhnQ%2FiZPHQtAMAHjmztFesparLg%3D,1,151494,0.99,9.99,1,90.090090,0,Mostly Positive,73,23,448720,1650326400,1790875590,1.0,https://shared.fastly.steamstatic.com/store_item_assets/steam/apps/448720/capsule_231x87.jpg?t=1513853890,2022-04-19 00:00:00+00:00,2022,04/19/22
KATHYRAIN,Kathy Rain,/game/kathy-rain/,x4Rve1MDdtCybHfCrpcd%2BJiSQc7wue10GsiA7A0iRjA%3D,1,151944,0.99,9.99,1,90.090090,77,Very Positive,93,1861,370910,1462406400,1790883082,9.4,https://shared.fastly.steamstatic.com/store_item_assets/steam/apps/370910/capsule_231x87.jpg?t=1726577236,2016-05-05 00:00:00+00:00,2016,05/05/16
BRIDGE2,Bridge! 2,/game/bridge-2-2016-2/,sfEnrTCCUKcCcQedRdNSP8GqEO8pXpKtDg8P%2BKwLBPI%3D,1,151996,0.99,9.99,1,90.090090,0,Mostly Negative,26,46,434090,1461196800,1789751877,0.0,https://shared.fastly.steamstatic.com/store_item_assets/steam/apps/434090/capsule_231x87.jpg?t=1667911934,2016-04-21 00:00:00+00:00,2016,04/21/16
PITFALLPLANET,Pitfall Planet,/game/pitfall-planet/,Lw%2Fkmv2G%2FVjYkNUnHgqzDqTHmJ9kYwuoXoqF6fD3gfg%3D,1,152230,0.99,9.99,1,90.090090,0,Very Positive,98,96,464900,1462147200,1790886870,1.0,https://shared.fastly.steamstatic.com/store_item_assets/steam/apps/464900/capsule_231x87.jpg?t=1706892625,2016-05-02 00:00:00+00:00,2016,05/02/16
SHAOLINVSWUTANG,Shaolin vs Wutang,/game/shaolin-vs-wutang/,avE5jUcyH5ylNu0KcR%2FGZv56Xa0jkQbiWOamve3hbaU%3D,1,152471,0.99,9.99,1,90.090090,0,Very Positive,92,953,466110,1462752000,1790886265,5.0,https://shared.fastly.steamstatic.com/store_item_assets/steam/apps/466110/capsule_231x87.jpg?t=1667135061,2016-05-09 00:00:00+00:00,2016,05/09/16
PLANARCONQUEST,Planar Conquest,/game/pc/planar-conquest,aenQmFSWrJ4cuJPa54GJscB42hmhIk0p8gW5i3Qs7x8%3D,1,153168,0.99,9.99,1,90.090090,53,Mixed,55,377,449300,1464566400,1790875452,8.6,https://shared.fastly.steamstatic.com/store_item_assets/steam/apps/449300/capsule_231x87.jpg?t=1782168871,2016-05-30 00:00:00+00:00,2016,05/30/16
DUCATI90THANNIVERSARY,DUCATI - 90th Anniversary,/game/ducati-90th-anniversary/,a1fK23qugCEcasTzEvCiJ5VleaFdi8gxW2kIcMuyNzQ%3D,1,153681,0.99,9.99,1,90.090090,0,Mostly Positive,77,210,456780,1465430400,1790874449,5.0,https://shared.fastly.steamstatic.com/store_item_assets/steam/apps/456780/capsule_231x87.jpg?t=1729007859,2016-06-09 00:00:00+00:00,2016,06/09/16
VARRR,V ARRR,/game/v-arrr/,LRqOohxY6F1RhAImfojh0wddl5%2FTOJUrBCgWVFfZ%2Fpo%3D,1,153736,0.99,9.99,1,90.090090,0,Mixed,64,76,478950,1465516800,1790875996,1.0,https://shared.fastly.steamstatic.com/store_item_assets/steam/apps/478950/capsule_231x87.jpg?t=1504523985,2016-06-10 00:00:00+00:00,2016,06/10/16
JACKKEANE2THEFIREWITHIN,Jack Keane 2: The Fire Within,/game/jack-keane-2-the-fire-within/,XofZwOuIdV881XaEsA9ZlYNsWJiSpr%2FDXunGF2TXn28%3D,1,98108,0.99,9.99,1,90.090090,52,Mixed,46,43,236970,1372377600,1790875662,4.6,https://shared.fastly.steamstatic.com/store_item_assets/steam/apps/236970/capsule_231x87.jpg?t=1768874510,2013-06-28 00:00:00+00:00,2013,06/28/13
CYBERSENTINEL,Cyber Sentinel,/game/cyber-sentinel/,tKoiEhPHnUlWcyFNzowgt2OOKwOrakcYonKN7LV5DM4%3D,1,155384,0.99,9.99,1,90.090090,0,Positive,80,21,485970,1750550400,1790874805,1.4,https://shared.fastly.steamstatic.com/store_item_assets/steam/apps/485970/capsule_231x87.jpg?t=1484604742,2025-06-22 00:00:00+00:00,2025,06/22/25
CONTAINMENTINITIATIVE,Containment Initiative,/game/containment-initiative/,zk6tfn6YUPCh1PaDVTOasqGtUbyfL5psoHK1q5QokOs%3D,1,158963,0.99,9.99,1,90.090090,0,Very Positive,89,496,527700,1524787200,1790886683,5.0,https://shared.fastly.steamstatic.com/store_item_assets/steam/apps/527700/capsule_231x87.jpg?t=1746924809,2018-04-27 00:00:00+00:00,2018,04/27/18
LOADINGHUMANCHAPTER1,Loading Human: Chapter 1,/game/loading-human-chapter-1/,lzM%2BFv7sADgbkbPeB1bsKK0e6i8VGlnJlE9gvINUtg8%3D,1,160332,0.99,9.99,1,90.090090,0,Mostly Negative,33,27,522200,1476403200,1790878279,1.0,https://shared.fastly.steamstatic.com/store_item_assets/steam/apps/522200/capsule_231x87.jpg?t=1573155461,2016-10-14 00:00:00+00:00,2016,10/14/16
CRAZYMACHINES3,Crazy Machines 3,/game/crazy-machines-3/,eTCsKZAhBEYSDPwX6qgvrOuAPKEnColvW7d25IGMifY%3D,1,155407,0.99,9.99,1,90.090090,71,Very Positive,93,2466,351920,1476748800,1790886172,9.1,https://shared.fastly.steamstatic.com/store_item_assets/steam/apps/351920/capsule_231x87.jpg?t=1789475595,2016-10-18 00:00:00+00:00,2016,10/18/16
OUTBREAK,Outbreak,/game/outbreak/,Mh4VKcjlolYkEphiDeLZ3u%2FNbgGOMaDAHSj60jzq2BA%3D,1,165178,0.99,9.99,1,90.090090,0,Mixed,66,103,514990,1770681600,1790875119,6.5,https://shared.fastly.steamstatic.com/store_item_assets/steam/apps/514990/capsule_231x87.jpg?t=1669392623,2026-02-10 00:00:00+00:00,2026,02/10/26
TYLERMODEL005,Tyler: Model 005,/game/tyler-model-005/,VYcTEU7u4aVAiVflRrfC7EWBxqwBNN8jR774dpUMa7U%3D,1,165659,0.99,9.99,1,90.090090,0,Mixed,56,51,573370,1534723200,1790875781,1.0,https://shared.fastly.steamstatic.com/store_item_assets/steam/apps/573370/capsule_231x87.jpg?t=1568670674,2018-08-20 00:00:00+00:00,2018,08/20/18
TETRAMINOS,Tetraminos,/game/tetraminos/,BrVw%2BwyFtUHIOMTzQCe9RRQKVN0Ichp0EyapJHima%2Bk%3D,1,166221,0.99,9.99,1,90.090090,0,Mostly Positive,75,127,539280,1487548800,1789839638,3.3,https://shared.fastly.steamstatic.com/store_item_assets/steam/apps/539280/capsule_231x87.jpg?t=1725289781,2017-02-20 00:00:00+00:00,2017,02/20/17
MAHJONG,Mahjong,/game/mahjong/,merUBh%2Fq8aHHeISrSTR9uure89iY0K%2Bc3g8l0pHyq8k%3D,1,166222,0.99,9.99,1,90.090090,0,Very Positive,84,593,539270,1510099200,1790882875,5.0,https://shared.fastly.steamstatic.com/store_item_assets/steam/apps/539270/capsule_231x87.jpg?t=1725289634,2017-11-08 00:00:00+00:00,2017,11/08/17
STORIESUNTOLD,Stories Untold,/game/stories-untold/,7uJ0Grx2IwForWYbuZrZokkWMTUibI4b1eRRCnctYrE%3D,1,166180,0.99,9.99,1,90.090090,81,Very Positive,85,3277,558420,1488153600,1790882596,9.7,https://shared.fastly.steamstatic.com/store_item_assets/steam/apps/558420/capsule_231x87.jpg?t=1788374614,2017-02-27 00:00:00+00:00,2017,02/27/17
MARKETTYCOON,Market Tycoon,,73lPmoGM5Odcq7JYmHy%2FuwehzsTG7bYIhRl9m6bD2lo%3D,1,168827,0.99,9.99,1,90.090090,0,Mixed,52,351,563360,0,1790875164,5.0,https://shared.fastly.steamstatic.com/store_item_assets/steam/apps/563360/capsule_231x87.jpg?t=1782165574,1970-01-01 00:00:00+00:00,1970,01/01/70
PROCYCLINGMANAGER2017,Pro Cycling Manager 2017,/game/pro-cycling-manager-2017/,I6K7uijjHqhtcVl%2BKblCdL0h5OKrGSwqvkf2QuwF1nw%3D,1,169745,0.99,9.99,1,90.090090,71,Mixed,69,327,525920,1497484800,1790875419,9.1,https://shared.fastly.steamstatic.com/store_item_assets/steam/apps/525920/capsule_231x87.jpg?t=1712314039,2017-06-15 00:00:00+00:00,2017,06/15/17
THELONGJOURNEYHOME,The Long Journey Home,/game/the-long-journey-home/,PmqEaUl%2FT%2FNuKwDQk04LKfZ7mGsOup0TyQDxD4Gy6FU%3D,1,165652,0.99,9.99,1,90.090090,68,Mixed,57,1330,366910,1496102400,1790874513,9.0,https://shared.fastly.steamstatic.com/store_item_assets/steam/apps/366910/capsule_231x87.jpg?t=1789476135,2017-05-30 00:00:00+00:00,2017,05/30/17
REZROG,Rezrog,/game/rezrog/,EtLjTU3B1gRhyJVT%2FuHZxs7V976x2sRkuuA7ACNamp4%3D,1,169772,0.99,9.99,1,90.090090,70,Mixed,44,299,548370,1496188800,1790878104,9.1,https://shared.fastly.steamstatic.com/store_item_assets/steam/apps/548370/capsule_231x87.jpg?t=1631541797,2017-05-31 00:00:00+00:00,2017,05/31/17
THISSTRANGEREALMOFMINE,This Strange Realm Of Mine,/game/this-strange-realm-of-mine/,kN%2FWfTeAw%2FVXsOkS80%2F%2B9zn74oxypv4oT8Kn3J3CRoI%3D,1,171044,0.99,9.99,1,90.090090,0,Very Positive,83,515,655730,1500422400,1790886780,5.0,https://shared.fastly.steamstatic.com/store_item_assets/steam/apps/655730/capsule_231x87.jpg?t=1739387667,2017-07-19 00:00:00+00:00,2017,07/19/17
ALLSTARFRUITRACING,All-Star Fruit Racing,/game/all-star-fruit-racing/,o6ndD9XOUTtA%2Ft3mfUFV2uu1C9h4RNDTlba4Un%2F%2FW5A%3D,1,172699,0.99,9.99,1,90.090090,0,Mixed,68,188,673190,1531440000,1790875209,5.0,https://shared.fastly.steamstatic.com/store_item_assets/steam/apps/673190/capsule_231x87.jpg?t=1761227920,2018-07-13 00:00:00+00:00,2018,07/13/18
JASEMJUSTANOTHERSHOOTERWITHELECTRONICMUSIC,JASEM: Just Another Shooter with Electronic Music,/game/jasem-just-another-shooter-with-electronic-music/,Xi4fQN4dxSj%2BcjJJraGLjPE1LEMJHhLYodCkv%2FdXTfU%3D,1,173885,0.99,9.99,1,90.090090,0,Mixed,66,133,610840,1508371200,1790875149,5.0,https://shared.fastly.steamstatic.com/store_item_assets/steam/apps/610840/capsule_231x87.jpg?t=1742387127,2017-10-19 00:00:00+00:00,2017,10/19/17
BAFLBRAKESAREFORLOSERS,BAFL - Brakes Are For Losers,/game/bafl-brakes-are-for-losers/,7N00u7swQOhtN8YH9A2wgMKGXFeBBmXXgrBeCfbILO8%3D,1,174283,0.99,9.99,1,90.090090,0,Mostly Positive,78,47,573070,1508284800,1790874514,1.0,https://shared.fastly.steamstatic.com/store_item_assets/steam/apps/573070/capsule_231x87.jpg?t=1722352792,2017-10-18 00:00:00+00:00,2017,10/18/17
MOLTENARMOR,Molten Armor,/game/molten-armor/,bZKHjSkGlbF%2Bk7RQMRKW5FU0Xsalj7OvOuCtSLJbToA%3D,1,174365,0.99,9.99,1,90.090090,0,Mixed,64,56,693670,1508457600,1790876008,1.0,https://shared.fastly.steamstatic.com/store_item_assets/steam/apps/693670/capsule_231x87.jpg?t=1703930029,2017-10-20 00:00:00+00:00,2017,10/20/17
GODOFLIGHTREMASTERED,God of Light: Remastered,/game/god-of-light-remastered/,%2B0lbhuZntrIfZRcEf3M3HIssf%2BJar9%2BQAhIvaipzOt4%3D,1,174963,0.99,9.99,1,90.090090,0,Very Positive,92,80,711130,1510099200,1790886586,1.0,https://shared.fastly.steamstatic.com/store_item_assets/steam/apps/711130/capsule_231x87.jpg?t=1747223335,2017-11-08 00:00:00+00:00,2017,11/08/17
ATVDRIFTANDTRICKS,ATV Drift and Tricks,/game/atv-drift-and-tricks/,LoPJMpmexTSdgpdKSm2WDHqzL581X9uJIoZfUlW9R9M%3D,1,175244,0.99,9.99,1,90.090090,0,Mixed,64,59,622020,1510617600,1790875368,1.0,https://shared.fastly.steamstatic.com/store_item_assets/steam/apps/622020/capsule_231x87.jpg?t=1568971138,2017-11-14 00:00:00+00:00,2017,11/14/17
ROADRAGE,Road Rage,/game/road-rage/,UNDRj%2B5NN5Vmsm4q%2B8nGWZxQAb0JxZmeEeDYOqQhl2k%3D,1,175250,0.99,9.99,1,90.090090,0,Mostly Negative,33,69,499210,1508803200,1790878213,1.0,https://shared.fastly.steamstatic.com/store_item_assets/steam/apps/499210/capsule_231x87.jpg?t=1573156703,2017-10-24 00:00:00+00:00,2017,10/24/17
SURGEONSIMULATOR,Surgeon Simulator,,uQLhYnkVyb%2F2kwaO%2B2uXRzEgpo4%2BRNaMbj%2Fdr%2F3NRHA%3D,1,176356,0.99,9.99,1,90.090090,0,Very Positive,82,8482,233720,0,1790098052,3.7,https://shared.fastly.steamstatic.com/store_item_assets/steam/apps/233720/capsule_231x87.jpg?t=1773072184,1970-01-01 00:00:00+00:00,1970,01/01/70
EPICCARFACTORY,Epic Car Factory,/game/epic-car-factory/,VgrwxS79kLU8sPkMXci3AxNEcMcXaZ3ii32eK6cYHn4%3D,1,176433,0.99,9.99,1,90.090090,0,Mixed,66,186,656510,1523232000,1790875640,5.0,https://shared.fastly.steamstatic.com/store_item_assets/steam/apps/656510/capsule_231x87.jpg?t=1773045514,2018-04-09 00:00:00+00:00,2018,04/09/18
BRIDGECONSTRUCTORPORTAL,Bridge Constructor Portal,/game/bridge-constructor-portal/,5pOCXB3pu3%2FlUydWHwAeME0yIHQKuGF2QZQyoQpnPxo%3D,1,176534,0.99,9.99,1,90.090090,77,Very Positive,90,2520,684410,1513728000,1790882537,9.4,https://shared.fastly.steamstatic.com/store_item_assets/steam/apps/684410/capsule_231x87.jpg?t=1717674640,2017-12-20 00:00:00+00:00,2017,12/20/17
TRUCKMECHANICSIMULATOR2015,Truck Mechanic Simulator 2015,/game/pc/truck-mechanic-simulator-2015,kNmfuxdL41JdVIWATEXDr8JWokCfFH8KLkRj3jJ%2BkkE%3D,1,143315,0.99,9.99,1,90.090090,0,Mixed,47,152,331880,1430265600,1789665390,3.0,https://shared.fastly.steamstatic.com/store_item_assets/steam/apps/331880/capsule_231x87.jpg?t=1709651459,2015-04-29 00:00:00+00:00,2015,04/29/15
SCARYDEFENSE,Scary defense,/game/scary-defense/,J3rOGF6GsFdNzhJ%2FlHosXnIuhyxbHxglljYZdq9oc0Y%3D,1,186373,0.99,9.99,1,90.090090,0,Mixed,53,30,817160,1524528000,1790875785,1.0,https://shared.fastly.steamstatic.com/store_item_assets/steam/apps/817160/capsule_231x87.jpg?t=1782210300,2018-04-24 00:00:00+00:00,2018,04/24/18
MIAZMAORTHEDEVILSSTONE,MIAZMA or the Devil's Stone,/game/miazma-or-the-devils-stone/,zVYzBPBEr2JCTDRqhRuw1CzNhNhDP79%2FdcoDNGECwOw%3D,1,186638,0.99,9.99,1,90.090090,0,Mostly Positive,79,34,774141,1525219200,1790874992,1.0,https://shared.fastly.steamstatic.com/store_item_assets/steam/apps/774141/capsule_231x87.jpg?t=1678287927,2018-05-02 00:00:00+00:00,2018,05/02/18
GHOSTLYMATTER,Ghostly Matter,/game/ghostly-matter/,VybtiIUKYTGPf3OW50HDbt%2F9YyCEldQg7mABJEBmhas%3D,1,189487,0.99,9.99,1,90.090090,0,Mixed,62,43,800240,1531353600,1790875138,1.0,https://shared.fastly.steamstatic.com/store_item_assets/steam/apps/800240/capsule_231x87.jpg?t=1770823649,2018-07-12 00:00:00+00:00,2018,07/12/18
BQMBLOCKQUESTMAKER,BQM - BlockQuest Maker-,/game/bqm-blockquest-maker-/,h8DRBPJpp61b%2F0ySB58dE8bgpJhqcsmNK2O2x6IEXzw%3D,1,190063,0.99,9.99,1,90.090090,0,Mostly Positive,71,89,865930,1532563200,1790875281,1.0,https://shared.fastly.steamstatic.com/store_item_assets/steam/apps/865930/capsule_231x87.jpg?t=1745229921,2018-07-26 00:00:00+00:00,2018,07/26/18
CASE2ANIMATRONICSSURVIVAL,CASE 2: Animatronics Survival,/game/case-2-animatronics-survival/,ksNGIONDOPitTJ2vACPSBYb%2F0OAMXiopGd3lEFxPDaY%3D,1,190621,0.99,9.99,1,90.090090,0,Mostly Positive,75,426,722960,1758844800,1790883092,5.9,https://shared.fastly.steamstatic.com/store_item_assets/steam/apps/722960/062bfe455cc8db5f4e384ef2dadd90929331e542/capsule_231x87.jpg?t=1789743583,2025-09-26 00:00:00+00:00,2025,09/26/25
FORTISSIMOFAINTLVER,Fortissimo FA INTL Ver,,x0P2H5aOX%2FV%2BT6cTdTYy3%2BZz2oCZOzMCBiWBmN4u6so%3D,1,191347,0.99,9.99,1,90.090090,0,Mixed,69,157,896030,0,1790197310,3.9,https://shared.fastly.steamstatic.com/store_item_assets/steam/apps/896030/capsule_231x87.jpg?t=1781602025,1970-01-01 00:00:00+00:00,1970,01/01/70
BATTLEROYALESIMULATOR,Battle royale simulator,/game/battle-royale-simulator/,WQbYccRFEKwgsTCVkZ9%2BOLJ0a8qVdHKHOHx0NAINCY8%3D,1,191361,0.99,9.99,1,90.090090,0,Mixed,44,27,913180,1785456000,1790875749,3.3,https://shared.fastly.steamstatic.com/store_item_assets/steam/apps/913180/capsule_231x87.jpg?t=1782075814,2026-07-31 00:00:00+00:00,2026,07/31/26
NINJINCLASHOFCARROTS,Ninjin: Clash of Carrots,/game/ninjin-clash-of-carrots/,Q1CLdl4CfGnDRnOP5Io53kgrzPgL7srZ4wlPFjxmT3Q%3D,1,191691,0.99,9.99,1,90.090090,0,Very Positive,92,321,809870,1536019200,1790886878,5.0,https://shared.fastly.steamstatic.com/store_item_assets/steam/apps/809870/capsule_231x87.jpg?t=1707776607,2018-09-04 00:00:00+00:00,2018,09/04/18
ULTRASPACEBATTLEBRAWL,Ultra Space Battle Brawl,/game/ultra-space-battle-brawl/,qm9Tg2eBBKv4IF3A802WfysLfDmmtiV6wjNfL76UzF4%3D,1,193058,0.99,9.99,1,90.090090,0,Very Positive,81,97,658500,1538611200,1789664606,0.0,https://shared.fastly.steamstatic.com/store_item_assets/steam/apps/658500/capsule_231x87.jpg?t=1725270283,2018-10-04 00:00:00+00:00,2018,10/04/18
HOLYPOTATOESASPYSTORY,Holy Potatoes! A Spy Story?!,/game/holy-potatoes-a-spy-story/,hVXYSBLelcb5WqSpx15G3D61h2GQbCBo3D4CEbPsauk%3D,1,194604,0.99,9.99,1,90.090090,0,Mixed,62,127,830590,1541548800,1790875152,5.0,https://shared.fastly.steamstatic.com/store_item_assets/steam/apps/830590/capsule_231x87.jpg?t=1789476494,2018-11-07 00:00:00+00:00,2018,11/07/18
PROFISHINGSIMULATOR,PRO FISHING SIMULATOR,/game/pro-fishing-simulator/,BR7rB5gdMbjqm%2BwFFmFFmjHzJb1s2n6TQdASAq0CLhk%3D,1,195555,0.99,9.99,1,90.090090,0,Mixed,51,49,794180,1543449600,1789842515,0.0,https://shared.fastly.steamstatic.com/store_item_assets/steam/apps/794180/capsule_231x87.jpg?t=1725291443,2018-11-29 00:00:00+00:00,2018,11/29/18
ARCTICO,Arctico,/game/arctico/,%2FbF7G6x91U%2FKl3Ffw3eeHDlyblQVAQ9lCCTdCg1yd7E%3D,1,196183,0.99,9.99,1,90.090090,0,Mostly Positive,72,1038,325210,1644883200,1790885986,5.0,https://shared.fastly.steamstatic.com/store_item_assets/steam/apps/325210/capsule_231x87.jpg?t=1790777114,2022-02-15 00:00:00+00:00,2022,02/15/22
2084,2084,/game/pc/2084,qfdJ%2FrxHUzbYwcGSsaklSv7h0PzUJ49CQVcb%2FQlXJ%2FU%3D,1,196302,0.99,9.99,1,90.090090,0,Mixed,58,96,987850,1544659200,1790875766,1.0,https://shared.fastly.steamstatic.com/store_item_assets/steam/apps/987850/capsule_231x87.jpg?t=1787749889,2018-12-13 00:00:00+00:00,2018,12/13/18
FENIMOREFILLMORE3SKULLSOFTHETOLTECS,Fenimore Fillmore: 3 Skulls of the Toltecs,/game/fenimore-fillmore-3-skulls-of-the-toltecs/,caxeP9Rb82jDJSVuS7O9MAWd5peVPCDTabEAYBK9gzc%3D,1,199456,0.99,9.99,1,90.090090,0,Very Positive,85,88,977300,1552521600,1790886852,1.0,https://shared.fastly.steamstatic.com/store_item_assets/steam/apps/977300/capsule_231x87.jpg?t=1729949151,2019-03-14 00:00:00+00:00,2019,03/14/19
XENONRACER,Xenon Racer,/game/xenon-racer/,1L8XkiC1mknJMshD%2FKQ%2BHrizWkAjgAsgHe%2FABmI%2Fh%2Fk%3D,1,199720,0.99,9.99,1,90.090090,64,Mixed,65,665,899390,1553558400,1790875165,8.9,https://shared.fastly.steamstatic.com/store_item_assets/steam/apps/899390/capsule_231x87.jpg?t=1768495578,2019-03-26 00:00:00+00:00,2019,03/26/19
OUTBREAKLOSTHOPE,Outbreak: Lost Hope,/game/outbreak-lost-hope/,e6TivAY4IoMTdlaeFFvmKc%2FbNcZ3MxSrAzf1QlXctFg%3D,1,200809,0.99,9.99,1,90.090090,0,Mixed,62,24,1035310,1555891200,1790875458,1.0,https://shared.fastly.steamstatic.com/store_item_assets/steam/apps/1035310/capsule_231x87.jpg?t=1669392707,2019-04-22 00:00:00+00:00,2019,04/22/19
LOSTORBITTERMINALVELOCITY,LOST ORBIT: Terminal Velocity,/game/lost-orbit-terminal-velocity/,OsKa%2Bh8jGrTvdlGT4mJfR3RuCEnDRHHavu2aUf77Rxw%3D,1,203244,0.99,9.99,1,90.090090,76,Positive,85,28,372320,1563235200,1790874448,5.4,https://shared.fastly.steamstatic.com/store_item_assets/steam/apps/372320/capsule_231x87.jpg?t=1563995743,2019-07-16 00:00:00+00:00,2019,07/16/19
BREACHANDCLEARDEADLINEREBIRTH2016,Breach and Clear: Deadline Rebirth (2016),,HybEWIarsQYlc0TR4T90ReynemFfA5UauuDoe6vYjyM%3D,1,203883,0.99,9.99,1,90.090090,0,Mixed,53,715,310890,0,1790875134,5.0,https://shared.fastly.steamstatic.com/store_item_assets/steam/apps/310890/capsule_231x87.jpg?t=1731429765,1970-01-01 00:00:00+00:00,1970,01/01/70
OUTBREAKEPIDEMIC,Outbreak: Epidemic,/game/outbreak-epidemic/,2cRxAcFG2DEWxdzcHEIRCqAB%2By2VrzPvx9fMuVP2GxY%3D,1,204080,0.99,9.99,1,90.090090,0,Mixed,42,28,1082220,1581379200,1790875423,1.0,https://shared.fastly.steamstatic.com/store_item_assets/steam/apps/1082220/capsule_231x87.jpg?t=1669392681,2020-02-11 00:00:00+00:00,2020,02/11/20
ONLYONEBURN,Only One Burn,/game/only-one-burn/,vOwf0zQktf8p5sYIMo4xPpxlynf0X4kk7i0ZdG1wO54%3D,1,204583,0.99,9.99,1,90.090090,0,Positive,86,23,1140880,1567382400,1790874822,1.0,https://shared.fastly.steamstatic.com/store_item_assets/steam/apps/1140880/capsule_231x87.jpg?t=1614294775,2019-09-02 00:00:00+00:00,2019,09/02/19
SPACEROBINSONHARDCOREROGUELIKEACTION,Space Robinson: Hardcore Roguelike Action,,Nejg1miUkSgo%2FRK4B2wDkYFdKdflAXB%2Bk6vZO6Jr%2Bro%3D,1,205844,0.99,9.99,1,90.090090,0,Mixed,66,162,953870,0,1790875098,5.0,https://shared.fastly.steamstatic.com/store_item_assets/steam/apps/953870/capsule_231x87.jpg?t=1729834947,1970-01-01 00:00:00+00:00,1970,01/01/70
INTERNETCAFESIMULATOR,Internet Cafe Simulator,/game/internet-cafe-simulator/,Ab4IUZsRPIuX3uO%2BwSavpZgAWBDQNbw5t9U3ejxjrpc%3D,1,206630,0.99,9.99,1,90.090090,0,Mostly Positive,73,1279,1136160,1571961600,1790886346,5.0,https://shared.fastly.steamstatic.com/store_item_assets/steam/apps/1136160/capsule_231x87.jpg?t=1786957795,2019-10-25 00:00:00+00:00,2019,10/25/19
SOVIETBEARUNIADVENTURE,Soviet Bear Uni Adventure,/game/soviet-bear-uni-adventure/,3Ao0ycS1ZnH3NRKyqywzjnbzbhwxbZyx2GqqEL16YA4%3D,1,206965,0.99,9.99,1,90.090090,0,Mixed,69,65,857540,1572998400,1790875910,1.0,https://shared.fastly.steamstatic.com/store_item_assets/steam/apps/857540/capsule_231x87.jpg?t=1693403744,2019-11-06 00:00:00+00:00,2019,11/06/19
MADTRACKS,Mad Tracks,/game/mad-tracks/,LrqWLLGODshC8IO8Tk13LJS%2BOd%2F3jDOWNA6zFoWcRBw%3D,1,211783,0.99,9.99,1,90.090090,0,Very Positive,90,251,1202970,1152662400,1790886858,5.0,https://shared.fastly.steamstatic.com/store_item_assets/steam/apps/1202970/capsule_231x87.jpg?t=1781885259,2006-07-12 00:00:00+00:00,2006,07/12/06
PICZLECROSSADVENTURE,Piczle Cross Adventure,/game/piczle-cross-adventure/,mcFTykoyeXvQTB4fcwIu1wkTTOTy7YzpFDdEEcogrFQ%3D,1,213771,0.99,9.99,1,90.090090,0,Very Positive,94,249,1215320,1586995200,1790886370,5.0,https://shared.fastly.steamstatic.com/store_item_assets/steam/apps/1215320/capsule_231x87.jpg?t=1781885262,2020-04-16 00:00:00+00:00,2020,04/16/20
10SECONDNINJAX,10 Second Ninja X,/game/10-second-ninja-x/,XvTHDcuOtzfN3LbybD90X%2BsJcHQXiw%2Fkw4W4qJc%2BQjg%3D,1,155071,0.99,9.99,1,90.090090,0,Very Positive,85,308,435790,1468886400,1790886684,5.0,https://shared.fastly.steamstatic.com/store_item_assets/steam/apps/435790/capsule_231x87.jpg?t=1747738084,2016-07-19 00:00:00+00:00,2016,07/19/16
LEGIONGOLD,Legion Gold,/game/legion-gold/,tktpn%2BuKYO0n2wikoE9Dgc0tLezGT0v1oYFVyQ2%2Fq5I%3D,1,218029,0.99,9.99,1,90.090090,0,Very Positive,83,124,1284080,1053993600,1790886660,5.0,https://shared.fastly.steamstatic.com/store_item_assets/steam/apps/1284080/capsule_231x87.jpg?t=1666008964,2003-05-27 00:00:00+00:00,2003,05/27/03
FRED3RIC,Fred3ric,/game/fred3ric/,LOOhcERP7LMvFqZGDVFeWhWYK0AMaukSZsjZDxODw1g%3D,1,220701,0.99,9.99,1,90.090090,0,Mixed,65,41,1269030,1600646400,1790875481,1.0,https://shared.fastly.steamstatic.com/store_item_assets/steam/apps/1269030/capsule_231x87.jpg?t=1775042381,2020-09-21 00:00:00+00:00,2020,09/21/20
PLASTICREBELLION,Plastic Rebellion,/game/plastic-rebellion/,Gv2DBIB%2Bpm20iJCZD9xZvz2X6MOaFUx1osjnEQlBN8E%3D,1,220785,0.99,9.99,1,90.090090,0,Mostly Positive,70,27,789160,1600819200,1790874626,1.0,https://shared.fastly.steamstatic.com/store_item_assets/steam/apps/789160/capsule_231x87.jpg?t=1774449233,2020-09-23 00:00:00+00:00,2020,09/23/20
STEELRATS,Steel Rats,/game/steel-rats/,WqkVdvx%2FDZ%2BHDejG9crcNFPY8yDwoekhcCapDxSLDD4%3D,1,194602,0.99,9.99,1,90.090090,68,Mixed,63,310,619700,1541548800,1790875169,9.0,https://shared.fastly.steamstatic.com/store_item_assets/steam/apps/619700/capsule_231x87.jpg?t=1712231966,2018-11-07 00:00:00+00:00,2018,11/07/18
THEEQUINOXHUNT,The Equinox Hunt,/game/the-equinox-hunt/,rpk%2FMB4cn2XTsiYGbPV4IfTt9NXjiTkUjgbnxOYEdK8%3D,1,221797,0.99,9.99,1,90.090090,0,Positive,80,26,1154300,1603324800,1790874823,1.0,https://shared.fastly.steamstatic.com/store_item_assets/steam/apps/1154300/capsule_231x87.jpg?t=1726224642,2020-10-22 00:00:00+00:00,2020,10/22/20
BRIDGECONSTRUCTORTHEWALKINGDEAD,Bridge Constructor The Walking Dead,/game/bridge-constructor-the-walking-dead/,29FN6QPuJ%2FXVcKvLdSlHn8VOx0FImR164kHfYE1dpJ8%3D,1,222885,0.99,9.99,1,90.090090,72,Mixed,69,233,1336120,1605744000,1790875094,9.2,https://shared.fastly.steamstatic.com/store_item_assets/steam/apps/1336120/capsule_231x87.jpg?t=1717675056,2020-11-19 00:00:00+00:00,2020,11/19/20
80SOVERDRIVE,80s OVERDRIVE,/game/80s-overdrive/,dXWVYBrZmaBNwdsL8DO3364zYrZWDfHIr7CmqKX0KJ8%3D,1,223234,0.99,9.99,1,90.090090,0,Mostly Positive,76,517,1381440,1605744000,1790883166,5.0,https://shared.fastly.steamstatic.com/store_item_assets/steam/apps/1381440/capsule_231x87.jpg?t=1667126811,2020-11-19 00:00:00+00:00,2020,11/19/20
CRUSHED,Crushed,/game/crushed/,yZii%2FPYU1Mp8%2Bgm0CRMbIlJkewrnF01G8uFtKgANzgo%3D,1,223366,0.99,9.99,1,90.090090,0,Mixed,52,199,1355780,1723248000,1790875293,0.0,https://shared.fastly.steamstatic.com/store_item_assets/steam/apps/1355780/capsule_231x87.jpg?t=1776388385,2024-08-10 00:00:00+00:00,2024,08/10/24
NUUMONSTERS,Nuumonsters,/game/nuumonsters/,O0TL%2BAkDRDvSfQrw4y5d7aQjX2M4KZZM6IwcRILz3Og%3D,1,226446,0.99,9.99,1,90.090090,0,Mixed,54,55,1487940,1613606400,1790886397,1.0,https://shared.fastly.steamstatic.com/store_item_assets/steam/apps/1487940/3e322ac40541923f3aca25637a020e6e68fff413/capsule_231x87.jpg?t=1787055441,2021-02-18 00:00:00+00:00,2021,02/18/21
TINYROOMSTORIESTOWNMYSTERY,Tiny Room Stories: Town Mystery,/game/tiny-room-stories-town-mystery/,KU9dbArShFGT8SPcWN5o9kv0rVzJN09YYIneFz5qDG8%3D,1,226720,0.99,9.99,1,90.090090,0,Very Positive,86,813,1259640,1614211200,1790886692,5.0,https://shared.fastly.steamstatic.com/store_item_assets/steam/apps/1259640/capsule_231x87.jpg?t=1624523339,2021-02-25 00:00:00+00:00,2021,02/25/21
RANGOKSKIES,Rangok Skies,/game/rangok-skies/,Jrgzbm%2F541k6VFbFGp%2Fwa710OxgkWHyQ5emv%2Ff8b9qA%3D,1,227402,0.99,9.99,1,90.090090,0,Mixed,69,26,1262140,1615766400,1790878074,1.0,https://shared.fastly.steamstatic.com/store_item_assets/steam/apps/1262140/capsule_231x87.jpg?t=1668517816,2021-03-15 00:00:00+00:00,2021,03/15/21
EMILYISAWAY3,Emily is Away 3,/game/emily-is-away-3/,rK0mvTkX%2FgO2VdrKGfIakXqvk0FpClmDfsjRpD9xNW0%3D,1,228640,0.99,9.99,1,90.090090,0,Very Positive,92,4779,978460,1618531200,1790882336,5.0,https://shared.fastly.steamstatic.com/store_item_assets/steam/apps/978460/capsule_231x87.jpg?t=1621271998,2021-04-16 00:00:00+00:00,2021,04/16/21
MASKMAKER,Maskmaker,/game/maskmaker/,uoD7g5t6jV15MJGRObs6lmq4aP5RnPpz%2B2wOt5i6XG0%3D,1,228718,0.99,9.99,1,90.090090,75,Very Positive,93,254,1337530,1618876800,1790883189,9.3,https://shared.fastly.steamstatic.com/store_item_assets/steam/apps/1337530/capsule_231x87.jpg?t=1710941372,2021-04-20 00:00:00+00:00,2021,04/20/21
JETBORNERACING,Jetborne Racing,/game/jetborne-racing/,b3nKT%2FRYdGV5rDNWOXNZVEXwQ3I%2B8jJifC2CvRYrB2U%3D,1,230305,0.99,9.99,1,90.090090,0,Very Positive,88,495,1397650,1622073600,1790886156,5.0,https://shared.fastly.steamstatic.com/store_item_assets/steam/apps/1397650/capsule_231x87.jpg?t=1625066280,2021-05-27 00:00:00+00:00,2021,05/27/21
AGENTINTERCEPT,Agent Intercept,/game/agent-intercept/,teXWEoXBM285jR7A2QeLgfG70yYpG8lVJqa68Pd8AwI%3D,1,231031,0.99,9.99,1,90.090090,0,Very Positive,85,156,1502710,1623801600,1790886013,5.0,https://shared.fastly.steamstatic.com/store_item_assets/steam/apps/1502710/capsule_231x87.jpg?t=1775184848,2021-06-16 00:00:00+00:00,2021,06/16/21
GIGAPOCALYPSE,Gigapocalypse,/game/gigapocalypse/,wcr6nuP0rv94gU278u0D2vcmo9WQATfoNN3TQTQvPpk%3D,1,232280,0.99,9.99,1,90.090090,0,Very Positive,92,204,1543240,1636675200,1790886997,5.0,https://shared.fastly.steamstatic.com/store_item_assets/steam/apps/1543240/capsule_231x87.jpg?t=1717675142,2021-11-12 00:00:00+00:00,2021,11/12/21
TINYTOPIA,Tinytopia,/game/tinytopia/,VPa1wxqEbwr%2BkVJmfdNYVzIXrkxz16FLKveUPYb1%2Bf8%3D,1,233967,0.99,9.99,1,90.090090,76,Very Positive,87,183,968550,1630281600,1790886415,9.4,https://shared.fastly.steamstatic.com/store_item_assets/steam/apps/968550/capsule_231x87.jpg?t=1729181311,2021-08-30 00:00:00+00:00,2021,08/30/21
KOBOLOK,KOBOLOK,/game/kobolok/,KQVABqNKmmefeICMETz8IrmCl3HGMHrP3hFtE%2F4KkV4%3D,1,236065,0.99,9.99,1,90.090090,0,Mixed,64,34,1706220,1634688000,1790875784,1.0,https://shared.fastly.steamstatic.com/store_item_assets/steam/apps/1706220/capsule_231x87.jpg?t=1750624785,2021-10-20 00:00:00+00:00,2021,10/20/21
WITCHCRAFTY,Witchcrafty,/game/witchcrafty/,4z3BJ%2FJj0mP%2BeMMZUJRu6fFxgs5BGZbJxNPpIl18UZc%3D,1,241390,0.99,9.99,1,90.090090,0,Mixed,53,54,1122280,1646092800,1790875169,1.0,https://shared.fastly.steamstatic.com/store_item_assets/steam/apps/1122280/capsule_231x87.jpg?t=1722467330,2022-03-01 00:00:00+00:00,2022,03/01/22
URAGUN,Uragun,/game/pc/uragun,EZirIwKup6nLsyL%2BNQNMIcU7GexqU5532GzESE3gpf0%3D,1,243236,0.99,9.99,1,90.090090,0,Mixed,68,213,724000,1680134400,1790874657,5.0,https://shared.fastly.steamstatic.com/store_item_assets/steam/apps/724000/capsule_231x87.jpg?t=1751031304,2023-03-30 00:00:00+00:00,2023,03/30/23
GOETIA2,Goetia 2,/game/goetia-2/,DFf6l9EGmscdCxt7QOLcK%2F41%2Bg5c2pkHNg6EvjD9I0w%3D,1,246666,0.99,9.99,1,90.090090,0,Mixed,50,28,1984110,1652918400,1790875232,1.0,https://shared.fastly.steamstatic.com/store_item_assets/steam/apps/1984110/capsule_231x87.jpg?t=1781885294,2022-05-19 00:00:00+00:00,2022,05/19/22
SHAPEZ,shapez,/game/shapez/,DFRUiy%2BMBun%2BMdBrFIKWSsgGusMuBrZ4gkuvGXaQd%2Fg%3D,1,247627,0.99,9.99,1,90.090090,0,Overwhelmingly Positive,96,8415,1318690,1591488000,1790882016,5.0,https://shared.fastly.steamstatic.com/store_item_assets/steam/apps/1318690/capsule_231x87.jpg?t=1788789036,2020-06-07 00:00:00+00:00,2020,06/07/20
OMEGABOT,OmegaBot,/game/omegabot/,CupP0%2Bs2zmDrVi7Ez8%2Bu8NaSiBjnE33kgfcZVaTirVQ%3D,1,247915,0.99,9.99,1,90.090090,0,Positive,80,30,1620850,1655337600,1790874705,1.0,https://shared.fastly.steamstatic.com/store_item_assets/steam/apps/1620850/capsule_231x87.jpg?t=1723322806,2022-06-16 00:00:00+00:00,2022,06/16/22
CHAMPSTD,Champs TD,/game/champs-td/,QkWBbZlokrEVPHOkFrHULoPcCpx7hxn7mscCxbyk1qc%3D,1,249566,0.99,9.99,1,90.090090,0,Mixed,65,35,1912630,1659484800,1790875127,1.0,https://shared.fastly.steamstatic.com/store_item_assets/steam/apps/1912630/capsule_231x87.jpg?t=1725039062,2022-08-03 00:00:00+00:00,2022,08/03/22
EDENSLASTSUNRISE,Edens Last Sunrise,/game/edens-last-sunrise/,aOjxdsD4pIXD3CCfp0onTM83IgH%2Fdvv0PoTaitio6gk%3D,1,254175,0.99,9.99,1,90.090090,0,Very Positive,91,56,1865170,1669939200,1790886571,1.0,https://shared.fastly.steamstatic.com/store_item_assets/steam/apps/1865170/capsule_231x87.jpg?t=1773323726,2022-12-02 00:00:00+00:00,2022,12/02/22
RAVAGEROAD,Ravage Road,/game/ravage-road/,oOAXMuXfapeOwTrBSIzafcmxshPGeN1VdOzmCFe47KI%3D,1,254961,0.99,9.99,1,90.090090,0,Mixed,50,48,2102240,1671494400,1790875655,1.0,https://shared.fastly.steamstatic.com/store_item_assets/steam/apps/2102240/capsule_231x87.jpg?t=1703430335,2022-12-20 00:00:00+00:00,2022,12/20/22
KINGDOMRUSHTOWERDEFENSE,Kingdom Rush - Tower Defense,,%2BZAMpS%2BKDoBMGeX99W8NmuqmXEo2RhCelo%2FpAGg4Wtw%3D,1,255069,0.99,9.99,1,90.090090,0,Overwhelmingly Positive,96,4785,246420,0,1790273027,4.0,https://shared.fastly.steamstatic.com/store_item_assets/steam/apps/246420/bbc008dc0a6426e9028f0431af2b9b883268c776/capsule_231x87.jpg?t=1790283781,1970-01-01 00:00:00+00:00,1970,01/01/70
DRFETUSMEANMEATMACHINE,Dr. Fetus Mean Meat Machine,/game/dr-fetus-mean-meat-machine/,Rq7CilO8xwyqqHx0Wl9p%2F8G9YkP9NHgVXuMobgNNKP8%3D,1,265719,0.99,9.99,1,90.090090,76,Mixed,56,326,2228030,1687392000,1790886840,9.4,https://shared.fastly.steamstatic.com/store_item_assets/steam/apps/2228030/capsule_231x87.jpg?t=1717679134,2023-06-22 00:00:00+00:00,2023,06/22/23
CALLHATING,Call Hating,/game/call-hating/,mJZrdXrGtpfTV9fchOMbT%2Bl0wvX3GzI%2BsWUq1VY6%2Fn8%3D,1,267512,0.99,9.99,1,90.090090,0,Positive,92,25,2008990,1689292800,1790874373,1.0,https://shared.fastly.steamstatic.com/store_item_assets/steam/apps/2008990/capsule_231x87.jpg?t=1715957626,2023-07-14 00:00:00+00:00,2023,07/14/23
TOSS,TOSS!,/game/toss-2/,L4jUVvORUYj1pS1bTx5195MA96eD8nb%2Fwi9iwUYGTqE%3D,1,271161,0.99,9.99,1,90.090090,0,Positive,93,48,1270460,1779062400,1790886707,3.0,https://shared.fastly.steamstatic.com/store_item_assets/steam/apps/1270460/capsule_231x87.jpg?t=1782113485,2026-05-18 00:00:00+00:00,2026,05/18/26
GHOSTSIGNALASTELLARISGAME,Ghost Signal: A Stellaris Game,/game/ghost-signal-a-stellaris-game/,st5ZMw7yYVaLedlJeO2vy9ejl7B4po6jBxjMCu4FwLE%3D,1,274951,0.99,9.99,1,90.090090,0,Very Positive,93,104,2156770,1696464000,1790886147,5.0,https://shared.fastly.steamstatic.com/store_item_assets/steam/apps/2156770/4dacc2a1c0d59eb7bfcaf6726f53f9dbce3c345c/capsule_231x87.jpg?t=1729605994,2023-10-05 00:00:00+00:00,2023,10/05/23
GROWTH,Growth,/game/growth/,Y9a5qdEcYul2K5YveLcn2WAirVpwJxNHGnXJtAvBgew%3D,1,275897,0.99,9.99,1,90.090090,0,Very Positive,90,208,2300300,1697414400,1790886137,5.0,https://shared.fastly.steamstatic.com/store_item_assets/steam/apps/2300300/capsule_231x87.jpg?t=1785409412,2023-10-16 00:00:00+00:00,2023,10/16/23
INVINCIBLEPRESENTSATOMEVE,Invincible Presents: Atom Eve,/game/invincible-presents-atom-eve/,AdhSnoVmZe5ISORSl6Jj9Fg00WLrT%2F4UvC3FA9WXJZE%3D,1,271977,0.99,9.99,1,90.090090,79,Overwhelmingly Positive,96,552,2060870,1699920000,1790883121,9.5,https://shared.fastly.steamstatic.com/store_item_assets/steam/apps/2060870/capsule_231x87.jpg?t=1731368197,2023-11-14 00:00:00+00:00,2023,11/14/23
3DPRINTMASTERSIMULATORPRINTER,3D PrintMaster Simulator Printer,,c2zqjoNvN4lw7mSvw%2FpKLmrs04EjeuK124Vpz9Xy32g%3D,1,279371,0.99,9.99,1,90.090090,0,Mostly Negative,37,66,2427000,0,1790878173,1.0,https://shared.fastly.steamstatic.com/store_item_assets/steam/apps/2427000/capsule_231x87.jpg?t=1740674800,1970-01-01 00:00:00+00:00,1970,01/01/70
BLOODSPORTSTV,Bloodsports.TV,/game/bloodsportstv/,w8S2kLzFNqUNPJ7QGL3urt2tKTdYVuHfRxhCpqLq7eM%3D,1,142796,0.99,9.99,1,90.090090,69,Very Positive,83,255,336420,1427673600,1788898159,5.8,https://shared.fastly.steamstatic.com/store_item_assets/steam/apps/336420/capsule_231x87.jpg?t=1729083945,2015-03-30 00:00:00+00:00,2015,03/30/15
TELLMEYOURSTORY,Tell Me Your Story,/game/tell-me-your-story/,pBRA%2BSShNCKasQZj%2Bu%2BYT66nHPROVuVqzABSuatvBQk%3D,1,285529,0.99,9.99,1,90.090090,0,Mixed,66,86,1415570,1714089600,1790875476,1.0,https://shared.fastly.steamstatic.com/store_item_assets/steam/apps/1415570/capsule_231x87.jpg?t=1751034783,2024-04-26 00:00:00+00:00,2024,04/26/24
MUDFIMMOTOCROSSWORLDCHAMPIONSHIP,MUD - FIM Motocross World Championship,/game/mud-fim-motocross-world-championship/,I1ebuLZsvGMJi2z9teznISQffJ5YzF613aUWOUPC9Bk%3D,1,286485,0.99,9.99,1,90.090090,0,Mixed,63,130,226780,1361836800,1790875117,5.0,https://shared.fastly.steamstatic.com/store_item_assets/steam/apps/226780/capsule_231x87.jpg?t=1717747186,2013-02-26 00:00:00+00:00,2013,02/26/13
DARKCARDS,Dark Cards,/game/dark-cards/,659QmODy9wNnORoff46DarovFT%2Fbx3xpU6mdB02qd%2Bw%3D,1,288886,0.99,9.99,1,90.090090,0,Mixed,69,23,1347460,1599609600,1790878072,1.0,https://shared.fastly.steamstatic.com/store_item_assets/steam/apps/1347460/capsule_231x87.jpg?t=1669107947,2020-09-09 00:00:00+00:00,2020,09/09/20
GAMEBUILDERTYCOON,Game Builder Tycoon,/game/game-builder-tycoon/,DBamkYMueNDTCw0iX3YnhmVhaktE3rEEKU1zn5pELKU%3D,1,293187,0.99,9.99,1,90.090090,0,Mostly Positive,73,153,2756470,1727654400,1790450037,4.3,https://shared.fastly.steamstatic.com/store_item_assets/steam/apps/2756470/6608277be7449395457da7ef01e0468700019945/capsule_231x87.jpg?t=1779703536,2024-09-30 00:00:00+00:00,2024,09/30/24
HOUNDAUTOMATON,HOUND: AUTOMATON,/game/hound-automaton/,Yq%2FchuzUUXPlf0Q8e5Yw23Qlsx6cS6InKiN%2BFcTUk9I%3D,1,293756,0.99,9.99,1,90.090090,0,Mixed,58,39,3081120,1729468800,1790875901,1.0,https://shared.fastly.steamstatic.com/store_item_assets/steam/apps/3081120/04b9ad872c0ac2582bdaff5e37b3261eef9c012d/capsule_231x87.jpg?t=1729494139,2024-10-21 00:00:00+00:00,2024,10/21/24
UBERSLAUGHTER,UBERSLAUGHTER,/game/uberslaughter/,laUvztDTBO%2BPfu6cHoVg2dr0PK%2BCLXZ%2BGTZWcwZw2P8%3D,1,294583,0.99,9.99,1,90.090090,0,Very Positive,87,54,2595540,1727395200,1790886587,1.0,https://shared.fastly.steamstatic.com/store_item_assets/steam/apps/2595540/capsule_231x87.jpg?t=1773002792,2024-09-27 00:00:00+00:00,2024,09/27/24
DEATHLESSSURVIVORS,Deathless: Survivors,,lgzW%2B0YndjCCq82a07apCGuEpzFY06p0xZRemNcS%2B5c%3D,1,294588,0.99,9.99,1,90.090090,0,Mixed,58,177,2443090,0,1790875154,5.0,https://shared.fastly.steamstatic.com/store_item_assets/steam/apps/2443090/5c81207f60635f8496267e854ef15c7860948b8e/capsule_231x87.jpg?t=1780615109,1970-01-01 00:00:00+00:00,1970,01/01/70
GAIJINCHARENJI1KISSORKILL,Gaijin Charenji 1 : Kiss or Kill,/game/gaijin-charenji-1-kiss-or-kill-2019/,Qo%2FZLtq46iko%2BJHwVq8Q44UDKWTaV3QmxvJ5fH5LLJk%3D,1,294869,0.99,9.99,1,90.090090,0,Positive,86,23,1187950,1575849600,1790874823,1.0,https://shared.fastly.steamstatic.com/store_item_assets/steam/apps/1187950/capsule_231x87.jpg?t=1710174986,2019-12-09 00:00:00+00:00,2019,12/09/19
ARCHONS,Archons,/game/archons/,5EFtF7yEXw%2Fp2E%2BDQr2%2FL9%2FYRBRaZ4ULlts8UzUlHwA%3D,1,295529,0.99,9.99,1,90.090090,0,Very Positive,92,412,2779570,1733443200,1790533909,4.5,https://shared.fastly.steamstatic.com/store_item_assets/steam/apps/2779570/14fe21853f4216db4d741189ce85ec95a4b27345/capsule_231x87.jpg?t=1787825311,2024-12-06 00:00:00+00:00,2024,12/06/24
THEQUINFALL,The Quinfall,/game/the-quinfall/,8NoQDUmIwkX5KMR59kaoIiEkNWpiZkWkG1Ad%2B0DXJkI%3D,1,297238,0.99,9.99,1,90.090090,0,Mixed,52,3400,2294660,1770336000,1790881798,6.5,https://shared.fastly.steamstatic.com/store_item_assets/steam/apps/2294660/045f4cfe3b0cc528381e2ab78d4c63482f279167/capsule_231x87.jpg?t=1773702812,2026-02-06 00:00:00+00:00,2026,02/06/26
DEPARTMENT42THEMYSTERYOFTHENINE,Department 42: The Mystery of the Nine,/game/department-42-the-mystery-of-the-nine/,lmozcnzi%2BB7AhDMaccHcmRBjn4IfxOdhAVE1Unr68%2Fk%3D,1,297402,0.99,9.99,1,90.090090,0,Mixed,58,41,1841040,1247356800,1790875113,1.0,https://shared.fastly.steamstatic.com/store_item_assets/steam/apps/1841040/capsule_231x87.jpg?t=1660124955,2009-07-12 00:00:00+00:00,2009,07/12/09
CHARMTALE,Charm Tale,/game/charm-tale/,xWx%2FY15cF%2BOJthp0XLxq6AssrhfdcK1hYkz1UP6x1mk%3D,1,297647,0.99,9.99,1,90.090090,0,Mostly Positive,70,24,872180,1112227200,1790874836,1.0,https://shared.fastly.steamstatic.com/store_item_assets/steam/apps/872180/capsule_231x87.jpg?t=1693309019,2005-03-31 00:00:00+00:00,2005,03/31/05
SUPERROCKETSHOOTOUT,Super Rocket Shootout,/game/super-rocket-shootout/,GCyO0Fyxq8lCtkvMwXnYp8TUSKNKunCF02biOY5OiIg%3D,1,170894,0.99,9.99,1,90.090090,0,Positive,81,22,630160,1499990400,1790874349,1.0,https://shared.fastly.steamstatic.com/store_item_assets/steam/apps/630160/capsule_231x87.jpg?t=1506872295,2017-07-14 00:00:00+00:00,2017,07/14/17
BLACKDESERT,Black Desert,,QBO45k2F5YfDs8%2FPL1xp2V8Qo0y0uqOtCI34f%2B4gY%2BI%3D,1,231604,0.99,9.99,1,90.090090,0,Mostly Positive,72,35989,582660,0,1789673177,3.0,https://shared.fastly.steamstatic.com/store_item_assets/steam/apps/582660/ee187dc9383b5c278a40e5888aa2f6ab7212d527/capsule_231x87_alt_assets_27.jpg?t=1786645008,1970-01-01 00:00:00+00:00,1970,01/01/70
PUMPEDBMX,Pumped BMX,/game/pumped-bmx-plus/,gC2NPat0QjVOTJj1%2BB7zEqOD48k6%2FN76KMgPWxyy%2Fuw%3D,1,300171,0.99,9.99,1,90.090090,0,Very Positive,85,235,392070,1442534400,1790886989,5.0,https://shared.fastly.steamstatic.com/store_item_assets/steam/apps/392070/capsule_231x87.jpg?t=1747737405,2015-09-18 00:00:00+00:00,2015,09/18/15
SUPERQUEST,SuperQuest,/game/superquest/,haiUp9Rh62giMMDy1Hg%2BkffJO1oddNjSWw6jmSP%2Fwno%3D,1,309036,0.99,9.99,1,90.090090,0,Very Positive,100,92,3488200,1746748800,1790886970,1.2,https://shared.fastly.steamstatic.com/store_item_assets/steam/apps/3488200/75ebda3c5cf118e47880a07afc912da640cab987/capsule_231x87.jpg?t=1783876089,2025-05-09 00:00:00+00:00,2025,05/09/25
STONE4SOULS,Stone 4 Souls,/game/stone-4-souls/,%2FUg9rM4JTW0wV91Ed0VUN%2FQ5OoCpxgbFTS%2FpcX4zH4Q%3D,1,310340,0.99,9.99,1,90.090090,0,Mostly Positive,76,34,3507680,1747353600,1789665297,0.0,https://shared.fastly.steamstatic.com/store_item_assets/steam/apps/3507680/4e07632815fd25bd688c55eb709e51281f3ab36d/capsule_231x87.jpg?t=1786404419,2025-05-16 00:00:00+00:00,2025,05/16/25
UPWARDSLONELYROBOT,"Upwards, Lonely Robot",/game/upwards-lonely-robot/,FLCT9Sp9axmN5odJlHK1M%2FAbg8y0afu5LVmsYEckX9I%3D,1,150816,0.99,9.99,1,90.090090,0,Positive,90,20,417900,1457568000,1790874805,1.0,https://shared.fastly.steamstatic.com/store_item_assets/steam/apps/417900/capsule_231x87.jpg?t=1627898361,2016-03-10 00:00:00+00:00,2016,03/10/16
RUNFROMMUMMIES,Run From Mummies,/game/run-from-mummies/,vZlvnbLLIiUBFbU0AqVBvKUmMgRIqj9V%2B6fFxcVjhGM%3D,1,315290,0.99,9.99,1,90.090090,0,Positive,100,22,2503180,1730851200,1790874359,1.0,https://shared.fastly.steamstatic.com/store_item_assets/steam/apps/2503180/0c38bc4b1bc4325590d1bf8c866504bb7e018fa7/capsule_231x87.jpg?t=1740406858,2024-11-06 00:00:00+00:00,2024,11/06/24
PRINCESSKAGUYALEGENDOFTHEMOONWARRIOR,Princess Kaguya: Legend of the Moon Warrior,/game/princess-kaguya-legend-of-the-moon-warrior/,jfUYpGwYUYS4R7tirxbR0BLjfqFf9%2BXl4NZJoLPcpoE%3D,1,145240,1.09,10.99,1,90.081893,0,Mixed,43,37,383710,1438646400,1790878038,1.0,https://shared.fastly.steamstatic.com/store_item_assets/steam/apps/383710/capsule_231x87.jpg?t=1770960855,2015-08-04 00:00:00+00:00,2015,08/04/15
TROLLEYPROBLEMINC,"Trolley Problem, Inc.",/game/trolley-problem-inc/,GB8HneaA6NVTLyE1S0gohuA0w5lbD3puUVvWD8RwgUo%3D,1,242550,1.09,10.99,1,90.081893,76,Mixed,67,1271,1582680,1650499200,1790886857,9.4,https://shared.fastly.steamstatic.com/store_item_assets/steam/apps/1582680/capsule_231x87.jpg?t=1772556733,2022-04-21 00:00:00+00:00,2022,04/21/22
MOVIEHOUSETHEFILMSTUDIOTYCOON,Moviehouse - The Film Studio Tycoon,/game/moviehouse-the-film-studio-tycoon/,mcSFO6u95wYetymU7MY2Y8tkmfg91hNQ1l9nPq0DH4M%3D,1,259212,1.09,10.99,1,90.081893,0,Mostly Negative,31,224,1576280,1680652800,1790878257,5.0,https://shared.fastly.steamstatic.com/store_item_assets/steam/apps/1576280/capsule_231x87.jpg?t=1728902403,2023-04-05 00:00:00+00:00,2023,04/05/23
REPURPOSE,Repurpose,/game/repurpose/,kUqOYuuRgVBR0RODWPoua4CDVPtCDoRo3eU7bigeltU%3D,1,296327,1.09,10.99,1,90.081893,0,Positive,91,47,1862430,1703635200,1790886822,1.0,https://shared.fastly.steamstatic.com/store_item_assets/steam/apps/1862430/capsule_231x87.jpg?t=1703690729,2023-12-27 00:00:00+00:00,2023,12/27/23
WATCH,WATCH /,,ASyb6je%2FFp3SA%2BYlJuR4%2BcLYCdDWGixwKj59kY%2F4%2Biw%3D,1,300249,1.09,10.99,1,90.081893,0,Mostly Positive,79,39,1228410,0,1790874838,1.0,https://shared.fastly.steamstatic.com/store_item_assets/steam/apps/1228410/capsule_231x87.jpg?t=1784713263,1970-01-01 00:00:00+00:00,1970,01/01/70
FLAMEOVER,Flame Over,/game/flame-over/,1%2Bc6Y0Rer4%2Br%2B1yK%2FvBtz%2FeK4gx8f9rOT8PLDKg1%2FD4%3D,1,143909,1.19,11.99,1,90.075063,0,Mixed,69,146,345080,1432771200,1790875605,5.0,https://shared.fastly.steamstatic.com/store_item_assets/steam/apps/345080/capsule_231x87.jpg?t=1572456393,2015-05-28 00:00:00+00:00,2015,05/28/15
BADLANDGAMEOFTHEYEAREDITION,BADLAND: Game of the Year Edition,/game/pc/badland-game-of-the-year-edition,pP%2B23z60Cke6YjWGt3Ff3iYgb2a8uH4xgabCi3RdTUQ%3D,1,144076,1.19,11.99,1,90.075063,79,Very Positive,81,665,269670,1432598400,1790886432,9.5,https://shared.fastly.steamstatic.com/store_item_assets/steam/apps/269670/capsule_231x87.jpg?t=1569395419,2015-05-26 00:00:00+00:00,2015,05/26/15
1993SPACEMACHINE,1993 Space Machine,/game/1993-space-machine/,8iBavhGDSVzABywn16CsRLOl9%2B2BkPMz8eAfo4eypqg%3D,1,151246,1.19,11.99,1,90.075063,0,Mostly Positive,74,118,373480,1459123200,1790875246,5.0,https://shared.fastly.steamstatic.com/store_item_assets/steam/apps/373480/capsule_231x87.jpg?t=1669128869,2016-03-28 00:00:00+00:00,2016,03/28/16
SUPERBLACKJACKBATTLE2TURBOEDITIONTHECARDWARRIORS,Super Blackjack Battle 2 Turbo Edition - The Card Warriors,,pjElQAx7sBsgvEqmMLYz%2Bp7eRrv4iDE0iiPuAAlbfao%3D,1,166608,1.19,11.99,1,90.075063,0,Mixed,58,48,545200,0,1790875456,1.0,https://shared.fastly.steamstatic.com/store_item_assets/steam/apps/545200/capsule_231x87.jpg?t=1717595374,1970-01-01 00:00:00+00:00,1970,01/01/70
SUMOMAN,Sumoman,/game/sumoman/,8mwwGefBiCxodciwrslW8MTzELPu6qCgI9am%2Fgvi0lw%3D,1,167726,1.19,11.99,1,90.075063,0,Mostly Positive,79,542,552970,1490659200,1790874918,5.0,https://shared.fastly.steamstatic.com/store_item_assets/steam/apps/552970/capsule_231x87.jpg?t=1726568323,2017-03-28 00:00:00+00:00,2017,03/28/17
GRIDDRETROENHANCED,GRIDD: Retroenhanced,/game/gridd-retroenhanced/,db70rDJ0xAAUJRG%2BNvGeJjEAyEbhLzJycD%2BlGFWfB1k%3D,1,168841,1.19,11.99,1,90.075063,0,Mostly Positive,79,44,553950,1494892800,1790874514,1.0,https://shared.fastly.steamstatic.com/store_item_assets/steam/apps/553950/capsule_231x87.jpg?t=1502299140,2017-05-16 00:00:00+00:00,2017,05/16/17
ENLIGHTENMENT,Enlightenment,/game/enlightenment/,yL2FSEpoSHP88xMsIrrUQNBGOxK1ufiSPVVHOwvWSqM%3D,1,171652,1.19,11.99,1,90.075063,0,Mixed,59,377,663300,1707609600,1790875463,5.0,https://shared.fastly.steamstatic.com/store_item_assets/steam/apps/663300/capsule_231x87.jpg?t=1697544875,2024-02-11 00:00:00+00:00,2024,02/11/24
ORIGINALJOURNEY,Original Journey,/game/original-journey/,t%2Bnsnf0Y1JMkU5frcYO8i%2FVyMLAryv09a5V23jprDGE%3D,1,172063,1.19,11.99,1,90.075063,66,Mixed,63,132,639470,1502841600,1790875733,9.0,https://shared.fastly.steamstatic.com/store_item_assets/steam/apps/639470/capsule_231x87.jpg?t=1779883080,2017-08-16 00:00:00+00:00,2017,08/16/17
TOWER57,Tower 57,/game/tower-57/,iA%2FBJgt1IxedFfvqAqzboseJ76w5vV2mUujfTUIOhaw%3D,1,165438,1.19,11.99,1,90.075063,72,Mixed,65,538,530950,1510790400,1790875215,9.2,https://shared.fastly.steamstatic.com/store_item_assets/steam/apps/530950/capsule_231x87.jpg?t=1727868949,2017-11-16 00:00:00+00:00,2017,11/16/17
DEADLYDAYS,Deadly Days,/game/deadly-days/,XMRFN8degDixAkxh3onU6fRhWjXJtqZ67JEvwVezzvo%3D,1,175792,1.19,11.99,1,90.075063,0,Very Positive,86,1391,740080,1568851200,1790886179,5.0,https://shared.fastly.steamstatic.com/store_item_assets/steam/apps/740080/807ecea615078aeb680ea5aa4aa6abb83d5e04b1/capsule_231x87.jpg?t=1739540868,2019-09-19 00:00:00+00:00,2019,09/19/19
ANIMEGIRLSVR,Anime Girls VR,/game/anime-girls-vr/,yqiuWAaUuPjLmvdLRQyrS6nPI9R3jsNYOJVDzJS4DwA%3D,1,176678,1.19,11.99,1,90.075063,0,Mixed,45,24,767110,1513987200,1790875182,1.0,https://shared.fastly.steamstatic.com/store_item_assets/steam/apps/767110/capsule_231x87.jpg?t=1514046688,2017-12-23 00:00:00+00:00,2017,12/23/17
GREYSKIESAWAROFTHEWORLDSSTORY,Grey Skies: A War of the Worlds Story,/game/grey-skies-a-war-of-the-worlds-story/,xfCiXdSWiB80gwlEmWnhc%2F8xZQTwycgQ2rNUYoxDtPM%3D,1,222455,1.19,11.99,1,90.075063,0,Mostly Negative,35,154,1283770,1604534400,1790878194,5.0,https://shared.fastly.steamstatic.com/store_item_assets/steam/apps/1283770/capsule_231x87.jpg?t=1700104151,2020-11-05 00:00:00+00:00,2020,11/05/20
ASHWALKERS,Ashwalkers,,1%2F%2BGxCZfL9GWtpllFdEsEdl6sMd6Chw%2B5IZhklL97Mw%3D,1,228474,1.19,11.99,1,90.075063,0,Mixed,65,136,1273690,0,1790875395,5.0,https://shared.fastly.steamstatic.com/store_item_assets/steam/apps/1273690/capsule_231x87.jpg?t=1744981729,1970-01-01 00:00:00+00:00,1970,01/01/70
THEWORLDAFTER,The World After,/game/the-world-after/,TW7vVrrBzRGjbRR7vz8D0qDGuL5TPYapylZpp%2FbU8wU%3D,1,229416,1.19,11.99,1,90.075063,61,Mostly Positive,74,59,1557700,1620172800,1790874649,4.8,https://shared.fastly.steamstatic.com/store_item_assets/steam/apps/1557700/capsule_231x87.jpg?t=1652084475,2021-05-05 00:00:00+00:00,2021,05/05/21
RAYZE,RAYZE,/game/rayze/,W%2BBSI0WwrrZFu4BeKozFVPgyceGHzROsSrHoT3pOamM%3D,1,236167,1.19,11.99,1,90.075063,0,Very Positive,87,189,1689190,1634860800,1790882626,5.0,https://shared.fastly.steamstatic.com/store_item_assets/steam/apps/1689190/8795e6768a83dd6f035fbb109b0ca64923032769/capsule_231x87.jpg?t=1783611101,2021-10-22 00:00:00+00:00,2021,10/22/21
TOMBOYADVENTURE,Tomboy Adventure,/game/tomboy-adventure/,UOPpdYNqIfkz1VOZJBo5%2B7Z9rb9rdMm9a5cY%2BLXUJhY%3D,1,250472,1.19,11.99,1,90.075063,0,Very Positive,92,270,1970060,1661817600,1790882751,5.0,https://shared.fastly.steamstatic.com/store_item_assets/steam/apps/1970060/capsule_231x87.jpg?t=1727871803,2022-08-30 00:00:00+00:00,2022,08/30/22
ROBOPLANT,Roboplant,/game/roboplant/,vGXcIUxfdfls%2B3FLkTb0l5oqkbN1QIRREhxVKDOptBI%3D,1,253196,1.19,11.99,1,90.075063,0,Mixed,61,75,1613470,1698537600,1790875944,1.0,https://shared.fastly.steamstatic.com/store_item_assets/steam/apps/1613470/capsule_231x87.jpg?t=1706878525,2023-10-29 00:00:00+00:00,2023,10/29/23
HEXGUARDIAN,Hexguardian,/game/hexguardian/,bb%2BcgZuJJEMvF%2Fj9L7YlmqbJPAe4xeu47zTkCCg%2FJkA%3D,1,285397,1.19,11.99,1,90.075063,0,Mostly Positive,78,621,2381740,1714608000,1790886682,5.0,https://shared.fastly.steamstatic.com/store_item_assets/steam/apps/2381740/capsule_231x87.jpg?t=1728986537,2024-05-02 00:00:00+00:00,2024,05/02/24
CATSCOSMICATLAS,Cats Cosmic Atlas,/game/cats-cosmic-atlas/,Vti%2FjhXRrzj0iwOPkmI%2BNCxZlUq7ljEtP7sHqo32c9c%3D,1,296586,1.19,11.99,1,90.075063,0,Positive,86,36,2492800,1692316800,1790874332,1.0,https://shared.fastly.steamstatic.com/store_item_assets/steam/apps/2492800/capsule_231x87.jpg?t=1751030941,2023-08-18 00:00:00+00:00,2023,08/18/23
DOODLEGODGENESISSECRETS,Doodle God: Genesis Secrets,/game/doodle-god-genesis-secrets/,46PsVWyg1iXrWers4JcHMi5l5Vz8GPNStHDJIGg57nc%3D,1,186937,1.19,11.99,1,90.075063,0,Mostly Negative,28,21,837210,1525910400,1790878250,1.0,https://shared.fastly.steamstatic.com/store_item_assets/steam/apps/837210/capsule_231x87.jpg?t=1694453865,2018-05-10 00:00:00+00:00,2018,05/10/18
THEWHISPERINGVALLEY,The Whispering Valley,/game/the-whispering-valley/,lAaI6BZ%2BOUum1OBzRBPiGH8FjJ6Cub85MwNrD8cyOTc%3D,1,259036,1.19,11.99,1,90.075063,0,Very Positive,87,169,1512390,1669766400,1790886594,5.0,https://shared.fastly.steamstatic.com/store_item_assets/steam/apps/1512390/capsule_231x87.jpg?t=1740158519,2022-11-30 00:00:00+00:00,2022,11/30/22
12LABOURSOFHERCULESXIPAINTEDADVENTURE,12 Labours of Hercules XI: Painted Adventure,/game/12-labours-of-hercules-xi-painted-adventure/,zGREkwKPqFTfhUUiBRpGAyycph5vHRHjUfvMbSeP0sU%3D,1,325740,1.19,11.99,1,90.075063,0,Mixed,61,26,1402350,1603497600,1790875166,1.0,https://shared.fastly.steamstatic.com/store_item_assets/steam/apps/1402350/capsule_231x87.jpg?t=1789037010,2020-10-24 00:00:00+00:00,2020,10/24/20
NOVANUKERS,Nova Nukers!,/game/nova-nukers-2018/,6Mt5MVvpDEyLZoWLkyyDgLU9Caft2RsaYwRJPUq86UM%3D,1,331666,1.19,11.99,1,90.075063,0,Mostly Positive,75,20,445000,1521072000,1790874858,1.0,https://shared.fastly.steamstatic.com/store_item_assets/steam/apps/445000/capsule_231x87.jpg?t=1728902426,2018-03-15 00:00:00+00:00,2018,03/15/18
LIMBO,LIMBO,/game/limbo/,X9XEB%2Fw3H%2BmI80UYR458fzGB9zWEHde%2Bz2e8vPvNWl4%3D,1,57,1.24,12.49,1,90.072058,88,Very Positive,91,13106,48000,1312243200,1790882206,10.0,https://shared.fastly.steamstatic.com/store_item_assets/steam/apps/48000/capsule_231x87.jpg?t=1761819450,2011-08-02 00:00:00+00:00,2011,08/02/11
THEINNSMOUTHCASE,The Innsmouth Case,/game/the-innsmouth-case/,yuGVw7Y6tI3TJARGEKPMVyGkC0eBC05eSlEpeNEql8I%3D,1,217414,1.24,12.49,1,90.072058,73,Mixed,68,136,1231950,1592870400,1790875339,9.2,https://shared.fastly.steamstatic.com/store_item_assets/steam/apps/1231950/capsule_231x87.jpg?t=1728904268,2020-06-23 00:00:00+00:00,2020,06/23/20
JESSIKA,Jessika,/game/jessika/,0uEdYhHUHiDix9tm75SR6tz5Y%2Bo%2Fv0nOHyy%2F85UixcU%3D,1,219564,1.24,12.49,1,90.072058,53,Mixed,67,162,1251980,1598313600,1790875634,8.6,https://shared.fastly.steamstatic.com/store_item_assets/steam/apps/1251980/capsule_231x87.jpg?t=1728901292,2020-08-25 00:00:00+00:00,2020,08/25/20
SUFFERTHENIGHT,Suffer The Night,/game/suffer-the-night/,nw7NsQjWcDhZ2UD5%2FV1cKJzE8UdNuS5DINsOQzlGfC4%3D,1,259645,1.24,12.49,1,90.072058,0,Mostly Positive,71,184,2176850,1681689600,1790886202,5.0,https://shared.fastly.steamstatic.com/store_item_assets/steam/apps/2176850/capsule_231x87.jpg?t=1786368046,2023-04-17 00:00:00+00:00,2023,04/17/23
HAUMAADETECTIVENOIRSTORY,Hauma - A Detective Noir Story,/game/hauma-a-detective-noir-story/,EST2MxBsN1hH%2FgQOfAz6KC3e0FFf5FKIZZzlW38EORA%3D,1,272625,1.24,12.49,1,90.072058,0,Mixed,62,94,1443470,1694390400,1790875289,1.0,https://shared.fastly.steamstatic.com/store_item_assets/steam/apps/1443470/capsule_231x87.jpg?t=1728901043,2023-09-11 00:00:00+00:00,2023,09/11/23
STEALTHBASTARDDELUXE,Stealth Bastard Deluxe,/game/stealth-bastard-deluxe/,uu3TmpMjyOdpHgrbi2iww9exW%2BUyrm4POQYuJ7YWQuc%3D,1,93923,1.29,12.99,1,90.069284,80,Very Positive,88,726,209190,1354060800,1790886590,9.6,https://shared.fastly.steamstatic.com/store_item_assets/steam/apps/209190/capsule_231x87.jpg?t=1747738814,2012-11-28 00:00:00+00:00,2012,11/28/12
CELESTIANTALESOLDNORTH,Celestian Tales: Old North,/game/celestian-tales-old-north/,9fnmAQ3sts4X60kkZiucKb%2BAoNhjFr5ySvMnFsfAwsc%3D,1,145311,1.29,12.99,1,90.069284,0,Mixed,69,349,315860,1439164800,1790875125,5.0,https://shared.fastly.steamstatic.com/store_item_assets/steam/apps/315860/capsule_231x87.jpg?t=1465923387,2015-08-10 00:00:00+00:00,2015,08/10/15
VALHALLAHILLS,Valhalla Hills,/game/valhalla-hills/,xM5gFgcqehGGzGwtL7h2gSgpFbw6dhmNzPr0aNOPPt8%3D,1,145558,1.29,12.99,1,90.069284,69,Mixed,60,676,351910,1440374400,1790875174,9.1,https://shared.fastly.steamstatic.com/store_item_assets/steam/apps/351910/capsule_231x87.jpg?t=1789475400,2015-08-24 00:00:00+00:00,2015,08/24/15
ALLGUNSONDECK,All Guns On Deck,/game/pc/all-guns-on-deck,VhYFt0RSJAZg9BntdtN915eOzoc2ZcQV3UVWlH4sn9s%3D,1,144634,1.29,12.99,1,90.069284,0,Negative,17,45,315330,1440720000,1790878402,1.0,https://shared.fastly.steamstatic.com/store_item_assets/steam/apps/315330/capsule_231x87.jpg?t=1707481361,2015-08-28 00:00:00+00:00,2015,08/28/15
LUMINI,Lumini,/game/lumini/,pWUKRpPrECZC3N5esDqDlinCQTDmTg3sJqLpnPb7Y80%3D,1,145761,1.29,12.99,1,90.069284,69,Very Positive,86,90,360840,1441238400,1790887009,5.1,https://shared.fastly.steamstatic.com/store_item_assets/steam/apps/360840/capsule_231x87.jpg?t=1710786333,2015-09-03 00:00:00+00:00,2015,09/03/15
STAIRS,Stairs,/game/pc/stairs,US43TIhra03X%2FZYhN5Cy3jGGj2EWRCs%2BdFJMQ44NrVo%3D,1,146239,1.29,12.99,1,90.069284,65,Mixed,68,293,374060,1443398400,1790875636,8.9,https://shared.fastly.steamstatic.com/store_item_assets/steam/apps/374060/capsule_231x87.jpg?t=1458050173,2015-09-28 00:00:00+00:00,2015,09/28/15
PATHOLOGICCLASSICHD,Pathologic Classic HD,/game/pathologic-classic-hd/,%2FZao%2Buy3qdw%2FwR1DuxEqm%2BdlFQaj29GYN8goj4GyM6s%3D,1,146648,1.29,12.99,1,90.069284,76,Very Positive,87,1869,384110,1446076800,1790882291,9.4,https://shared.fastly.steamstatic.com/store_item_assets/steam/apps/384110/capsule_231x87.jpg?t=1604189746,2015-10-29 00:00:00+00:00,2015,10/29/15
LORDSOFMAGICSPECIALEDITION,Lords of Magic: Special Edition,/game/lords-of-magic-special-edition/,J74UCVyf3vN1cpukb1j1urRWWR1wlxMLLvA10%2FkaSCM%3D,1,87165,1.29,12.99,1,90.069284,0,Very Positive,92,534,404040,907113600,1790882795,5.0,https://shared.fastly.steamstatic.com/store_item_assets/steam/apps/404040/capsule_231x87.jpg?t=1579791461,1998-09-30 00:00:00+00:00,1998,09/30/98
THENEXTWORLD,The Next World,/game/pc/the-next-world,sv2bWMG%2BT6nvNiELBgiuigVq68DfOQli8CDQPRkiZ8w%3D,1,150783,1.29,12.99,1,90.069284,0,Mostly Positive,70,90,427860,1457308800,1790875362,1.0,https://shared.fastly.steamstatic.com/store_item_assets/steam/apps/427860/capsule_231x87.jpg?t=1582745024,2016-03-07 00:00:00+00:00,2016,03/07/16
STELLARINTERFACE,Stellar Interface,/game/stellar-interface/,Vn51Ro01%2FpaPWTTcZpXIk598KcgMAmtV2jYJ1mtcrEU%3D,1,158413,1.29,12.99,1,90.069284,0,Mostly Positive,78,188,517330,1479686400,1790874836,5.0,https://shared.fastly.steamstatic.com/store_item_assets/steam/apps/517330/capsule_231x87.jpg?t=1751299424,2016-11-21 00:00:00+00:00,2016,11/21/16
FEELTHESNOW,Feel The Snow,/game/feel-the-snow/,ieXeU8CzsXE1Pi5MrP7ggEh01lENbLe3x1suUzN%2F9bs%3D,1,160304,1.29,12.99,1,90.069284,0,Very Positive,84,1262,538100,1476403200,1790886179,5.0,https://shared.fastly.steamstatic.com/store_item_assets/steam/apps/538100/capsule_231x87.jpg?t=1668273265,2016-10-14 00:00:00+00:00,2016,10/14/16
NAVALIA,Navalia,/game/navalia/,AN5t0aULbpBTFz1zd6TfARltWzBPJQoL95SwvxvsioI%3D,1,169843,1.29,12.99,1,90.069284,0,Mixed,47,40,551630,1496361600,1790878119,1.0,https://shared.fastly.steamstatic.com/store_item_assets/steam/apps/551630/capsule_231x87.jpg?t=1510532891,2017-06-02 00:00:00+00:00,2017,06/02/17
MOONFALLULTIMATE,Moonfall Ultimate,/game/moonfall-ultimate/,RJ%2F%2BQgkTNGAZZkbHLzpUJYvpqnkQXkznmmBtCjLZwbM%3D,1,191698,1.29,12.99,1,90.069284,0,Mixed,48,27,853940,1536019200,1790875409,1.0,https://shared.fastly.steamstatic.com/store_item_assets/steam/apps/853940/capsule_231x87.jpg?t=1780398264,2018-09-04 00:00:00+00:00,2018,09/04/18
MOONFALLULTIMATE,Moonfall Ultimate,/game/moonfall-ultimate/,RJ%2F%2BQgkTNGAZZkbHLzpUJYvpqnkQXkznmmBtCjLZwbM%3D,1,191698,1.29,12.99,1,90.069284,0,Mixed,48,27,853940,1536019200,1790875409,1.0,https://shared.fastly.steamstatic.com/store_item_assets/steam/apps/853940/capsule_231x87.jpg?t=1780398264,2018-09-04 00:00:00+00:00,2018,09/04/18
CANNIBALCUISINE,Cannibal Cuisine,/game/cannibal-cuisine/,8TiDrmes41FuI8nVk1ESpUmD0qSTLQbkUaJt5FCB3Jo%3D,1,216086,1.29,12.99,1,90.069284,56,Very Positive,85,162,1136020,1589932800,1790886919,8.7,https://shared.fastly.steamstatic.com/store_item_assets/steam/apps/1136020/capsule_231x87.jpg?t=1720932460,2020-05-20 00:00:00+00:00,2020,05/20/20
LOVINGLYEVIL,Lovingly Evil,/game/lovingly-evil/,zif%2F2QhKZxBKtB%2BQT%2Fw5SpWHKTQX0yl%2BUNDtkJ4nJ9c%3D,1,219225,1.29,12.99,1,90.069284,77,Very Positive,85,100,1247020,1597795200,1790886619,9.4,https://shared.fastly.steamstatic.com/store_item_assets/steam/apps/1247020/capsule_231x87.jpg?t=1731052451,2020-08-19 00:00:00+00:00,2020,08/19/20
EXORCISTFAIRY,Exorcist Fairy,,QYTAca82nwcT4Gj%2FleU2FFvqrAczpHL3k2DBfRULZMs%3D,1,236087,1.29,12.99,1,90.069284,0,Mixed,61,274,1490460,0,1790875607,5.0,https://shared.fastly.steamstatic.com/store_item_assets/steam/apps/1490460/capsule_231x87.jpg?t=1667183493,1970-01-01 00:00:00+00:00,1970,01/01/70
NEVERSYNTH,NeverSynth,/game/neversynth/,dcoHjrf6XPOMIkNTvkN%2BxquTja8MHxi6lc2wYNBdCRI%3D,1,251057,1.29,12.99,1,90.069284,0,Mostly Positive,75,713,2131200,1663200000,1790875196,0.0,https://shared.fastly.steamstatic.com/store_item_assets/steam/apps/2131200/28ed00cfb4c2ccbfa5ea2ede530c682deff22c2f/capsule_231x87.jpg?t=1727876707,2022-09-15 00:00:00+00:00,2022,09/15/22
TIMELOCKVR1,Time Lock VR 1,,3HrWyi32CsBb17Hk0PbpnRKvYJL7IDPRxX%2B2tXv15yw%3D,1,255105,1.29,12.99,1,90.069284,0,Mostly Positive,78,665,673450,0,1790874854,5.0,https://shared.fastly.steamstatic.com/store_item_assets/steam/apps/673450/757bd672c16459e4702e4b80ba70741aa4c1c86f/capsule_231x87.jpg?t=1759325967,1970-01-01 00:00:00+00:00,1970,01/01/70
GROSS,GROSS,/game/gross/,AzLRfNteDg20d2Op%2BVVYJX1MmwmRVsU%2FocIpXzV7Pds%3D,1,255696,1.29,12.99,1,90.069284,0,Mostly Positive,79,271,1647420,1673395200,1789931809,3.4,https://shared.fastly.steamstatic.com/store_item_assets/steam/apps/1647420/capsule_231x87.jpg?t=1723702814,2023-01-11 00:00:00+00:00,2023,01/11/23
PIXELCAFE,Pixel Cafe,/game/pixel-cafe/,9QQOzoKwHnD%2FGeXltCwXepYPTPlLUnvMF3lHrLxWUo4%3D,1,279165,1.29,12.99,1,90.069284,0,Very Positive,91,836,2409360,1701302400,1790886136,5.0,https://shared.fastly.steamstatic.com/store_item_assets/steam/apps/2409360/capsule_231x87.jpg?t=1732964339,2023-11-30 00:00:00+00:00,2023,11/30/23
ONENIGHTBURLESQUE,One Night: Burlesque,/game/one-night-burlesque/,ICxxStmZ9RtAHxyw9DflvjlNGc0f7iIQknHMcdBhQi8%3D,1,296553,1.29,12.99,1,90.069284,0,Positive,84,32,2515310,1698969600,1790874799,1.0,https://shared.fastly.steamstatic.com/store_item_assets/steam/apps/2515310/capsule_231x87.jpg?t=1734603931,2023-11-03 00:00:00+00:00,2023,11/03/23
BLOCKTOWERTD2,Block Tower TD 2,/game/block-tower-td-2/,67ku4MMw1O9eA2GJu%2Bm07acAexwEamNjDVCUVESrDSU%3D,1,305480,1.29,12.99,1,90.069284,0,Mostly Positive,75,29,2837350,1721347200,1790874625,1.0,https://shared.fastly.steamstatic.com/store_item_assets/steam/apps/2837350/capsule_231x87.jpg?t=1721411082,2024-07-19 00:00:00+00:00,2024,07/19/24
THETRASAMIRECAMPAIGNS,The Trasamire Campaigns,/game/the-trasamire-campaigns/,PqUyAGxRjiCMSQ5Wd6S4eKhbx9EnBG9uSzuUaU8Piqk%3D,1,256855,1.29,12.99,1,90.069284,0,Mostly Positive,70,20,1968330,1675382400,1790875585,1.0,https://shared.fastly.steamstatic.com/store_item_assets/steam/apps/1968330/capsule_231x87.jpg?t=1676137172,2023-02-03 00:00:00+00:00,2023,02/03/23
TIMECARNAGE,Time Carnage,/game/time-carnage/,Y0DzqnTzQ147ieKB%2BnWPr5bzUaf%2FrT%2FAaaSyfQuFcus%3D,1,316991,1.29,12.99,1,90.069284,0,Mixed,68,22,912650,1523318400,1790875726,1.0,https://shared.fastly.steamstatic.com/store_item_assets/steam/apps/912650/capsule_231x87.jpg?t=1780399044,2018-04-10 00:00:00+00:00,2018,04/10/18
STARPOINTGEMINI,Starpoint Gemini,/game/starpoint-gemini/,RrDzpJzGcyEuclQ%2FTPeBYCPZqwHyixtmzuuYc4J%2FDuk%3D,1,2323,1.39,13.99,1,90.064332,46,Mostly Negative,30,136,108110,1292371200,1790878168,8.4,https://shared.fastly.steamstatic.com/store_item_assets/steam/apps/108110/capsule_231x87.jpg?t=1667659432,2010-12-15 00:00:00+00:00,2010,12/15/10
AMPHORA,Amphora,/game/amphora/,TaQ8n5nUzFNs5USieg2OeVzFzfpUiqLBB2v5RwtLjbA%3D,1,137346,1.39,13.99,1,90.064332,0,Mostly Positive,76,184,331510,1415750400,1790875341,5.0,https://shared.fastly.steamstatic.com/store_item_assets/steam/apps/331510/capsule_231x87.jpg?t=1479467925,2014-11-12 00:00:00+00:00,2014,11/12/14
ONIKIRADEMONKILLER,Onikira: Demon Killer,/game/onikira-demon-killer/,Kz8CRBCwXzgWwY0I3usbeHe6QuvGYH1PCP6ZnjK7Wes%3D,1,137343,1.39,13.99,1,90.064332,55,Mostly Negative,37,175,310850,1415923200,1790878271,8.6,https://shared.fastly.steamstatic.com/store_item_assets/steam/apps/310850/capsule_231x87.jpg?t=1717663215,2014-11-14 00:00:00+00:00,2014,11/14/14
UNTILIHAVEYOU,Until I Have You,/game/until-i-have-you/,PzZFWf631DqX9CYK4nvQFWpwAs%2FWsDaW0uBxqmot7lM%3D,1,151333,1.39,13.99,1,90.064332,69,Mostly Positive,71,154,439310,1459728000,1790875355,9.0,https://shared.fastly.steamstatic.com/store_item_assets/steam/apps/439310/capsule_231x87.jpg?t=1703127673,2016-04-04 00:00:00+00:00,2016,04/04/16
TRIVIAVAULTMIXEDTRIVIA,Trivia Vault: Mixed Trivia,/game/trivia-vault-mixed-trivia/,F5VZldVntOdzLPXsarrEAzVpnWYZJJY%2B47mDJRLkJPA%3D,1,171927,1.39,13.99,1,90.064332,0,Mixed,64,77,686550,1502409600,1790875813,1.0,https://shared.fastly.steamstatic.com/store_item_assets/steam/apps/686550/capsule_231x87.jpg?t=1639612390,2017-08-11 00:00:00+00:00,2017,08/11/17
TRIVIAVAULTSCIENCEANDHISTORYTRIVIA,Trivia Vault: Science and History Trivia,/game/trivia-vault-science-amp-history-trivia/,6tf1LtAMgLdttPyit3qQFfyKYJ0ufOhMOUWcXuEQJNk%3D,1,171972,1.39,13.99,1,90.064332,0,Mixed,63,85,687480,1502668800,1790875815,1.0,https://shared.fastly.steamstatic.com/store_item_assets/steam/apps/687480/capsule_231x87.jpg?t=1639612638,2017-08-14 00:00:00+00:00,2017,08/14/17
TRIVIAVAULTSUPERHEROESTRIVIA,Trivia Vault: Super Heroes Trivia,/game/trivia-vault-super-heroes-trivia/,qe5o7iTwr4MGrnwfysiD6O%2BbLUFlyvBKg0Myw3%2Fz82g%3D,1,172027,1.39,13.99,1,90.064332,0,Mixed,64,94,687490,1502755200,1790875800,1.0,https://shared.fastly.steamstatic.com/store_item_assets/steam/apps/687490/capsule_231x87.jpg?t=1639612647,2017-08-15 00:00:00+00:00,2017,08/15/17
TRIVIAVAULT1980STRIVIA,Trivia Vault: 1980's Trivia,/game/trivia-vault-1980s-trivia/,0rgzEXBt0BgZsYTIQcAafFPKZCO%2B4LIY7T7IICgDr40%3D,1,172067,1.39,13.99,1,90.064332,0,Mixed,68,106,689180,1502841600,1790875786,5.0,https://shared.fastly.steamstatic.com/store_item_assets/steam/apps/689180/capsule_231x87.jpg?t=1639607922,2017-08-16 00:00:00+00:00,2017,08/16/17
TRIVIAVAULTCLASSICROCKTRIVIA,Trivia Vault: Classic Rock Trivia,/game/trivia-vault-classic-rock-trivia/,WW3tcJ%2Bt0cPFs1ahqYg%2B%2FbNSF9wf3fpFpu8wzVobZvc%3D,1,172130,1.39,13.99,1,90.064332,0,Mixed,66,95,690240,1502928000,1790875484,1.0,https://shared.fastly.steamstatic.com/store_item_assets/steam/apps/690240/capsule_231x87.jpg?t=1639608071,2017-08-17 00:00:00+00:00,2017,08/17/17
TRIVIAVAULT1980STRIVIA2,Trivia Vault: 1980's Trivia 2,/game/trivia-vault-1980s-trivia-2/,s1E458sX7LyCXRbOOB4jNkhUlE7du9glu6IXJEb8BQI%3D,1,172263,1.39,13.99,1,90.064332,0,Mixed,61,98,693880,1503360000,1790875839,1.0,https://shared.fastly.steamstatic.com/store_item_assets/steam/apps/693880/capsule_231x87.jpg?t=1639607925,2017-08-22 00:00:00+00:00,2017,08/22/17
TRIVIAVAULTCLASSICROCKTRIVIA2,Trivia Vault: Classic Rock Trivia 2,/game/trivia-vault-classic-rock-trivia-2/,Xzd%2BWvdOUIgn6wUqTQNlBQ4YIe2S4NPg5O2nOctDqj8%3D,1,172309,1.39,13.99,1,90.064332,0,Mixed,66,89,693890,1503446400,1790875799,1.0,https://shared.fastly.steamstatic.com/store_item_assets/steam/apps/693890/capsule_231x87.jpg?t=1639612102,2017-08-23 00:00:00+00:00,2017,08/23/17
TRIVIAVAULTSCIENCEANDHISTORYTRIVIA2,Trivia Vault: Science and History Trivia 2,/game/trivia-vault-science-amp-history-trivia-2/,6aveTsRwXKl%2BldTBCVe%2Fr19SH0mMnnCHHQWoGYCFFDE%3D,1,172613,1.39,13.99,1,90.064332,0,Mixed,61,89,699590,1504224000,1790875801,1.0,https://shared.fastly.steamstatic.com/store_item_assets/steam/apps/699590/capsule_231x87.jpg?t=1743492507,2017-09-01 00:00:00+00:00,2017,09/01/17
TRIVIAVAULTSUPERHEROESTRIVIA2,Trivia Vault: Super Heroes Trivia 2,/game/trivia-vault-super-heroes-trivia-2/,vREuoCpqdCf8mOuyRReO0pPxMizPhcvhLgcREFkaMr8%3D,1,173048,1.39,13.99,1,90.064332,0,Mostly Positive,70,72,705090,1504828800,1790875067,1.0,https://shared.fastly.steamstatic.com/store_item_assets/steam/apps/705090/capsule_231x87.jpg?t=1639612650,2017-09-08 00:00:00+00:00,2017,09/08/17
TRIVIAVAULTMINIMIXEDTRIVIA,Trivia Vault: Mini Mixed Trivia,/game/trivia-vault-mini-mixed-trivia/,qRI4N0c%2FRzV08Xn%2B%2BN%2BTghF3VGHAgV%2BbpmFt%2BksiArE%3D,1,173228,1.39,13.99,1,90.064332,0,Mixed,63,85,706320,1505433600,1790875746,1.0,https://shared.fastly.steamstatic.com/store_item_assets/steam/apps/706320/capsule_231x87.jpg?t=1639612404,2017-09-15 00:00:00+00:00,2017,09/15/17
TRIVIAVAULTMINIMIXEDTRIVIA2,Trivia Vault: Mini Mixed Trivia 2,/game/trivia-vault-mini-mixed-trivia-2/,qGXf4sdGoNrKiIpm5Ymkt26%2FMmX0rDA8ZjqWcS%2FR9NQ%3D,1,173264,1.39,13.99,1,90.064332,0,Mixed,67,78,706330,1505606400,1790875800,1.0,https://shared.fastly.steamstatic.com/store_item_assets/steam/apps/706330/capsule_231x87.jpg?t=1639612400,2017-09-17 00:00:00+00:00,2017,09/17/17
TRIVIAVAULTMINIMIXEDTRIVIA3,Trivia Vault: Mini Mixed Trivia 3,/game/trivia-vault-mini-mixed-trivia-3/,atvI79IHFEPKT7PTdJgrqYekDZhOFKw%2BSNFytGECYX4%3D,1,173346,1.39,13.99,1,90.064332,0,Mixed,67,85,710110,1505779200,1790875799,1.0,https://shared.fastly.steamstatic.com/store_item_assets/steam/apps/710110/capsule_231x87.jpg?t=1639612396,2017-09-19 00:00:00+00:00,2017,09/19/17
TRIVIAVAULTMINIMIXEDTRIVIA4,Trivia Vault: Mini Mixed Trivia 4,/game/trivia-vault-mini-mixed-trivia-4/,fnIDbdcIL534oinPev9Ay8WDKullvyKiink1K%2BxG7hM%3D,1,173388,1.39,13.99,1,90.064332,0,Mixed,68,80,710120,1505952000,1790875816,1.0,https://shared.fastly.steamstatic.com/store_item_assets/steam/apps/710120/capsule_231x87.jpg?t=1639612393,2017-09-21 00:00:00+00:00,2017,09/21/17
TRIVIAVAULTHEALTHTRIVIADELUXE,Trivia Vault: Health Trivia Deluxe,/game/trivia-vault-health-trivia-deluxe/,RlD6Dge%2BIhM%2BZhAmC8zkjdrdsEmOnyNV33lwWEhXZuc%3D,1,177386,1.39,13.99,1,90.064332,0,Mostly Positive,77,71,781760,1516665600,1790875067,1.0,https://shared.fastly.steamstatic.com/store_item_assets/steam/apps/781760/capsule_231x87.jpg?t=1639612262,2018-01-23 00:00:00+00:00,2018,01/23/18
TRIVIAVAULTFOOTBALLTRIVIA,Trivia Vault Football Trivia,/game/trivia-vault-football-trivia/,EjEkI1YglBoRbveHk6HZ3kcLf3Zm1V5F785Na7uctHo%3D,1,178616,1.39,13.99,1,90.064332,0,Mixed,67,65,804600,1519689600,1790875802,1.0,https://shared.fastly.steamstatic.com/store_item_assets/steam/apps/804600/capsule_231x87.jpg?t=1639607915,2018-02-27 00:00:00+00:00,2018,02/27/18
TRIVIAVAULTOLYMPICSTRIVIA,Trivia Vault Olympics Trivia,/game/trivia-vault-olympics-trivia/,DPG4NB3t0bQLnTeGY4FPkmUWm1Wdmum8%2BlEv463a4OI%3D,1,178679,1.39,13.99,1,90.064332,0,Mixed,68,70,805880,1519776000,1790875801,1.0,https://shared.fastly.steamstatic.com/store_item_assets/steam/apps/805880/capsule_231x87.jpg?t=1639607919,2018-02-28 00:00:00+00:00,2018,02/28/18
TRIVIAVAULTBASEBALLTRIVIA,Trivia Vault Baseball Trivia,/game/trivia-vault-baseball-trivia/,b%2BEpPXNRZaDc7Y6dh1mZ6OYzjFonDVAGDuW7H%2FymmY0%3D,1,178761,1.39,13.99,1,90.064332,0,Mixed,69,76,805360,1519948800,1790875816,1.0,https://shared.fastly.steamstatic.com/store_item_assets/steam/apps/805360/capsule_231x87.jpg?t=1639607799,2018-03-02 00:00:00+00:00,2018,03/02/18
TRIVIAVAULTBASKETBALLTRIVIA,Trivia Vault Basketball Trivia,/game/trivia-vault-basketball-trivia/,UkGUT6rZKWXg%2BNERyzq9TTyCzpScfTVsletQ%2BCmgB8A%3D,1,178789,1.39,13.99,1,90.064332,0,Mostly Positive,71,69,806610,1520035200,1790875068,1.0,https://shared.fastly.steamstatic.com/store_item_assets/steam/apps/806610/capsule_231x87.jpg?t=1639607912,2018-03-03 00:00:00+00:00,2018,03/03/18
TRIVIAVAULTBOXINGTRIVIA,Trivia Vault: Boxing Trivia,/game/trivia-vault-boxing-trivia/,ygKWNu2XZemAP2%2BoRIinCkK01VLZCSHUnaxZU4Pq8%2Bo%3D,1,183389,1.39,13.99,1,90.064332,0,Mostly Positive,72,74,821520,1521849600,1790875068,1.0,https://shared.fastly.steamstatic.com/store_item_assets/steam/apps/821520/capsule_231x87.jpg?t=1639608049,2018-03-24 00:00:00+00:00,2018,03/24/18
TRIVIAVAULTAUTORACINGTRIVIA,Trivia Vault: Auto Racing Trivia,/game/trivia-vault-auto-racing-trivia/,QoyRLHzGP31H8zJCfovtafhIe4j6r%2BCINMmSo%2FRhGAQ%3D,1,184397,1.39,13.99,1,90.064332,0,Mostly Positive,78,79,822460,1522195200,1790875067,1.0,https://shared.fastly.steamstatic.com/store_item_assets/steam/apps/822460/capsule_231x87.jpg?t=1639608046,2018-03-28 00:00:00+00:00,2018,03/28/18
TRIVIAVAULTHOCKEYTRIVIA,Trivia Vault: Hockey Trivia,/game/trivia-vault-hockey-trivia/,eQvAWt1mMOkT2QQKZX7Rf84iHz5lj1E%2F49HIouZI%2Bxk%3D,1,185486,1.39,13.99,1,90.064332,0,Mostly Positive,72,76,828550,1522713600,1790875068,1.0,https://shared.fastly.steamstatic.com/store_item_assets/steam/apps/828550/capsule_231x87.jpg?t=1639612266,2018-04-03 00:00:00+00:00,2018,04/03/18
TRIVIAVAULTGOLFTRIVIA,Trivia Vault: Golf Trivia,/game/trivia-vault-golf-trivia/,wtvLm33NkiOqoPFgPv%2FQvooPczUHeD9dEo93eAs500A%3D,1,185901,1.39,13.99,1,90.064332,0,Mixed,69,69,822900,1522281600,1790875800,1.0,https://shared.fastly.steamstatic.com/store_item_assets/steam/apps/822900/capsule_231x87.jpg?t=1639612259,2018-03-29 00:00:00+00:00,2018,03/29/18
TRIVIAVAULTTENNISTRIVIA,Trivia Vault: Tennis Trivia,/game/trivia-vault-tennis-trivia/,ts4MMd%2B5QkI3%2BCvJvF%2Budry0%2BazwoR2LlicXOVM%2FrcU%3D,1,186214,1.39,13.99,1,90.064332,0,Mixed,69,65,840710,1524096000,1790875800,1.0,https://shared.fastly.steamstatic.com/store_item_assets/steam/apps/840710/capsule_231x87.jpg?t=1639612741,2018-04-19 00:00:00+00:00,2018,04/19/18
TRIVIAVAULTSOCCERTRIVIA,Trivia Vault: Soccer Trivia,/game/trivia-vault-soccer-trivia/,NojQnVgYeBwOs%2FRNh%2F9vqsQcya2QYS9US9YhxER2idY%3D,1,186329,1.39,13.99,1,90.064332,0,Mixed,67,76,844140,1524441600,1790875789,1.0,https://shared.fastly.steamstatic.com/store_item_assets/steam/apps/844140/capsule_231x87.jpg?t=1639612644,2018-04-23 00:00:00+00:00,2018,04/23/18
TRIVIAVAULTMOVIETRIVIA,Trivia Vault: Movie Trivia,/game/trivia-vault-movie-trivia/,zxArBGBbWQEXtFaqzmxOhBmqibYbZ4AnY3mEJJyJW1Y%3D,1,186530,1.39,13.99,1,90.064332,0,Mostly Positive,72,69,845970,1524787200,1790875068,1.0,https://shared.fastly.steamstatic.com/store_item_assets/steam/apps/845970/capsule_231x87.jpg?t=1639612631,2018-04-27 00:00:00+00:00,2018,04/27/18
TRIVIAVAULTCELEBRITYTRIVIA,Trivia Vault: Celebrity Trivia,/game/trivia-vault-celebrity-trivia/,UZftwsf5sCLUwEyr4qnpOpKSFAtFYqqZHtWciayD4jA%3D,1,186654,1.39,13.99,1,90.064332,0,Mostly Positive,73,78,849620,1525219200,1790875068,1.0,https://shared.fastly.steamstatic.com/store_item_assets/steam/apps/849620/capsule_231x87.jpg?t=1639608068,2018-05-02 00:00:00+00:00,2018,05/02/18
TRIVIAVAULTTVTRIVIA,Trivia Vault: TV Trivia,/game/trivia-vault-tv-trivia/,PoHAanh%2BzONVxZnane%2BULPXmsppNnb76LwYUY7le6j8%3D,1,186682,1.39,13.99,1,90.064332,0,Mixed,68,67,851520,1525305600,1790875801,1.0,https://shared.fastly.steamstatic.com/store_item_assets/steam/apps/851520/capsule_231x87.jpg?t=1639612735,2018-05-03 00:00:00+00:00,2018,05/03/18
TRIVIAVAULTARTTRIVIA,Trivia Vault: Art Trivia,/game/trivia-vault-art-trivia/,XOIeHjdyN9lu4uJHvMIlIo4U2c7K87Rc4hOsA%2B6EHss%3D,1,186765,1.39,13.99,1,90.064332,0,Mostly Positive,71,70,851710,1525478400,1790875053,1.0,https://shared.fastly.steamstatic.com/store_item_assets/steam/apps/851710/capsule_231x87.jpg?t=1639608043,2018-05-05 00:00:00+00:00,2018,05/05/18
TRIVIAVAULTBUSINESSTRIVIA,Trivia Vault: Business Trivia,/game/trivia-vault-business-trivia/,op5LHejhVFy7AL1z48fq8qkM7y7BqyZ0tdbUu%2FxrksM%3D,1,187218,1.39,13.99,1,90.064332,0,Mostly Positive,70,77,858420,1526515200,1790875068,1.0,https://shared.fastly.steamstatic.com/store_item_assets/steam/apps/858420/capsule_231x87.jpg?t=1639608064,2018-05-17 00:00:00+00:00,2018,05/17/18
TRIVIAVAULTFASHIONTRIVIA,Trivia Vault: Fashion Trivia,/game/trivia-vault-fashion-trivia/,dZiVsmIECnQdGoBmtdMkBMpB3ThDyv0xPQfM8D4%2F3y8%3D,1,187486,1.39,13.99,1,90.064332,0,Mixed,66,75,860350,1527120000,1790875783,1.0,https://shared.fastly.steamstatic.com/store_item_assets/steam/apps/860350/capsule_231x87.jpg?t=1639612193,2018-05-24 00:00:00+00:00,2018,05/24/18
TRIVIAVAULTTOYTRIVIA,Trivia Vault: Toy Trivia,/game/trivia-vault-toy-trivia/,nBSC3HtntUlv8FGpU3tdWhjAZf7lvIXIvAExCI6aFEA%3D,1,187572,1.39,13.99,1,90.064332,0,Mixed,66,74,860340,1527206400,1790875816,1.0,https://shared.fastly.steamstatic.com/store_item_assets/steam/apps/860340/capsule_231x87.jpg?t=1639612744,2018-05-25 00:00:00+00:00,2018,05/25/18
TRIVIAVAULTFOODTRIVIA,Trivia Vault: Food Trivia,/game/trivia-vault-food-trivia/,DeZCbVE4jio%2B7rOSJE6rzLsgDg3rF39dMkzkvw6LeRQ%3D,1,187755,1.39,13.99,1,90.064332,0,Mixed,65,84,861720,1527465600,1790875788,1.0,https://shared.fastly.steamstatic.com/store_item_assets/steam/apps/861720/capsule_231x87.jpg?t=1639612255,2018-05-28 00:00:00+00:00,2018,05/28/18
TRIVIAVAULTLITERATURETRIVIA,Trivia Vault: Literature Trivia,/game/trivia-vault-literature-trivia/,xJtPilAhJcaQGw1HJGhCPCwfKz5NlDg3xqX4ZmFuB0Q%3D,1,187882,1.39,13.99,1,90.064332,0,Mostly Positive,72,70,861740,1527811200,1790875067,1.0,https://shared.fastly.steamstatic.com/store_item_assets/steam/apps/861740/capsule_231x87.jpg?t=1639612407,2018-06-01 00:00:00+00:00,2018,06/01/18
TRIVIAVAULTMUSICTRIVIA,Trivia Vault: Music Trivia,/game/trivia-vault-music-trivia/,u6dBQSePa97c2C8u6d4pmP9%2Bnkby0cnZs9%2BNuhFk0HM%3D,1,188723,1.39,13.99,1,90.064332,0,Mixed,64,45,878270,1529625600,1790875801,1.0,https://shared.fastly.steamstatic.com/store_item_assets/steam/apps/878270/capsule_231x87.jpg?t=1639612635,2018-06-22 00:00:00+00:00,2018,06/22/18
NEEDAPACKET,Need a packet?,/game/need-a-packet/,OBcYkiUw2q%2FnIBeT%2BXImz83B4r4GlR1TwXHNWNDM4Mk%3D,1,191170,1.39,13.99,1,90.064332,0,Mixed,51,27,885380,1534723200,1790875408,1.0,https://shared.fastly.steamstatic.com/store_item_assets/steam/apps/885380/capsule_231x87.jpg?t=1728158682,2018-08-20 00:00:00+00:00,2018,08/20/18
LAKEVIEWCABIN2,Lakeview Cabin 2,/game/lakeview-cabin-2/,IWKSz0SdFmr019jr9JAeSi0ZiMsq1xhZLDAVxgy1R64%3D,1,225190,1.39,13.99,1,90.064332,0,Overwhelmingly Positive,96,541,1291790,1697673600,1790882790,5.0,https://shared.fastly.steamstatic.com/store_item_assets/steam/apps/1291790/capsule_231x87.jpg?t=1698944822,2023-10-19 00:00:00+00:00,2023,10/19/23
HIGHRISERS,Highrisers,/game/highrisers/,LskQS%2FNCD5HKR5YkexEWNfL1zOwDFGx241NbtwksOco%3D,1,228757,1.39,13.99,1,90.064332,0,Mostly Negative,35,74,733820,1626307200,1790878275,1.0,https://shared.fastly.steamstatic.com/store_item_assets/steam/apps/733820/capsule_231x87.jpg?t=1728905582,2021-07-15 00:00:00+00:00,2021,07/15/21
ONDE,Onde,/game/onde/,yNN52GHIcHrapIlbIKcBMooCtUritCCECl%2FhivC5xSI%3D,1,242094,1.39,13.99,1,90.064332,76,Very Positive,91,236,1676910,1647475200,1790886382,9.4,https://shared.fastly.steamstatic.com/store_item_assets/steam/apps/1676910/capsule_231x87.jpg?t=1777453459,2022-03-17 00:00:00+00:00,2022,03/17/22
ELDENGUNFIRE2,Elden Gunfire 2,,TAKQWn1UHGikmQFXyqjJV4tZ9eNaYP%2F79SMR3trnMxg%3D,1,249026,1.39,13.99,1,90.064332,0,Mixed,64,42,2059760,0,1790875731,1.0,https://shared.fastly.steamstatic.com/store_item_assets/steam/apps/2059760/capsule_231x87.jpg?t=1742313561,1970-01-01 00:00:00+00:00,1970,01/01/70
JUSTCAUSE2,Just Cause 2,/game/just-cause-2/,z4El8C19yCEHrk1%2ByEedebThQVbblI7H0Z%2BAmxgZiS8%3D,1,180,1.49,14.99,1,90.060040,84,Very Positive,91,19030,8190,1269302400,1790882159,9.8,https://shared.fastly.steamstatic.com/store_item_assets/steam/apps/8190/e90146c1858e5d8ebd2aa1abdcc8e2895c1d2b19/capsule_231x87.jpg?t=1782912561,2010-03-23 00:00:00+00:00,2010,03/23/10
HARDRESETEXTENDEDEDITION,Hard Reset Extended Edition,/game/hard-reset-extended-edition/,s69mcdu2yXVcth6gTpp%2BpRtEoRLln7b3tzlpe3%2FYMuE%3D,1,88445,1.49,14.99,1,90.060040,0,Very Positive,81,1874,98400,1331596800,1790885978,5.0,https://shared.fastly.steamstatic.com/store_item_assets/steam/apps/98400/capsule_231x87.jpg?t=1709567916,2012-03-13 00:00:00+00:00,2012,03/13/12
ARMADA2526,Armada 2526,/game/armada-2526/,6qM3fgDI8cBipMfIiL1p9v%2B9KT1pdXlsMHaPLVNdZn4%3D,1,596,1.49,14.99,1,90.060040,66,Mixed,55,34,46790,1258416000,1790875413,4.9,https://shared.fastly.steamstatic.com/store_item_assets/steam/apps/46790/capsule_231x87.jpg?t=1772798893,2009-11-17 00:00:00+00:00,2009,11/17/09
SERIOUSSAMHDTHEFIRSTENCOUNTER,Serious Sam HD: The First Encounter,/game/serious-sam-hd-the-first-encounter/,76n2mfjIU4dxm8kuhQmu1DKY2uFSx%2Bgcn4H747m0pwY%3D,1,708,1.49,14.99,1,90.060040,68,Very Positive,91,2466,41000,1259020800,1790882363,0.0,https://shared.fastly.steamstatic.com/store_item_assets/steam/apps/41000/capsule_231x87.jpg?t=1728687623,2009-11-24 00:00:00+00:00,2009,11/24/09
KRATER,Krater,/game/krater/,zRRi9Eu3M6BzbsbmcfgDqKMDXCYCmRGr%2FqTZlTkoZd0%3D,1,87964,1.49,14.99,1,90.060040,52,Mixed,55,678,42170,1339459200,1790875098,8.6,https://shared.fastly.steamstatic.com/store_item_assets/steam/apps/42170/capsule_231x87.jpg?t=1591085012,2012-06-12 00:00:00+00:00,2012,06/12/12
THEINCREDIBLEADVENTURESOFVANHELSING,The Incredible Adventures of Van Helsing,/game/the-incredible-adventures-of-van-helsing/,PpP6gj8xzYwe2P7Hh%2FyokxD6YnOGGxQv7DM936giBQw%3D,1,97710,1.49,14.99,1,90.060040,72,Very Positive,80,3101,215530,1369180800,1790882893,9.2,https://shared.fastly.steamstatic.com/store_item_assets/steam/apps/215530/capsule_231x87.jpg?t=1573827571,2013-05-22 00:00:00+00:00,2013,05/22/13
JOEDANGER,Joe Danger,/game/joe-danger/,uclhvUC4k%2BblASjVfJELcojFeKibm%2FVOFDVksrfvLXk%3D,1,99635,1.49,14.99,1,90.060040,0,Very Positive,80,182,229890,1372032000,1790882532,5.0,https://shared.fastly.steamstatic.com/store_item_assets/steam/apps/229890/capsule_231x87.jpg?t=1709306835,2013-06-24 00:00:00+00:00,2013,06/24/13
JOEDANGER2THEMOVIE,Joe Danger 2: The Movie,/game/joe-danger-2-the-movie/,iDT6jPYn7qH4gC%2FYq%2BLd8m5YqFiSnGBoN0o3uELzVnA%3D,1,99636,1.49,14.99,1,90.060040,82,Very Positive,82,108,242110,1372032000,1790882273,9.7,https://shared.fastly.steamstatic.com/store_item_assets/steam/apps/242110/capsule_231x87.jpg?t=1727078711,2013-06-24 00:00:00+00:00,2013,06/24/13
ROGUELEGACY,Rogue Legacy,/game/rogue-legacy/,79CFBAHVgXha%2FtaddqiaHhxlXvoGRcROj%2BVhgH1E%2FoI%3D,1,99739,1.49,14.99,1,90.060040,85,Very Positive,91,10098,241600,1372291200,1790882158,9.9,https://shared.fastly.steamstatic.com/store_item_assets/steam/apps/241600/capsule_231x87.jpg?t=1743078622,2013-06-27 00:00:00+00:00,2013,06/27/13
CITADELS,Citadels,/game/pc/citadels,s4yuZUAEJ3Ikb9O1PccIIETcvMMUapB%2Fe4riAWwa%2B7Y%3D,1,100427,1.49,14.99,1,90.060040,20,Very Negative,13,375,238870,1374710400,1790878403,8.0,https://shared.fastly.steamstatic.com/store_item_assets/steam/apps/238870/capsule_231x87.jpg?t=1790093644,2013-07-25 00:00:00+00:00,2013,07/25/13
THEINNERWORLD,The Inner World,/game/the-inner-world/,Hj%2B%2BtuFWB5%2F8YfjBzmprrH5dEtAxye3wgqDDdkpBmew%3D,1,101835,1.49,14.99,1,90.060040,72,Very Positive,87,923,251430,1380240000,1790886445,9.2,https://shared.fastly.steamstatic.com/store_item_assets/steam/apps/251430/capsule_231x87.jpg?t=1717679220,2013-09-27 00:00:00+00:00,2013,09/27/13
DEFENSETECHNICA,Defense Technica,/game/defense-technica/,v7sirxhsePg2J%2BXLvP9LOqXaLakPxK%2BGPTcN5w%2B6J08%3D,1,101795,1.49,14.99,1,90.060040,63,Mixed,42,150,233110,1382572800,1790875942,8.8,https://shared.fastly.steamstatic.com/store_item_assets/steam/apps/233110/capsule_231x87.jpg?t=1460910080,2013-10-24 00:00:00+00:00,2013,10/24/13
MARCECKSGETTINGUPCONTENTSUNDERPRESSURE,Marc Eck's Getting Up: Contents Under Pressure,,Yol25yn%2F3OSGfrngJH5RpYSiMu4ZOxrmU%2FAefTkj%2FjI%3D,1,104044,1.49,14.99,1,90.060040,0,Very Positive,84,828,260190,0,1790882816,5.0,https://shared.fastly.steamstatic.com/store_item_assets/steam/apps/260190/capsule_231x87.jpg?t=1447359207,1970-01-01 00:00:00+00:00,1970,01/01/70
BATTLEACADEMY,Battle Academy,/game/battle-academy/,IwhFHK%2BQF7NBD7IWwppWz50t%2Fag6V4zXwDP2Uyy2aKo%3D,1,108021,1.49,14.99,1,90.060040,0,Very Positive,84,253,287070,1397606400,1790886121,5.0,https://shared.fastly.steamstatic.com/store_item_assets/steam/apps/287070/capsule_231x87.jpg?t=1756116056,2014-04-16 00:00:00+00:00,2014,04/16/14
MERCHANTSOFKAIDAN,Merchants of Kaidan,/game/merchants-of-kaidan/,BP3R6zg1wUO7M29W5WEh87BXKZqQATmSPV7yIM45KlQ%3D,1,119297,1.49,14.99,1,90.060040,0,Mixed,60,231,294020,1406246400,1790875380,5.0,https://shared.fastly.steamstatic.com/store_item_assets/steam/apps/294020/capsule_231x87.jpg?t=1775047982,2014-07-25 00:00:00+00:00,2014,07/25/14
SUPERCHAINCRUSHERHORIZON,Super Chain Crusher Horizon,/game/super-chain-crusher-horizon/,GP3IRj4C6XBD87H2y06SrMOibjUWozICKzAaCSAOhMY%3D,1,94017,1.49,14.99,1,90.060040,0,Mixed,53,13,262920,1348531200,1790878092,1.0,https://shared.fastly.steamstatic.com/store_item_assets/steam/apps/262920/capsule_231x87.jpg?t=1740436517,2012-09-25 00:00:00+00:00,2012,09/25/12
ROYALDEFENSE,Royal Defense,/game/royal-defense/,RgW%2FCNOxUrGVFkW4tefm0nW5hX5EViT9YlF2e7i5Ybk%3D,1,97111,1.49,14.99,1,90.060040,0,Mostly Positive,70,246,291170,1359331200,1790875288,5.0,https://shared.fastly.steamstatic.com/store_item_assets/steam/apps/291170/capsule_231x87.jpg?t=1686029796,2013-01-28 00:00:00+00:00,2013,01/28/13
CHARIOT,Chariot,/game/chariot/,SJtwMqHmcdHzhryD5NoKvH6Nnk%2BblWEhlew2F42uPHk%3D,1,137348,1.49,14.99,1,90.060040,76,Very Positive,81,310,319450,1415750400,1790886357,9.3,https://shared.fastly.steamstatic.com/store_item_assets/steam/apps/319450/capsule_231x87.jpg?t=1616687689,2014-11-12 00:00:00+00:00,2014,11/12/14
JOEDEVERSLONEWOLFHDREMASTERED,Joe Dever's Lone Wolf HD Remastered,/game/joe-devers-lone-wolf-hd-remastered/,B%2BP8xo9yxMT0PpDOf0gW0ZFl5%2F5V8yd9ViW0kloPGQ8%3D,1,140206,1.49,14.99,1,90.060040,78,Mostly Positive,75,598,279440,1417046400,1790886405,9.5,https://shared.fastly.steamstatic.com/store_item_assets/steam/apps/279440/capsule_231x87.jpg?t=1725898599,2014-11-27 00:00:00+00:00,2014,11/27/14
BRAVELANDWIZARD,Braveland Wizard,/game/braveland-wizard/,5%2BLaCRxwqqaSq9408sOyHeOUJ07MkS0dMy4FMMLI4NM%3D,1,140452,1.49,14.99,1,90.060040,0,Very Positive,80,432,333880,1417651200,1790886249,5.0,https://shared.fastly.steamstatic.com/store_item_assets/steam/apps/333880/capsule_231x87.jpg?t=1713375721,2014-12-04 00:00:00+00:00,2014,12/04/14
DEMONHUNTERCHRONICLESFROMBEYOND,Demon Hunter - Chronicles from Beyond,/game/demon-hunter-chronicles-from-beyond/,tCmPsdnRHh7KRTIT9dr9nJXyCHY39hRvQPWYkSbcsKc%3D,1,127222,1.49,14.99,1,90.060040,0,Mixed,64,314,330990,1395273600,1790875157,5.0,https://shared.fastly.steamstatic.com/store_item_assets/steam/apps/330990/capsule_231x87.jpg?t=1584464438,2014-03-20 00:00:00+00:00,2014,03/20/14
TIMEMYSTERIESINHERITANCEREMASTERED,Time Mysteries: Inheritance - Remastered,/game/time-mysteries-inheritance-remastered/,6sn4wdCop8lWODeMkPD6df4EK5ZObjNMLXHnLOwemKQ%3D,1,142079,1.49,14.99,1,90.060040,0,Mixed,45,378,350010,1424908800,1790875179,5.0,https://shared.fastly.steamstatic.com/store_item_assets/steam/apps/350010/capsule_231x87.jpg?t=1582015785,2015-02-26 00:00:00+00:00,2015,02/26/15
TITANSOULS,Titan Souls,/game/titan-souls/,fe%2BFHkOyLOeEBTyr9T2mdgou7O9MXuN0LmNtSQn2l38%3D,1,143048,1.49,14.99,1,90.060040,74,Mostly Positive,71,2818,297130,1428969600,1790882112,9.3,https://shared.fastly.steamstatic.com/store_item_assets/steam/apps/297130/capsule_231x87.jpg?t=1784773896,2015-04-14 00:00:00+00:00,2015,04/14/15
OVERCLOCKEDAHISTORYOFVIOLENCE,Overclocked: A History of Violence,/game/overclocked-a-history-of-violence/,M11Kfx%2FeUVW1ZZooDbrAAB6CdYDxOxlEAjpVmmekJpY%3D,1,143075,1.49,14.99,1,90.060040,70,Mostly Positive,74,107,339850,1207526400,1790874648,9.1,https://shared.fastly.steamstatic.com/store_item_assets/steam/apps/339850/capsule_231x87.jpg?t=1790158383,2008-04-07 00:00:00+00:00,2008,04/07/08
SPACECOLONYSTEAMEDITION,Space Colony: Steam Edition,/game/space-colony-steam-edition/,TI7k2KXJnccSJaDWt1xNmZO5QihJb3%2FlHUtf%2BQiCifU%3D,1,143584,1.49,14.99,1,90.060040,74,Mostly Positive,78,564,297920,1430352000,1790886565,9.3,https://shared.fastly.steamstatic.com/store_item_assets/steam/apps/297920/capsule_231x87.jpg?t=1758726477,2015-04-30 00:00:00+00:00,2015,04/30/15
MAGNETICCAGECLOSED,Magnetic: Cage Closed,/game/magnetic-cage-closed/,dSCl%2BfC1A9YIo0s2L29zZbMGnR6fZaCUhrehpPkfM6w%3D,1,143892,1.49,14.99,1,90.060040,61,Mixed,68,276,344410,1432598400,1790875229,8.8,https://shared.fastly.steamstatic.com/store_item_assets/steam/apps/344410/capsule_231x87.jpg?t=1572427914,2015-05-26 00:00:00+00:00,2015,05/26/15
FORTDEFENSE,Fort Defense,/game/fort-defense/,CajkebLAMhyDeLpa%2Fu9hn4n1mLq5geZnJphfBDYpoMc%3D,1,139265,1.49,14.99,1,90.060040,0,Mostly Positive,78,232,343930,1376352000,1790619179,4.6,https://shared.fastly.steamstatic.com/store_item_assets/steam/apps/343930/capsule_231x87.jpg?t=1686036294,2013-08-13 00:00:00+00:00,2013,08/13/13
THEINCREDIBLEADVENTURESOFVANHELSINGIII,The Incredible Adventures of Van Helsing III,/game/the-incredible-adventures-of-van-helsing-iii/,5hfTDpm3PSDNzsm3vjFojXZVEGawVtnJvdN%2FfSYzAgc%3D,1,144042,1.49,14.99,1,90.060040,64,Mixed,64,1212,359900,1432252800,1790874678,8.9,https://shared.fastly.steamstatic.com/store_item_assets/steam/apps/359900/capsule_231x87.jpg?t=1572445840,2015-05-22 00:00:00+00:00,2015,05/22/15
SECONDWARFARE,Second Warfare,/game/second-warfare/,3SxTURFxfBoZh0XsTG6PEuoFyGqGGD%2F%2FltSXpmFFaBM%3D,1,144516,1.49,14.99,1,90.060040,0,Mostly Negative,33,51,372740,1434931200,1790878345,1.0,https://shared.fastly.steamstatic.com/store_item_assets/steam/apps/372740/capsule_231x87.jpg?t=1667072575,2015-06-22 00:00:00+00:00,2015,06/22/15
SHELTERED,Sheltered,/game/sheltered/,MvE0WA7mIQAArGUifznNvjl7hYIjpIcAxFJtgw8Bnj4%3D,1,145232,1.49,14.99,1,90.060040,62,Mostly Positive,77,2437,356040,1458000000,1789674382,6.8,https://shared.fastly.steamstatic.com/store_item_assets/steam/apps/356040/capsule_231x87.jpg?t=1729175647,2016-03-15 00:00:00+00:00,2016,03/15/16
THECATMACHINE,The Cat Machine,/game/the-cat-machine/,7vWSu5NpQl9iWed2IRn9WTwGz4X7FcgQ5HvHcVcJ%2F4E%3D,1,145372,1.49,14.99,1,90.060040,0,Very Positive,92,123,386900,1439337600,1790886855,5.0,https://shared.fastly.steamstatic.com/store_item_assets/steam/apps/386900/capsule_231x87.jpg?t=1578613892,2015-08-12 00:00:00+00:00,2015,08/12/15
EXPERTRIFLEMANRELOADED,Expert Rifleman Reloaded,/game/expert-rifleman-reloaded/,y2%2F9RZxq3JhcjcpE82FJzfQeMOrel5Ui2g1z0bOBoj0%3D,1,145412,1.49,14.99,1,90.060040,0,Mixed,61,21,383590,1439510400,1790874480,1.0,https://shared.fastly.steamstatic.com/store_item_assets/steam/apps/383590/capsule_231x87.jpg?t=1458760779,2015-08-14 00:00:00+00:00,2015,08/14/15
QUEENSQUESTTOWEROFDARKNESS,Queen's Quest: Tower of Darkness,/game/queens-quest-tower-of-darkness/,31b1qRcSYft7yb6DRR2G4rqvZRN0FkhMwz3TZbooXds%3D,1,143502,1.49,14.99,1,90.060040,0,Mixed,65,220,390200,1412726400,1790875116,5.0,https://shared.fastly.steamstatic.com/store_item_assets/steam/apps/390200/capsule_231x87.jpg?t=1584464107,2014-10-08 00:00:00+00:00,2014,10/08/14
DARKHERITAGEGUARDIANSOFHOPE,Dark Heritage: Guardians of Hope,/game/dark-heritage--guardians-of-hope---a-hidden-object/,pc3exBkyQzJrwwAcGVOUPkaWlsQewjD5YgvNAbP7X1E%3D,1,127053,1.49,14.99,1,90.060040,0,Mixed,57,158,394280,1338422400,1790875210,5.0,https://shared.fastly.steamstatic.com/store_item_assets/steam/apps/394280/capsule_231x87.jpg?t=1584611248,2012-05-31 00:00:00+00:00,2012,05/31/12
DOODLEGOD,Doodle God,/game/doodle-god/,tXDoCTpv8CB3Ncqrng%2FxY2HXkHU3skezoNDuOuhJmhU%3D,1,146197,1.49,14.99,1,90.060040,0,Mostly Positive,77,1032,348360,1339113600,1790883150,5.0,https://shared.fastly.steamstatic.com/store_item_assets/steam/apps/348360/capsule_231x87.jpg?t=1738058626,2012-06-08 00:00:00+00:00,2012,06/08/12
JOTUNVALHALLAEDITION,Jotun: Valhalla Edition,/game/pc/jotun-valhalla-edition,BlVxrVeavhnmY1tbKXOrDvBQAQuSErIY4VZbeH1YMBM%3D,1,158426,1.49,14.99,1,90.060040,79,Mostly Positive,77,1053,323580,1443484800,1790886925,9.5,https://shared.fastly.steamstatic.com/store_item_assets/steam/apps/323580/capsule_231x87.jpg?t=1752500989,2015-09-29 00:00:00+00:00,2015,09/29/15
CHRONICLESOFTHEWITCHESANDWARLOCKS,Chronicles of the Witches and Warlocks,/game/chronicles-of-the-witches-and-warlocks/,TGGB6igTD%2BON4Sln50qnOpEd%2Fw8iDWZUmWSpbu6Sfvg%3D,1,139410,1.49,14.99,1,90.060040,0,Mostly Positive,70,167,396850,1403395200,1790874837,5.0,https://shared.fastly.steamstatic.com/store_item_assets/steam/apps/396850/capsule_231x87.jpg?t=1686034930,2014-06-22 00:00:00+00:00,2014,06/22/14
CONTRACTWITHTHEDEVIL,Contract with the Devil,/game/contract-with-the-devil/,VInqhUt%2BGTIbxtFNIVBfg1Wxy4qXBceEjtzO4Ig5Z7A%3D,1,144955,1.49,14.99,1,90.060040,0,Mostly Positive,71,243,409600,1433289600,1790874616,5.0,https://shared.fastly.steamstatic.com/store_item_assets/steam/apps/409600/capsule_231x87.jpg?t=1686803409,2015-06-03 00:00:00+00:00,2015,06/03/15
GNUMZMASTERSOFDEFENSE,Gnumz: Masters of Defense,/game/gnumz-masters-of-defense/,KpHDrf%2F3Xy2Db50UJi9PI3Zk0c0zby94dRl8KnCV%2BPs%3D,1,140563,1.49,14.99,1,90.060040,0,Mixed,69,111,371460,1409529600,1790875793,5.0,https://shared.fastly.steamstatic.com/store_item_assets/steam/apps/371460/capsule_231x87.jpg?t=1686035342,2014-09-01 00:00:00+00:00,2014,09/01/14
SOLITAIRECHRISTMASMATCH2CARDS,Solitaire Christmas. Match 2 Cards,/game/solitaire-christmas-match-2-cards/,Q0ExZF079Y4BrX1EIT8AguZBCdLC3XDSSPSnaBPX5UE%3D,1,147704,1.49,14.99,1,90.060040,0,Mostly Positive,72,88,428510,1450310400,1790619324,0.6,https://shared.fastly.steamstatic.com/store_item_assets/steam/apps/428510/capsule_231x87.jpg?t=1687235516,2015-12-17 00:00:00+00:00,2015,12/17/15
OBLITERACERS,Obliteracers,/game/obliteracers/,H6LS75uTM2ClJYn4D9uBlJu%2BsFbPES9h%2FA24CCfX76Y%3D,1,150210,1.49,14.99,1,90.060040,78,Mixed,65,167,368740,1456185600,1790875184,9.5,https://shared.fastly.steamstatic.com/store_item_assets/steam/apps/368740/capsule_231x87.jpg?t=1788522057,2016-02-23 00:00:00+00:00,2016,02/23/16
ACARATUS,Acaratus,/game/acaratus/,gX8avYs7J5znpfnKMy%2FCmoC1OKl7P%2BXyrBQ0ysSVRzw%3D,1,150297,1.49,14.99,1,90.060040,0,Mixed,48,49,376410,1495670400,1790878104,1.0,https://shared.fastly.steamstatic.com/store_item_assets/steam/apps/376410/capsule_231x87.jpg?t=1775548620,2017-05-25 00:00:00+00:00,2017,05/25/17
ETARMIES,E.T. Armies,/game/et-armies/,9QVa%2ByfNWdTA5l2fVujKsFL9jQttNG%2FsUJFtEmkx4%2FQ%3D,1,150205,1.49,14.99,1,90.060040,54,Mixed,60,163,382420,1456963200,1790875629,8.6,https://shared.fastly.steamstatic.com/store_item_assets/steam/apps/382420/capsule_231x87.jpg?t=1632150378,2016-03-03 00:00:00+00:00,2016,03/03/16
MOONHUNTERS,Moon Hunters,/game/moon-hunters/,YXX4FqgXXwTZG1mmZ8nTTEI4zrjIfCG7F3%2BD4YQZRKY%3D,1,150843,1.49,14.99,1,90.060040,62,Mostly Positive,77,1742,320040,1457568000,1790883182,8.8,https://shared.fastly.steamstatic.com/store_item_assets/steam/apps/320040/da18119909b450446d2bda529e96c6261bb5379b/capsule_231x87.jpg?t=1764001466,2016-03-10 00:00:00+00:00,2016,03/10/16
THEINTERACTIVEADVENTURESOFDOGMENDONCAANDPIZZABOY,The Interactive Adventures of Dog Mendonca and Pizzaboy,/game/the-interactive-adventures-of-dog-mendonca-and/,iryVNpGEebPILe2qxYjRT%2BXqnGFu0I7iv%2FXig%2BsQ50g%3D,1,150924,1.49,14.99,1,90.060040,0,Very Positive,82,158,330420,1456963200,1789677560,3.0,https://shared.fastly.steamstatic.com/store_item_assets/steam/apps/330420/capsule_231x87.jpg?t=1645612260,2016-03-03 00:00:00+00:00,2016,03/03/16
VILLAGERS,Villagers,/game/pc/villagers,au4P1MKGbx%2FDubxynSPUqUTSk9yhTkWc6drsW2l3iqo%3D,1,151194,1.49,14.99,1,90.060040,0,Mixed,46,296,412460,1458864000,1790875015,5.0,https://shared.fastly.steamstatic.com/store_item_assets/steam/apps/412460/capsule_231x87.jpg?t=1498133639,2016-03-25 00:00:00+00:00,2016,03/25/16
GEMSOFTHEAZTECS,Gems of the Aztecs,/game/gems-of-the-aztecs/,lonCGFiJSVEaLTUzosX1c3MOKDOaoF7e59o2lvt8lSE%3D,1,148913,1.49,14.99,1,90.060040,0,Mostly Positive,78,104,429280,1452038400,1790620121,4.6,https://shared.fastly.steamstatic.com/store_item_assets/steam/apps/429280/capsule_231x87.jpg?t=1687321712,2016-01-06 00:00:00+00:00,2016,01/06/16
EXCUBITOR,Excubitor,/game/excubitor/,Z3vvQPikCqqaH0jdmAi3Jhc7WX3nTIjDYwrimrpzQ78%3D,1,153066,1.49,14.99,1,90.060040,69,Mixed,40,22,357030,1464220800,1790875949,5.0,https://shared.fastly.steamstatic.com/store_item_assets/steam/apps/357030/capsule_231x87.jpg?t=1627898059,2016-05-26 00:00:00+00:00,2016,05/26/16
SMOOTSWORLDCUPTENNIS,Smoots World Cup Tennis,/game/smoots-world-cup-tennis/,IOeLXVvSQkVvIW0jPPsTnj%2Fz9wtQI9eRetJLkRUQfX8%3D,1,153148,1.49,14.99,1,90.060040,0,Mixed,56,25,393860,1464739200,1790875798,1.0,https://shared.fastly.steamstatic.com/store_item_assets/steam/apps/393860/capsule_231x87.jpg?t=1781884649,2016-06-01 00:00:00+00:00,2016,06/01/16
VALENTINOROSSITHEGAME,Valentino Rossi The Game,/game/valentino-rossi-the-game/,QYYzXnquARyRhlXiKxCT5aDbZnTOsX0IrKHVZT%2BVeiQ%3D,1,153893,1.49,14.99,1,90.060040,72,Very Positive,82,327,438430,1466035200,1790886750,9.2,https://shared.fastly.steamstatic.com/store_item_assets/steam/apps/438430/capsule_231x87.jpg?t=1742574123,2016-06-16 00:00:00+00:00,2016,06/16/16
DAYDTOWERRUSH,Day D: Tower Rush,/game/day-d-tower-rush/,%2Fw23uNZk6uXUDXL1zw54XLfN40gWNzTVAt40FAyIW%2F0%3D,1,154744,1.49,14.99,1,90.060040,0,Mostly Positive,74,207,423550,1396310400,1790874841,5.0,https://shared.fastly.steamstatic.com/store_item_assets/steam/apps/423550/capsule_231x87.jpg?t=1686032193,2014-04-01 00:00:00+00:00,2014,04/01/14
DEADAGE,Dead Age,/game/dead-age/,MXDagHMvQWEiFpInOjE3ZpX5ALx7l%2F74TQgvFgnVrIM%3D,1,154889,1.49,14.99,1,90.060040,0,Very Positive,81,1959,363930,1478217600,1790886291,5.0,https://shared.fastly.steamstatic.com/store_item_assets/steam/apps/363930/capsule_231x87.jpg?t=1717749863,2016-11-04 00:00:00+00:00,2016,11/04/16
CHRONICLESOFTEDDY,Chronicles of Teddy,,RIknYJAB9m6oGMH35dhUX3z0RG4bVpx4AIGBlaZpIIo%3D,1,155356,1.49,14.99,1,90.060040,0,Mixed,69,266,341020,0,1790875244,5.0,https://shared.fastly.steamstatic.com/store_item_assets/steam/apps/341020/capsule_231x87.jpg?t=1781884635,1970-01-01 00:00:00+00:00,1970,01/01/70
KINGDOMNEWLANDS,Kingdom: New Lands,/game/kingdom-new-lands/,trJL0HgLD2GqSHewLR2jXR5%2FWflsMx2VeUwewFeDi2I%3D,1,157133,1.49,14.99,1,90.060040,0,Very Positive,84,4150,496300,1470700800,1790882334,5.0,https://shared.fastly.steamstatic.com/store_item_assets/steam/apps/496300/capsule_231x87.jpg?t=1788873284,2016-08-09 00:00:00+00:00,2016,08/09/16
MOTORACER4,Moto Racer 4,/game/moto-racer-4/,gTj2xUQA1N8IIob7Zwd1C%2B%2FWFUlBoDGbEK11zztM0sY%3D,1,157511,1.49,14.99,1,90.060040,47,Mixed,60,345,417430,1478131200,1790874629,8.5,https://shared.fastly.steamstatic.com/store_item_assets/steam/apps/417430/capsule_231x87.jpg?t=1581349208,2016-11-03 00:00:00+00:00,2016,11/03/16
SYBERIA3,Syberia 3,/game/syberia-3/,rTXfcPXPpIQ6dMuUvugLxSRlEoU9Nz5OmxMqNmeO3ng%3D,1,157513,1.49,14.99,1,90.060040,51,Mixed,45,1095,464340,1492646400,1790886434,8.5,https://shared.fastly.steamstatic.com/store_item_assets/steam/apps/464340/capsule_231x87.jpg?t=1743167602,2017-04-20 00:00:00+00:00,2017,04/20/17
WRC6FIAWORLDRALLYCHAMPIONSHIP,WRC 6 FIA World Rally Championship,/game/pc/wrc-6-fia-world-rally-championship,6VJUkL6JON3jrOqP8DASlDKyTBRlKLMVeS0F7hH0rfA%3D,1,159852,1.49,14.99,1,90.060040,68,Mostly Positive,73,1293,458770,1475798400,1789851127,7.3,https://shared.fastly.steamstatic.com/store_item_assets/steam/apps/458770/capsule_231x87.jpg?t=1725354005,2016-10-07 00:00:00+00:00,2016,10/07/16
SOLITAIREBEACHSEASON,Solitaire: Beach Season,/game/solitaire-beach-season/,LyVd1vJKICmuXaLRu%2F8TQfVT5yLPjFU9LDlc6KYqtoQ%3D,1,148383,1.49,14.99,1,90.060040,0,Mostly Positive,76,88,528070,1441756800,1790875587,1.0,https://shared.fastly.steamstatic.com/store_item_assets/steam/apps/528070/capsule_231x87.jpg?t=1686717328,2015-09-09 00:00:00+00:00,2015,09/09/15
PARTYGOLF,Party Golf,/game/party-golf/,1%2Fp4t%2BJHyDuNfR9HA7oQ%2FsQpHTz1ZruArOlQJT5YYs8%3D,1,161071,1.49,14.99,1,90.060040,0,Very Positive,80,70,538550,1477440000,1790886916,1.0,https://shared.fastly.steamstatic.com/store_item_assets/steam/apps/538550/capsule_231x87.jpg?t=1788754830,2016-10-26 00:00:00+00:00,2016,10/26/16
POLITICALANIMALS,Political Animals,/game/political-animals/,i6tyZxPJ5hXAHlNXvLxxBBphSV%2B9WaT11Kz9kBj3MXA%3D,1,161521,1.49,14.99,1,90.060040,0,Mixed,63,162,458630,1478044800,1790875187,5.0,https://shared.fastly.steamstatic.com/store_item_assets/steam/apps/458630/capsule_231x87.jpg?t=1779733852,2016-11-02 00:00:00+00:00,2016,11/02/16
ALFINE,ALFINE,/game/al-fine/,FxT3SlhjU4bODRUWc9DA7Gvw7DNLIuC%2FlKeAuRdkmT0%3D,1,162241,1.49,14.99,1,90.060040,0,Mostly Negative,36,41,545330,1478822400,1790878337,1.0,https://shared.fastly.steamstatic.com/store_item_assets/steam/apps/545330/capsule_231x87.jpg?t=1720811048,2016-11-11 00:00:00+00:00,2016,11/11/16
NEVERGIVEUP,Never give up!,/game/never-give-up-2/,N6AmbcZt%2BeGgDoKQYIZBmHikUlPDpWy0Ulw6BAF%2FPfs%3D,1,164622,1.49,14.99,1,90.060040,0,Very Positive,87,169,555320,1565654400,1790886335,5.0,https://shared.fastly.steamstatic.com/store_item_assets/steam/apps/609420/capsule_231x87.jpg?t=1753473344,2019-08-13 00:00:00+00:00,2019,08/13/19
SPLASHER,Splasher,/game/splasher/,aN8Pts0iKYHPB5E4ylPqEAydB4jWBv1q1uEQ%2FlScpDY%3D,1,145115,1.49,14.99,1,90.060040,79,Very Positive,94,612,446840,1486425600,1790886753,9.5,https://shared.fastly.steamstatic.com/store_item_assets/steam/apps/446840/capsule_231x87.jpg?t=1656581950,2017-02-07 00:00:00+00:00,2017,02/07/17
SERIOUSSAMFUSION2017BETA,Serious Sam Fusion 2017 (beta),,fUEXQPmT57mr6EtrC2ekCmWMbskZUb9wV8y5rTLh6z0%3D,1,167544,1.49,14.99,1,90.060040,0,Very Positive,91,1763,564310,0,1790882273,5.0,https://shared.fastly.steamstatic.com/store_item_assets/steam/apps/564310/capsule_231x87.jpg?t=1728688792,1970-01-01 00:00:00+00:00,1970,01/01/70
BEATCOP,Beat Cop,/game/beat-cop/,bYUwsS%2F2cTDFhkxT4q3jyD7EQUfPLyGWsB5zR9P4VUo%3D,1,165440,1.49,14.99,1,90.060040,71,Mostly Positive,70,1232,461950,1490832000,1790885984,9.1,https://shared.fastly.steamstatic.com/store_item_assets/steam/apps/461950/capsule_231x87.jpg?t=1701878616,2017-03-30 00:00:00+00:00,2017,03/30/17
PINSTRIPE,Pinstripe,/game/pinstripe/,urteY0T4Tf6F11hvmlZ0vT9ZDN3fNfcO3%2FBonhRxFKo%3D,1,167900,1.49,14.99,1,90.060040,71,Very Positive,89,1991,331480,1492992000,1790886334,9.1,https://shared.fastly.steamstatic.com/store_item_assets/steam/apps/331480/capsule_231x87.jpg?t=1783556570,2017-04-24 00:00:00+00:00,2017,04/24/17
ARMYGENERAL,Army General,/game/army-general/,VEVFSFgyrOvVgskp59kOi5ZbNDUoLRIcXNNVLdH9seU%3D,1,168427,1.49,14.99,1,90.060040,0,Mixed,54,42,606950,1493164800,1790875160,1.0,https://shared.fastly.steamstatic.com/store_item_assets/steam/apps/606950/capsule_231x87.jpg?t=1781884836,2017-04-26 00:00:00+00:00,2017,04/26/17
DANGERZONE,Danger Zone,/game/danger-zone/,Ih7HHypwwx6bXGMHJ%2B84ris3QRw9winN06A8uX3VqKE%3D,1,169722,1.49,14.99,1,90.060040,64,Mixed,66,163,604740,1496016000,1790875017,8.9,https://shared.fastly.steamstatic.com/store_item_assets/steam/apps/604740/capsule_231x87.jpg?t=1765213760,2017-05-29 00:00:00+00:00,2017,05/29/17
MOTOGP17,MotoGP17,/game/motogp-17/,GRM4rPt8XvW64sH%2BU1XIiBgEATpp5Dwu8MZqljRpxNg%3D,1,170141,1.49,14.99,1,90.060040,0,Very Positive,83,514,561610,1497484800,1790886403,5.0,https://shared.fastly.steamstatic.com/store_item_assets/steam/apps/561610/capsule_231x87.jpg?t=1728477788,2017-06-15 00:00:00+00:00,2017,06/15/17
VOSTOKINC,Vostok Inc.,/game/vostok-inc/,%2FfF%2FlxI7F2VT0riWKSbdLMuB1qZpKgonb5bHxdaS8Js%3D,1,171324,1.49,14.99,1,90.060040,0,Mixed,60,96,656460,1501027200,1790875451,1.0,https://shared.fastly.steamstatic.com/store_item_assets/steam/apps/656460/capsule_231x87.jpg?t=1781017645,2017-07-26 00:00:00+00:00,2017,07/26/17
SUPERBLOODHOCKEY,Super Blood Hockey,/game/super-blood-hockey/,iJ9NFGol5PAAGKWBG0tSAbljVD%2FdEgxjqGh22OFo4P0%3D,1,172125,1.49,14.99,1,90.060040,0,Very Positive,91,902,532190,1502928000,1790882922,5.0,https://shared.fastly.steamstatic.com/store_item_assets/steam/apps/532190/capsule_231x87.jpg?t=1782404571,2017-08-17 00:00:00+00:00,2017,08/17/17
THECOMARECUT,The Coma: Recut,/game/the-coma-recut/,dBsmhJmha4ai9uImXDDwBeGSUT5pgRdFlh6RzJhsQGw%3D,1,173470,1.49,14.99,1,90.060040,0,Mostly Positive,78,396,600090,1506038400,1790886071,5.0,https://shared.fastly.steamstatic.com/store_item_assets/steam/apps/600090/capsule_231x87.jpg?t=1764867867,2017-09-22 00:00:00+00:00,2017,09/22/17
NINJASHODOWN,Ninja Shodown,/game/ninja-shodown/,Ki%2FyrBMwVpIFbcPYAouPrB3LOiG0qe5Ff875vRmIOdw%3D,1,173568,1.49,14.99,1,90.060040,0,Positive,92,13,598840,1506384000,1790874819,1.0,https://shared.fastly.steamstatic.com/store_item_assets/steam/apps/598840/capsule_231x87.jpg?t=1587728603,2017-09-26 00:00:00+00:00,2017,09/26/17
YONOANDTHECELESTIALELEPHANTS,Yono and the Celestial Elephants,/game/yono-and-the-celestial-elephants/,jwpzgVpQi18TXDG%2BHKQNbCvrPO5vA1gfLZJ%2FlTymtts%3D,1,174019,1.49,14.99,1,90.060040,0,Very Positive,82,201,602430,1507766400,1790886921,5.0,https://shared.fastly.steamstatic.com/store_item_assets/steam/apps/602430/capsule_231x87.jpg?t=1781884835,2017-10-12 00:00:00+00:00,2017,10/12/17
URLAUBSFLUGSIMULATORHOLIDAYFLIGHTSIMULATOR,Urlaubsflug Simulator  Holiday Flight Simulator,,7VwM4LzBeACq0BBKjTzCiePHCuLuY6DcqDOS9WDUe4s%3D,1,174203,1.49,14.99,1,90.060040,0,Mixed,58,117,500170,0,1789773964,3.1,https://shared.fastly.steamstatic.com/store_item_assets/steam/apps/500170/capsule_231x87.jpg?t=1668000394,1970-01-01 00:00:00+00:00,1970,01/01/70
TRIVIAVAULTVIDEOGAMETRIVIADELUXE,Trivia Vault: Video Game Trivia Deluxe,/game/trivia-vault-video-game-trivia-deluxe/,pnWWBRkgIj7RwO0ASK2RvAAMKwNNeEZSPTCGSo73BYw%3D,1,174466,1.49,14.99,1,90.060040,0,Mixed,62,78,730220,1508803200,1790875796,1.0,https://shared.fastly.steamstatic.com/store_item_assets/steam/apps/730220/capsule_231x87.jpg?t=1639612748,2017-10-24 00:00:00+00:00,2017,10/24/17
AERMEMORIESOFOLD,AER  Memories of Old,/game/aer-memories-of-old/,y0%2FW4f0JYkCIhnGUTnVBV8l6XyXfQC6p3EMzEfXAJ0o%3D,1,173675,1.49,14.99,1,90.060040,69,Very Positive,87,2208,331870,1508889600,1790886314,9.0,https://shared.fastly.steamstatic.com/store_item_assets/steam/apps/331870/capsule_231x87.jpg?t=1789381357,2017-10-25 00:00:00+00:00,2017,10/25/17
OUTCASTSECONDCONTACT,Outcast - Second Contact,/game/outcast-second-contact/,XL9FgpoYgMZSx%2Bk5vOVehot5UQ6%2FifS2E2kxfLsjxCI%3D,1,175223,1.49,14.99,1,90.060040,68,Very Positive,82,741,618970,1510617600,1790882700,9.0,https://shared.fastly.steamstatic.com/store_item_assets/steam/apps/618970/capsule_231x87.jpg?t=1725290976,2017-11-14 00:00:00+00:00,2017,11/14/17
TRIVIAVAULTTECHNOLOGYTRIVIADELUXE,Trivia Vault: Technology Trivia Deluxe,/game/trivia-vault-technology-trivia-deluxe/,9ZGLyYIn4DLNfeo16tawOjjUS8cmublG60xh7xzh8u4%3D,1,176612,1.49,14.99,1,90.060040,0,Mixed,69,71,767030,1513814400,1790875796,1.0,https://shared.fastly.steamstatic.com/store_item_assets/steam/apps/767030/capsule_231x87.jpg?t=1639612738,2017-12-21 00:00:00+00:00,2017,12/21/17
FAERIESOLITAIREREMASTERED,Faerie Solitaire Remastered,/game/faerie-solitaire-remastered/,4%2FBt8nlxBpWJmjcj2P3dwq9piZHFLecy44pxlK3HEac%3D,1,176642,1.49,14.99,1,90.060040,0,Very Positive,84,394,583930,1513900800,1790885998,5.0,https://shared.fastly.steamstatic.com/store_item_assets/steam/apps/583930/capsule_231x87.jpg?t=1762035742,2017-12-22 00:00:00+00:00,2017,12/22/17
ORBITALRACER,Orbital Racer,/game/orbital-racer/,FPevmNP4R7HWmbkxcyRby%2BbWBvUZ0Kz1wDpGxFl7ihM%3D,1,177329,1.49,14.99,1,90.060040,0,Mixed,62,29,723100,1513209600,1790875209,1.0,https://shared.fastly.steamstatic.com/store_item_assets/steam/apps/723100/capsule_231x87.jpg?t=1764149456,2017-12-14 00:00:00+00:00,2017,12/14/17
STRIKERSEDGE,Strikers Edge,/game/strikers-edge/,hOy%2FsVBbjtRLNdI%2Fy874QfMtWVOaeK%2BIT%2BL6GFipxLk%3D,1,177466,1.49,14.99,1,90.060040,63,Mostly Positive,70,84,520670,1517270400,1790874652,4.8,https://shared.fastly.steamstatic.com/store_item_assets/steam/apps/520670/capsule_231x87.jpg?t=1722849118,2018-01-30 00:00:00+00:00,2018,01/30/18
THEFORBIDDENARTS,The Forbidden Arts,/game/the-forbidden-arts/,GA2UsXOmWtSTmoH8TyZ9gl%2FZACzN1r6K94%2BQeXmdYWo%3D,1,177915,1.49,14.99,1,90.060040,0,Mixed,64,17,735060,1565136000,1790876004,1.0,https://shared.fastly.steamstatic.com/store_item_assets/steam/apps/735060/capsule_231x87.jpg?t=1585872700,2019-08-07 00:00:00+00:00,2019,08/07/19
TRIVIAVAULTMIXEDTRIVIA2,Trivia Vault: Mixed Trivia 2,/game/trivia-vault-mixed-trivia-2/,AIOsFIgZmBoXdgQAmx6AASd%2B7440Y%2FBmrnFTfucobZA%3D,1,178092,1.49,14.99,1,90.060040,0,Mixed,68,67,796900,1518480000,1790875837,1.0,https://shared.fastly.steamstatic.com/store_item_assets/steam/apps/796900/capsule_231x87.jpg?t=1639612385,2018-02-13 00:00:00+00:00,2018,02/13/18
WAYOFTHEPASSIVEFIST,Way of the Passive Fist,/game/way-of-the-passive-fist/,B9EeeMcMf2%2BWCHSVTip5tGmCUQkad8L8ghOn1noBjr0%3D,1,174898,1.49,14.99,1,90.060040,0,Very Positive,83,182,625680,1520294400,1790886889,5.0,https://shared.fastly.steamstatic.com/store_item_assets/steam/apps/625680/capsule_231x87.jpg?t=1668230463,2018-03-06 00:00:00+00:00,2018,03/06/18
THELONGREACH,The Long Reach,/game/the-long-reach/,xddgFNYrgQDhrbuMP0XQuXvbGMzapdnk03fL%2FIr%2F8SQ%3D,1,180581,1.49,14.99,1,90.060040,0,Very Positive,85,379,584990,1520985600,1790886482,5.0,https://shared.fastly.steamstatic.com/store_item_assets/steam/apps/584990/capsule_231x87.jpg?t=1741692262,2018-03-14 00:00:00+00:00,2018,03/14/18
TRAINVALLEY2,Train Valley 2,/game/train-valley-2/,8GiaUbB029zfclQeo%2BFdhawi6dCgR5Y6EEHUgA8HEpI%3D,1,184651,1.49,14.99,1,90.060040,0,Very Positive,90,1175,602320,1555286400,1790882275,5.0,https://shared.fastly.steamstatic.com/store_item_assets/steam/apps/602320/capsule_231x87.jpg?t=1787752851,2019-04-15 00:00:00+00:00,2019,04/15/19
THEADVENTUREPALS,The Adventure Pals,/game/the-adventure-pals/,MeF%2BW%2BXLrynxQDxVkQJj0%2FusUVSRkZv0tf5oYGCuy6w%3D,1,185506,1.49,14.99,1,90.060040,78,Very Positive,92,992,396710,1522713600,1790883158,9.5,https://shared.fastly.steamstatic.com/store_item_assets/steam/apps/396710/capsule_231x87.jpg?t=1726581654,2018-04-03 00:00:00+00:00,2018,04/03/18
CALLOFJUAREZGUNSLINGER,Call of Juarez: Gunslinger,/game/call-of-juarez-gunslinger/,OK4NFCD%2FLGh6MUuCKofG2cBFKomTav45pI%2F7b%2BmKwcQ%3D,1,97082,1.49,14.99,1,90.060040,79,Very Positive,94,10182,204450,1369180800,1790882205,9.5,https://shared.fastly.steamstatic.com/store_item_assets/steam/apps/204450/capsule_231x87.jpg?t=1728907994,2013-05-22 00:00:00+00:00,2013,05/22/13
OM6N,OM6N,/game/om6n/,weCN%2FVL0dU8PBvwP2qgx5xbFouV3RieEIM0MA71sVRE%3D,1,187370,1.49,14.99,1,90.060040,0,Mixed,66,18,681000,1707177600,1790875744,1.0,https://shared.fastly.steamstatic.com/store_item_assets/steam/apps/681000/capsule_231x87.jpg?t=1707242420,2024-02-06 00:00:00+00:00,2024,02/06/24
AGONY,Agony,/game/agony/,znrpVPUSkxRSaWs%2BdBa7rEfXz%2Fg8GNI2EB2M5caK8b0%3D,1,187693,1.49,14.99,1,90.060040,47,Mixed,44,932,487720,1527552000,1790886464,8.5,https://shared.fastly.steamstatic.com/store_item_assets/steam/apps/487720/capsule_231x87.jpg?t=1778660346,2018-05-29 00:00:00+00:00,2018,05/29/18
GNOMESGARDENLOSTKING,Gnomes Garden Lost King,/game/gnomes-garden-lost-king-2018/,oIiRYQAHtnzdVfzNJR%2BAnvto7a5sWzEec9XCgrhYtIk%3D,1,188208,1.49,14.99,1,90.060040,0,Mixed,51,88,823640,1528675200,1790875921,1.0,https://shared.fastly.steamstatic.com/store_item_assets/steam/apps/823640/capsule_231x87.jpg?t=1686577335,2018-06-11 00:00:00+00:00,2018,06/11/18
KATYANDBOBSAFARICAFE,Katy and Bob: Safari Cafe,/game/katy-and-bob-safari-cafe/,s02AqK3Qrw3UvRE4oOiCTLmtrhEwyYAivVpHEnBZBGU%3D,1,188471,1.49,14.99,1,90.060040,0,Very Positive,88,193,567160,1506470400,1790615592,4.6,https://shared.fastly.steamstatic.com/store_item_assets/steam/apps/567160/capsule_231x87.jpg?t=1686632143,2017-09-27 00:00:00+00:00,2017,09/27/17
MOSAICSGALORE,Mosaics Galore,/game/mosaics-galore/,%2FDWS0SLa3a7jwPLSNq080qGz427cV%2BCTLMfuADBRVfc%3D,1,152352,1.49,14.99,1,90.060040,0,Mostly Positive,75,111,567150,1385424000,1790875009,5.0,https://shared.fastly.steamstatic.com/store_item_assets/steam/apps/567150/capsule_231x87.jpg?t=1686716586,2013-11-26 00:00:00+00:00,2013,11/26/13
BATTLERUSH2,BattleRush 2,,TQ8UhwH7ZQOSeSDAuq7BxyqaLZE4GK02cOiHbPn1ID0%3D,1,191460,1.49,14.99,1,90.060040,0,Mixed,65,530,871990,0,1790875390,5.0,https://shared.fastly.steamstatic.com/store_item_assets/steam/apps/871990/capsule_231x87.jpg?t=1685171827,1970-01-01 00:00:00+00:00,1970,01/01/70
SAKURADAYMAHJONG,Sakura Day Mahjong,/game/sakura-day-mahjong/,XL%2BsUgBy%2FxTuEvogUy75cmf3VKbfIsTjtV8ADOY6nGE%3D,1,148347,1.49,14.99,1,90.060040,0,Mostly Positive,72,25,923350,1442966400,1790875345,1.0,https://shared.fastly.steamstatic.com/store_item_assets/steam/apps/923350/capsule_231x87.jpg?t=1686889780,2015-09-23 00:00:00+00:00,2015,09/23/15
PICROSSFAIRYTALELEGENDOFTHEMERMAID,Picross Fairytale: Legend of the Mermaid,/game/picross-fairytale-legend-of-the-mermaid/,sQWZ%2B0WIQn0QPSrXitwUPbVdaH1ZgF6xiOFGD%2FSQJA4%3D,1,192794,1.49,14.99,1,90.060040,0,Mixed,52,48,820040,1533081600,1790875828,1.0,https://shared.fastly.steamstatic.com/store_item_assets/steam/apps/820040/capsule_231x87.jpg?t=1687426083,2018-08-01 00:00:00+00:00,2018,08/01/18
SPACEBOURNE,SpaceBourne,/game/spacebourne/,jMjuxBJpqeMhdR7pgBY%2BJYrToK1MrAXFMuoNocJBqzY%3D,1,193095,1.49,14.99,1,90.060040,0,Mostly Positive,75,777,732240,1595030400,1790886265,5.0,https://shared.fastly.steamstatic.com/store_item_assets/steam/apps/732240/capsule_231x87.jpg?t=1595077678,2020-07-18 00:00:00+00:00,2020,07/18/20
KONTRAKT,Kontrakt,/game/kontrakt/,U1yC%2F9hlsvcDlo7js%2Fp%2B%2FK2fTx0YD71ET25jrhyUkFY%3D,1,193736,1.49,14.99,1,90.060040,0,Mixed,58,24,924370,1540166400,1790875712,1.0,https://shared.fastly.steamstatic.com/store_item_assets/steam/apps/924370/capsule_231x87.jpg?t=1784281192,2018-10-22 00:00:00+00:00,2018,10/22/18
WHENSKILIFTSGOWRONG,When Ski Lifts Go Wrong,/game/when-ski-lifts-go-wrong/,9Z3aPjsmWC7Kj5l3XRQ7Mftxn0mJsXnfiTyrmx%2Bpc2Q%3D,1,194665,1.49,14.99,1,90.060040,80,Very Positive,87,523,638000,1548201600,1790886730,9.6,https://shared.fastly.steamstatic.com/store_item_assets/steam/apps/638000/capsule_231x87.jpg?t=1743421609,2019-01-23 00:00:00+00:00,2019,01/23/19
ROYALROADS,Royal Roads,/game/royal-roads/,nyDBqV2ZSzd6bRGAZLcVrnEDniOuUky71f1uaH%2Fjm94%3D,1,195366,1.49,14.99,1,90.060040,0,Mostly Positive,74,35,940780,1542931200,1790875321,1.0,https://shared.fastly.steamstatic.com/store_item_assets/steam/apps/940780/capsule_231x87.jpg?t=1686719204,2018-11-23 00:00:00+00:00,2018,11/23/18
BATTLERUSHARDENNESASSAULT,BattleRush: Ardennes Assault,,LsF9R08EYLCHEH1aJTZY0ChSzAZifYSmjUw8iwfQMBI%3D,1,196527,1.49,14.99,1,90.060040,0,Mixed,52,57,969970,0,1790875469,1.0,https://shared.fastly.steamstatic.com/store_item_assets/steam/apps/969970/capsule_231x87.jpg?t=1685171826,1970-01-01 00:00:00+00:00,1970,01/01/70
LOSTARTIFACTSSOULSTONE,Lost Artifacts: Soulstone,/game/lost-artifacts-soulstone/,cgv5FscpR7Z52Oh6YOSd%2BpmNExkDUGQoP0VAatfZC4A%3D,1,196764,1.49,14.99,1,90.060040,0,Mostly Negative,26,30,874020,1525132800,1790878324,1.0,https://shared.fastly.steamstatic.com/store_item_assets/steam/apps/874020/capsule_231x87.jpg?t=1686806965,2018-05-01 00:00:00+00:00,2018,05/01/18
DETECTIVEGALLO,Detective Gallo,/game/detective-gallo/,nqzlwVUJFv6GUdYtDpyzmdTO0X58bNlrGb6QvosG7Ew%3D,1,187748,1.49,14.99,1,90.060040,76,Very Positive,82,140,556060,1527638400,1790886932,9.3,https://shared.fastly.steamstatic.com/store_item_assets/steam/apps/556060/capsule_231x87.jpg?t=1652630924,2018-05-30 00:00:00+00:00,2018,05/30/18
EARTHATLANTIS,Earth Atlantis,/game/earth-atlantis/,H2OPSTnZFSPHw8PY8OZrQ8sj1Z4yPXXQyH%2FKZcLr8mE%3D,1,197525,1.49,14.99,1,90.060040,0,Mixed,58,48,997030,1548720000,1790875178,1.0,https://shared.fastly.steamstatic.com/store_item_assets/steam/apps/997030/capsule_231x87.jpg?t=1717848770,2019-01-29 00:00:00+00:00,2019,01/29/19
THETEXTORCISTTHESTORYOFRAYBIBBIA,The Textorcist: The Story of Ray Bibbia,/game/the-textorcist-the-story-of-ray-bibbia/,yHwHEUOSnAYu2oHH4egqsPEsay39S2LKabnrOT2v2JM%3D,1,198143,1.49,14.99,1,90.060040,78,Very Positive,85,1166,940680,1550102400,1790883171,9.5,https://shared.fastly.steamstatic.com/store_item_assets/steam/apps/940680/capsule_231x87.jpg?t=1754643092,2019-02-14 00:00:00+00:00,2019,02/14/19
MYSTERIESOFTHEUNDEAD,Mysteries of the undead,/game/pc/mysteries-of-the-undead,wtMfROl1qyDYaZttLdD6qLFinuWSKLrpYOmDsA%2Foniw%3D,1,108725,1.49,14.99,1,90.060040,0,Mixed,62,117,1036980,1367366400,1790876052,5.0,https://shared.fastly.steamstatic.com/store_item_assets/steam/apps/1036980/capsule_231x87.jpg?t=1686887558,2013-05-01 00:00:00+00:00,2013,05/01/13
FALLOFLIGHTDARKESTEDITION,Fall of Light: Darkest Edition,,ofWbxfXi%2FXXeC02mDQFAWtY0veyh%2Fw0c875PLU5ftNc%3D,1,200261,1.49,14.99,1,90.060040,0,Mixed,56,202,633950,0,1790875962,5.0,https://shared.fastly.steamstatic.com/store_item_assets/steam/apps/633950/capsule_231x87.jpg?t=1760102932,1970-01-01 00:00:00+00:00,1970,01/01/70
IRONHEART,Iron Heart,/game/iron-heart/,642NQDeS%2FiGxOKjuudLqCuuLFDJUr6gHbX%2BLUsQI9RI%3D,1,197682,1.49,14.99,1,90.060040,0,Mixed,60,33,1034370,1430956800,1790878074,1.0,https://shared.fastly.steamstatic.com/store_item_assets/steam/apps/1034370/capsule_231x87.jpg?t=1686282624,2015-05-07 00:00:00+00:00,2015,05/07/15
LOSTARTIFACTSFROZENQUEEN,Lost Artifacts: Frozen Queen,/game/lost-artifacts-frozen-queen/,GCa5wx%2BASL5zuaSaAQiMmkWhn5wIhQtRHS9IJhgARbg%3D,1,205335,1.49,14.99,1,90.060040,0,Mostly Negative,31,38,1113750,1568851200,1790622678,0.6,https://shared.fastly.steamstatic.com/store_item_assets/steam/apps/1113750/capsule_231x87.jpg?t=1687416341,2019-09-19 00:00:00+00:00,2019,09/19/19
WANDERLUSTTRAVELSTORIES,Wanderlust Travel Stories,/game/wanderlust-travel-stories/,7czBRcodX4PQSkLQKhLIzUn1WnL%2BQRAeUM6DRu3kiog%3D,1,203269,1.49,14.99,1,90.060040,79,Very Positive,82,120,1051410,1569456000,1790883166,9.5,https://shared.fastly.steamstatic.com/store_item_assets/steam/apps/1051410/capsule_231x87.jpg?t=1724948951,2019-09-26 00:00:00+00:00,2019,09/26/19
LAKEVIEWVALLEY,Lakeview Valley,/game/lakeview-valley/,GUj2FQ8EDAnwV97SBf%2B457Ghv9MELp%2Fn0%2BP%2BtlVArDI%3D,1,206474,1.49,14.99,1,90.060040,0,Very Positive,81,711,783840,1571702400,1790882910,5.0,https://shared.fastly.steamstatic.com/store_item_assets/steam/apps/783840/capsule_231x87.jpg?t=1593170914,2019-10-22 00:00:00+00:00,2019,10/22/19
RISEOFTHESLIME,Rise of the Slime,/game/rise-of-the-slime/,WfRIRV866cawFllJiwod6Oq%2BiHsGkGgcD3u3PCv7Vo8%3D,1,206549,1.49,14.99,1,90.060040,0,Mixed,60,110,826740,1621468800,1790875610,5.0,https://shared.fastly.steamstatic.com/store_item_assets/steam/apps/826740/capsule_231x87.jpg?t=1666020149,2021-05-20 00:00:00+00:00,2021,05/20/21
AYEAROFRAIN,A Year of Rain,/game/a-year-of-rain/,raltnBFWvr42F3vkUMAzt208i5fLCO6%2FnTFJGVKfugA%3D,1,206968,1.49,14.99,1,90.060040,0,Mixed,42,504,319540,1572998400,1790875449,5.0,https://shared.fastly.steamstatic.com/store_item_assets/steam/apps/319540/capsule_231x87.jpg?t=1789476688,2019-11-06 00:00:00+00:00,2019,11/06/19
GARFIELDKARTFURIOUSRACING,Garfield Kart - Furious Racing,/game/garfield-kart-furious-racing/,dUQMEADkezS5DBjvGUZB1N%2Bo%2F0zPcFgX4f%2B9%2FALICE0%3D,1,206977,1.49,14.99,1,90.060040,0,Very Positive,89,7455,1085510,1573084800,1790882313,5.0,https://shared.fastly.steamstatic.com/store_item_assets/steam/apps/1085510/capsule_231x87.jpg?t=1790236771,2019-11-07 00:00:00+00:00,2019,11/07/19
MELBITSWORLD,Melbits World,/game/melbits-world/,BAnILOzQVpKaIMXOrUhyj8tNs9Gbikx7DqOXPs2%2FuuI%3D,1,209236,1.49,14.99,1,90.060040,0,,0,0,1202820,1576454400,1790878556,1.0,https://shared.fastly.steamstatic.com/store_item_assets/steam/apps/1202820/capsule_231x87.jpg?t=1781885259,2019-12-16 00:00:00+00:00,2019,12/16/19
ASIANRIDDLES,Asian Riddles,/game/asian-riddles/,HsiNksNS59wEi89sZ7%2BYBAJFGUsw1kAwy6l9vsBivQQ%3D,1,139280,1.49,14.99,1,90.060040,0,Mixed,65,40,1166240,1372723200,1790878079,1.0,https://shared.fastly.steamstatic.com/store_item_assets/steam/apps/1166240/capsule_231x87.jpg?t=1687424783,2013-07-02 00:00:00+00:00,2013,07/02/13
THEWALKINGDEAD,The Walking Dead,,xGwJwXZs8HaebJ4Tm7zXuSRWntG%2ByCab5G29%2BtY%2FKZE%3D,1,210096,1.49,14.99,1,90.060040,0,Overwhelmingly Positive,97,25023,207610,0,1790881825,5.0,https://shared.fastly.steamstatic.com/store_item_assets/steam/apps/207610/capsule_231x87.jpg?t=1729702559,1970-01-01 00:00:00+00:00,1970,01/01/70
CELESTIANTALESREALMSBEYOND,Celestian Tales: Realms Beyond,/game/celestian-tales-realms-beyond/,crDGEFamy12gcMVbPqEl%2FhGWjmPpoO%2Bbx2onFgtxfEM%3D,1,215216,1.49,14.99,1,90.060040,0,Mixed,64,28,684700,1588809600,1790875247,1.0,https://shared.fastly.steamstatic.com/store_item_assets/steam/apps/684700/capsule_231x87.jpg?t=1590177872,2020-05-07 00:00:00+00:00,2020,05/07/20
GEDONIA,Gedonia,/game/gedonia/,gUgL47AnT7cEW4bioXvVimjnfj0%2FQ%2FsrBd2o%2Fet%2FzYY%3D,1,216568,1.49,14.99,1,90.060040,0,Very Positive,87,2208,1114220,1665705600,1790882691,5.0,https://shared.fastly.steamstatic.com/store_item_assets/steam/apps/1114220/capsule_231x87.jpg?t=1726572037,2022-10-14 00:00:00+00:00,2022,10/14/22
BURNINGKNIGHT,Burning Knight,/game/burning-knight/,p8kSBwuM0FGm4t2VAHRFzDDHZYmCcfGq7bFMEMsXjHs%3D,1,216705,1.49,14.99,1,90.060040,0,Mixed,64,102,851150,1591315200,1790875708,5.0,https://shared.fastly.steamstatic.com/store_item_assets/steam/apps/851150/capsule_231x87.jpg?t=1612269175,2020-06-05 00:00:00+00:00,2020,06/05/20
MINIMOTORRACINGX,Mini Motor Racing X,/game/mini-motor-racing-x/,XNYsaiVUMqxlxPwcZEZel%2FTKoDNl53uxhMby%2FJGLK7g%3D,1,217428,1.49,14.99,1,90.060040,0,Very Positive,87,261,1303990,1589414400,1790883060,5.0,https://shared.fastly.steamstatic.com/store_item_assets/steam/apps/1303990/capsule_231x87.jpg?t=1592954720,2020-05-14 00:00:00+00:00,2020,05/14/20
CARDACLYSM,Cardaclysm,,KGGmE%2FzGPJB7cSYmhA7WmtCzr63SVqavZaAH4lIcFyE%3D,1,218756,1.49,14.99,1,90.060040,0,Mixed,63,426,1252710,0,1790875259,5.0,https://shared.fastly.steamstatic.com/store_item_assets/steam/apps/1252710/capsule_231x87.jpg?t=1717900547,1970-01-01 00:00:00+00:00,1970,01/01/70
ANINTERESTINGJOURNEYOFMONSIEURPAF,An Interesting Journey of Monsieur PAF,/game/an-interesting-journey-of-monsieur-paf/,7ciGQ5AbRpBCd7DEETpG2OyzziL1gGMRmzCHUojv45E%3D,1,218749,1.49,14.99,1,90.060040,0,Mostly Positive,70,31,1276530,1595980800,1790874915,1.0,https://shared.fastly.steamstatic.com/store_item_assets/steam/apps/1276530/capsule_231x87.jpg?t=1781885266,2020-07-29 00:00:00+00:00,2020,07/29/20
CROWNOFTHEEMPIRE,Crown of the Empire,/game/crown-of-the-empire/,I5BiJEukACpnnZ4dr3f3tmvjYz3g35BQfeQ7GscNeUY%3D,1,220227,1.49,14.99,1,90.060040,0,Positive,91,23,1113090,1580169600,1790616690,0.6,https://shared.fastly.steamstatic.com/store_item_assets/steam/apps/1113090/capsule_231x87.jpg?t=1687350383,2020-01-28 00:00:00+00:00,2020,01/28/20
OUTOFREACHTREASUREROYALE,Out of Reach: Treasure Royale,/game/out-of-reach-treasure-royale/,Edj33zZB4mEerAxGkGmehvYjKt4%2BkDJFRNnagjF5l9Q%3D,1,221441,1.49,14.99,1,90.060040,0,Mixed,58,337,867400,1602633600,1790539558,4.4,https://shared.fastly.steamstatic.com/store_item_assets/steam/apps/867400/capsule_231x87.jpg?t=1779211496,2020-10-14 00:00:00+00:00,2020,10/14/20
FANTASYFRIENDS,Fantasy Friends,/game/fantasy-friends/,XTZ2Mgw1Qwqm9ds9hCI5DzKnptl4DzJVP9GzkaBt%2BqA%3D,1,222522,1.49,14.99,1,90.060040,0,,0,0,1376950,1604620800,1790878558,1.0,https://shared.fastly.steamstatic.com/store_item_assets/steam/apps/1376950/capsule_231x87.jpg?t=1707744609,2020-11-06 00:00:00+00:00,2020,11/06/20
FILMMAKERTYCOON,Filmmaker Tycoon,/game/filmmaker-tycoon/,wIBG7WopsqlvcEly%2FYDSokvL4jy8X7LQ5CvLfPRft8s%3D,1,223042,1.49,14.99,1,90.060040,0,Mostly Negative,21,83,778010,1605225600,1790878253,1.0,https://shared.fastly.steamstatic.com/store_item_assets/steam/apps/778010/capsule_231x87.jpg?t=1723905789,2020-11-13 00:00:00+00:00,2020,11/13/20
PONPU,Ponpu,/game/ponpu/,YowrO55FmrOcstwYTpbGGpNJrnWC0rtT1SKO7QR8Q9Y%3D,1,223578,1.49,14.99,1,90.060040,0,Mixed,66,39,1261530,1606867200,1790875623,1.0,https://shared.fastly.steamstatic.com/store_item_assets/steam/apps/1261530/capsule_231x87.jpg?t=1738068633,2020-12-02 00:00:00+00:00,2020,12/02/20
ANIMALRESCUER,Animal Rescuer,/game/animal-rescuer/,z3fNzUtWx%2FI6i8vFjDExO7oDk%2F6qfXZBlZwJbwZK03s%3D,1,224443,1.49,14.99,1,90.060040,0,Mixed,67,97,1428780,1608595200,1790875335,1.0,https://shared.fastly.steamstatic.com/store_item_assets/steam/apps/1428780/capsule_231x87.jpg?t=1740756499,2020-12-22 00:00:00+00:00,2020,12/22/20
GODSWILLFALL,Gods Will Fall,/game/gods-will-fall/,e3rUlsu2jCXKHhhIDIFcX1YsEeduK%2B6wJWeCh0FjS78%3D,1,223382,1.49,14.99,1,90.060040,70,Mixed,56,65,1243690,1611878400,1789667803,3.1,https://shared.fastly.steamstatic.com/store_item_assets/steam/apps/1243690/capsule_231x87.jpg?t=1669390496,2021-01-29 00:00:00+00:00,2021,01/29/21
SWORDOFTHENECROMANCER,Sword of the Necromancer,/game/sword-of-the-necromancer/,ek3TXAk1r5bv%2BEfYOGgTLVK2Y5QgxxlHp0X6OKvb5D8%3D,1,219686,1.49,14.99,1,90.060040,69,Mixed,69,275,1243890,1611792000,1790875140,9.0,https://shared.fastly.steamstatic.com/store_item_assets/steam/apps/1243890/capsule_231x87.jpg?t=1737631868,2021-01-28 00:00:00+00:00,2021,01/28/21
TOTALLYRELIABLEDELIVERYSERVICE,Totally Reliable Delivery Service,/game/totally-reliable-delivery-service/,jvJwFFp0fztY2hCIM%2B7xpnOTEq8zlExojfwyMoJFQyY%3D,1,212676,1.49,14.99,1,90.060040,64,Mostly Positive,76,1696,1011670,1617235200,1790882399,8.9,https://shared.fastly.steamstatic.com/store_item_assets/steam/apps/1011670/capsule_231x87.jpg?t=1773072467,2021-04-01 00:00:00+00:00,2021,04/01/21
SUNBLAZE,Sunblaze,/game/sunblaze/,7ZM2K79CnwSBONNrfXiG9RYk5%2FwFBGTdArq5BBOaR7U%3D,1,227218,1.49,14.99,1,90.060040,78,Very Positive,90,324,1525660,1622678400,1790886381,9.5,https://shared.fastly.steamstatic.com/store_item_assets/steam/apps/1525660/capsule_231x87.jpg?t=1754388626,2021-06-03 00:00:00+00:00,2021,06/03/21
LOSTATSEA,Lost At Sea,/game/lost-at-sea/,6pvzKrSXNJv9O7sHh3UWnceNRV0oYiFatlXkBCOy794%3D,1,231869,1.49,14.99,1,90.060040,64,Mixed,46,43,1278750,1626307200,1790875406,4.9,https://shared.fastly.steamstatic.com/store_item_assets/steam/apps/1278750/capsule_231x87.jpg?t=1736332946,2021-07-15 00:00:00+00:00,2021,07/15/21
HAUNTCHASER,Haunt Chaser,/game/pc/haunt-chaser,T93%2Bz6C0OZINi2KqSKbDS2wT5PH%2BwN3cFYy3UwY03mE%3D,1,232170,1.49,14.99,1,90.060040,0,Mixed,67,570,1450180,1626393600,1790875144,5.0,https://shared.fastly.steamstatic.com/store_item_assets/steam/apps/1450180/capsule_231x87.jpg?t=1761136361,2021-07-16 00:00:00+00:00,2021,07/16/21
ESCAPEFROMNARAKA,Escape from Naraka,/game/escape-from-naraka/,bubykShSyuHF6TYavQ2SpHCIJcqaKdnlH2m%2FofzF1%2FI%3D,1,232762,1.49,14.99,1,90.060040,0,Mostly Positive,76,97,1390670,1627516800,1790874383,1.0,https://shared.fastly.steamstatic.com/store_item_assets/steam/apps/1390670/capsule_231x87.jpg?t=1717687543,2021-07-29 00:00:00+00:00,2021,07/29/21
GUILDOFASCENSION,Guild of Ascension,/game/guild-of-ascension/,IOCKYoIPNwhaygsEvIyT6zJEGfn8DAiawLlDH4O7koc%3D,1,229584,1.49,14.99,1,90.060040,0,Mostly Positive,78,47,1169520,1632182400,1790874466,1.0,https://shared.fastly.steamstatic.com/store_item_assets/steam/apps/1169520/capsule_231x87.jpg?t=1748596330,2021-09-21 00:00:00+00:00,2021,09/21/21
AEONDRIVE,Aeon Drive,/game/aeon-drive/,aAfMq61xORo6e%2Fh6WmSHig%2BpaPyvCPuaFGZhpWfPYL4%3D,1,235242,1.49,14.99,1,90.060040,77,Mostly Positive,76,136,1252240,1632960000,1790874625,9.4,https://shared.fastly.steamstatic.com/store_item_assets/steam/apps/1252240/capsule_231x87.jpg?t=1731176057,2021-09-30 00:00:00+00:00,2021,09/30/21
THELASTCAMPFIRE,The Last Campfire,/game/the-last-campfire/,zuntj1DasObDdfuFNldS4TeW0RAR%2BpeRN94RorhGLdg%3D,1,219648,1.49,14.99,1,90.060040,80,Overwhelmingly Positive,97,5858,990630,1598486400,1790882007,9.6,https://shared.fastly.steamstatic.com/store_item_assets/steam/apps/990630/capsule_231x87.jpg?t=1725272727,2020-08-27 00:00:00+00:00,2020,08/27/20
THELIGHTBRINGER,The Lightbringer,/game/the-lightbringer/,InetMYaNzrwLq9IL%2Fuq2SHHbh9ZqCJ1KAGFMdbJ5Sw0%3D,1,235518,1.49,14.99,1,90.060040,0,Mixed,62,56,1561660,1633564800,1790875133,1.0,https://shared.fastly.steamstatic.com/store_item_assets/steam/apps/1561660/capsule_231x87.jpg?t=1738069443,2021-10-07 00:00:00+00:00,2021,10/07/21
CLUNKYHERO,Clunky Hero,/game/clunky-hero/,we65FAznIcNyNzGYqO%2Fz21i%2FFXvoK%2BQK4wYQ9%2BEkh0g%3D,1,236928,1.49,14.99,1,90.060040,0,Mixed,67,111,1687990,1674604800,1790875187,5.0,https://shared.fastly.steamstatic.com/store_item_assets/steam/apps/1687990/capsule_231x87.jpg?t=1728324729,2023-01-25 00:00:00+00:00,2023,01/25/23
CASTLEMORIHISA,Castle Morihisa,/game/castle-morihisa/,hSEJwzzfLJNXhukVX%2F4MIiF3Ul5jNAkncU1xjK51Pfg%3D,1,240525,1.49,14.99,1,90.060040,0,Mixed,66,350,1608040,1644451200,1790875209,5.0,https://shared.fastly.steamstatic.com/store_item_assets/steam/apps/1608040/316a4160c90480cad5634b944f393211aad8dc6d/capsule_231x87.jpg?t=1726282210,2022-02-10 00:00:00+00:00,2022,02/10/22
ZOMBIEROLLERZPINBALLHEROES,Zombie Rollerz: Pinball Heroes,/game/zombie-rollerz-pinball-heroes/,nK7SHGOohVnVj5M3GS9A1HiV4rJDbqmnff6pMDIC4Xc%3D,1,241169,1.49,14.99,1,90.060040,0,Very Positive,82,308,915230,1646179200,1790886197,5.0,https://shared.fastly.steamstatic.com/store_item_assets/steam/apps/915230/capsule_231x87.jpg?t=1789477134,2022-03-02 00:00:00+00:00,2022,03/02/22
WUNDERLINGDX,Wunderling DX,/game/wunderling-dx/,fERv2e3tZ72HsqcMoK%2BxXPeCCdJoaMsFT943TNYIJbo%3D,1,241966,1.49,14.99,1,90.060040,0,Very Positive,94,119,732930,1646697600,1790886910,5.0,https://shared.fastly.steamstatic.com/store_item_assets/steam/apps/732930/capsule_231x87.jpg?t=1689261846,2022-03-08 00:00:00+00:00,2022,03/08/22
WILDCATGUNMACHINE,Wildcat Gun Machine,/game/wildcat-gun-machine/,6JfZFc3nZ7bgzBIjgD3cgd2xtSNqMn4Wds2SBvXl6WM%3D,1,244054,1.49,14.99,1,90.060040,0,Mixed,66,81,1288610,1651622400,1790875261,1.0,https://shared.fastly.steamstatic.com/store_item_assets/steam/apps/1288610/capsule_231x87.jpg?t=1789477401,2022-05-04 00:00:00+00:00,2022,05/04/22
ELDRITCH,Eldritch,/game/eldritch/,owrhCjqxY04fZHRyGizxI3n2oFRVPcowXL%2FWz7koHF0%3D,1,102382,1.49,14.99,1,90.060040,77,Very Positive,88,1696,252630,1382313600,1790886199,9.4,https://shared.fastly.steamstatic.com/store_item_assets/steam/apps/252630/capsule_231x87.jpg?t=1743184482,2013-10-21 00:00:00+00:00,2013,10/21/13
XEL,XEL,/game/xel/,mkjPVIzvsRw0ID104YG2M3x1zdySLbs317hROOerC8o%3D,1,248764,1.49,14.99,1,90.060040,46,Mixed,48,143,1674640,1657584000,1790875010,8.4,https://shared.fastly.steamstatic.com/store_item_assets/steam/apps/1674640/capsule_231x87.jpg?t=1728905194,2022-07-12 00:00:00+00:00,2022,07/12/22
TOMBSTAR,TombStar,/game/tombstar/,rlO5dngV5iV9JlDibrR%2F2zL6T03VexffhweZCr5keCw%3D,1,249044,1.49,14.99,1,90.060040,57,Mostly Positive,76,72,1165470,1658275200,1790367240,3.8,https://shared.fastly.steamstatic.com/store_item_assets/steam/apps/1165470/capsule_231x87.jpg?t=1755258830,2022-07-20 00:00:00+00:00,2022,07/20/22
SLAYCATIONPARADISE,Slaycation Paradise,/game/slaycation-paradise/,%2F5vZNr6S8BX3QSYus7AAxFlytAs%2BF5EI7cekjZWZoRY%3D,1,250073,1.49,14.99,1,90.060040,0,Very Positive,81,134,1643850,1660780800,1790886447,5.0,https://shared.fastly.steamstatic.com/store_item_assets/steam/apps/1643850/capsule_231x87.jpg?t=1738069337,2022-08-18 00:00:00+00:00,2022,08/18/22
ZOFIA,Zofia,/game/zofia/,f7WLayvqnNBo1sof38d0UU5VHUTmA60aMCnSL3YXEXk%3D,1,251403,1.49,14.99,1,90.060040,0,Positive,83,37,652770,1664236800,1790886918,1.0,https://shared.fastly.steamstatic.com/store_item_assets/steam/apps/652770/capsule_231x87.jpg?t=1720045672,2022-09-27 00:00:00+00:00,2022,09/27/22
FUNTASIA,Funtasia,/game/funtasia/,qHR69TgOawSD%2FMVdBs7DEo7%2FQ%2BQgEP1gj88mKTKJCes%3D,1,250546,1.49,14.99,1,90.060040,0,Mixed,57,69,1795010,1664409600,1790875484,1.0,https://shared.fastly.steamstatic.com/store_item_assets/steam/apps/1795010/capsule_231x87.jpg?t=1774485013,2022-09-29 00:00:00+00:00,2022,09/29/22
PROJECTWUNDERWAFFE,Project Wunderwaffe,/game/project-wunderwaffe/,Cw%2FH2Cw8oe2mSGkTtKVx4c8bA7YN%2FUJev2Ol6PIxg0c%3D,1,251883,1.49,14.99,1,90.060040,0,Mixed,56,438,1477700,1665360000,1790874599,5.0,https://shared.fastly.steamstatic.com/store_item_assets/steam/apps/1477700/capsule_231x87.jpg?t=1761828977,2022-10-10 00:00:00+00:00,2022,10/10/22
ONETRUEHERO,One True Hero,/game/one-true-hero/,ZfsTP9pzZgbx%2FUyK7n0aYyDt0XtB40fbW9isHbfRkHQ%3D,1,252340,1.49,14.99,1,90.060040,0,Mostly Positive,75,24,1596170,1666224000,1790874956,1.0,https://shared.fastly.steamstatic.com/store_item_assets/steam/apps/1596170/capsule_231x87.jpg?t=1706800488,2022-10-20 00:00:00+00:00,2022,10/20/22
THEWARDROBEEVENBETTEREDITION,The Wardrobe - Even Better Edition,,wiKKkWTerCmXEOMGGZMKUGfE%2FsyVlpRfOy08AfmWVDE%3D,1,255089,1.49,14.99,1,90.060040,0,Very Positive,80,573,497730,0,1790886059,5.0,https://shared.fastly.steamstatic.com/store_item_assets/steam/apps/497730/capsule_231x87.jpg?t=1779460023,1970-01-01 00:00:00+00:00,1970,01/01/70
POWERFULCOURSES,Powerful Courses,/game/powerful-courses/,jtUjzAaXe1NWRjwiBcOy3GQ4OY75XYLRD2%2F7HINbKk0%3D,1,258065,1.49,14.99,1,90.060040,0,Positive,100,49,2092330,1678060800,1790874408,1.0,https://shared.fastly.steamstatic.com/store_item_assets/steam/apps/2092330/capsule_231x87.jpg?t=1694104221,2023-03-06 00:00:00+00:00,2023,03/06/23
SAGAOFSINS,Saga of Sins,/game/saga-of-sins/,cwUoSOX2NM%2FdpPXC5IbNnx2muXF%2FSAf18Mx2T7JMNz0%3D,1,258980,1.49,14.99,1,90.060040,0,Mostly Positive,76,47,2094550,1680134400,1790874944,1.0,https://shared.fastly.steamstatic.com/store_item_assets/steam/apps/2094550/capsule_231x87.jpg?t=1707744718,2023-03-30 00:00:00+00:00,2023,03/30/23
WETHEREFUGEESTICKETTOEUROPE,We. The Refugees: Ticket to Europe,/game/we-the-refugees-ticket-to-europe/,NzkExhYBZPPmjSgEioUNEGEVZXCSY5q8q4ABO035QVk%3D,1,259642,1.49,14.99,1,90.060040,0,Very Positive,85,122,2094580,1682899200,1790887003,5.0,https://shared.fastly.steamstatic.com/store_item_assets/steam/apps/2094580/capsule_231x87.jpg?t=1774729475,2023-05-01 00:00:00+00:00,2023,05/01/23
VOODOLLS,Voodolls,/game/voodolls/,1MauSgsdbF4MpAeLELYxui%2BEFISor1i8aOUe7ss5Fdg%3D,1,260347,1.49,14.99,1,90.060040,0,Mixed,54,22,2144830,1683763200,1790875161,1.0,https://shared.fastly.steamstatic.com/store_item_assets/steam/apps/2144830/capsule_231x87.jpg?t=1737024006,2023-05-11 00:00:00+00:00,2023,05/11/23
ZOMBIESOUP,Zombie Soup,/game/zombie-soup/,AK1O%2Fp3jkpg3Z37hdZi8l2Exf9SymEs9lokAD3RCqNg%3D,1,263987,1.49,14.99,1,90.060040,0,Very Positive,89,67,1095290,1691798400,1790886662,1.0,https://shared.fastly.steamstatic.com/store_item_assets/steam/apps/1095290/capsule_231x87.jpg?t=1745229295,2023-08-12 00:00:00+00:00,2023,08/12/23
FREEDOMFIGHTERS,Freedom Fighters,/game/freedom-fighters/,BJODKdo23Gp%2BdAVErkHh9KLxu%2BaEIA3Hk%2FJC9RDburU%3D,1,220702,1.49,14.99,1,90.060040,80,Very Positive,94,1703,1347780,1064966400,1790882719,9.6,https://shared.fastly.steamstatic.com/store_item_assets/steam/apps/1347780/capsule_231x87.jpg?t=1600704099,2003-10-01 00:00:00+00:00,2003,10/01/03
ARTISRIFLE,ART IS RIFLE,/game/art-is-rifle/,01%2F%2F%2BgerHKmlxU8EqHUwESXLjeYGI9g0Z2hSzYap1tI%3D,1,270359,1.49,14.99,1,90.060040,0,Mostly Positive,76,67,2486730,1692144000,1789923782,0.0,https://shared.fastly.steamstatic.com/store_item_assets/steam/apps/2486730/5816aae939cbcdf714b0a594bbff251af76595fd/capsule_231x87.jpg?t=1789708634,2023-08-16 00:00:00+00:00,2023,08/16/23
SPIRITEDTHIEF,Spirited Thief,/game/spirited-thief/,v%2BH0tk0xM3jvDI5UJetnOqeu%2FBTQIN2tVEJzVdRLdOo%3D,1,273403,1.49,14.99,1,90.060040,0,Very Positive,90,81,1709870,1695081600,1790886739,1.0,https://shared.fastly.steamstatic.com/store_item_assets/steam/apps/1709870/capsule_231x87.jpg?t=1737635238,2023-09-19 00:00:00+00:00,2023,09/19/23
WORLDLEAGUEBASEBALL,World League Baseball,/game/world-league-baseball/,vI3NY%2FqOhy6slrPH3xmiBk85B4PwxcWKo4gR7fFTgko%3D,1,275593,1.49,14.99,1,90.060040,0,Mixed,69,115,2322520,1697155200,1790874976,5.0,https://shared.fastly.steamstatic.com/store_item_assets/steam/apps/2322520/capsule_231x87.jpg?t=1772676247,2023-10-13 00:00:00+00:00,2023,10/13/23
THREEMINUTESTOEIGHT,Three Minutes To Eight,/game/three-minutes-to-eight/,tJBgkVAn7nj4IlbuZYPLrKXKXyFHLAsUB22Xbgw6VM4%3D,1,276603,1.49,14.99,1,90.060040,0,Mixed,63,130,2303320,1698019200,1790874976,5.0,https://shared.fastly.steamstatic.com/store_item_assets/steam/apps/2303320/capsule_231x87.jpg?t=1772110004,2023-10-23 00:00:00+00:00,2023,10/23/23
PICROSSFAIRYTALENONOGRAMREDRIDINGHOODSECRET,Picross Fairytale - nonogram: Red Riding Hood secret,,%2FYowSNwp2J5jUCT8FeaTGkc%2BTDgp3nbJ4ohSkxY5Lqc%3D,1,280281,1.49,14.99,1,90.060040,0,Mostly Positive,73,235,820030,0,1790874952,5.0,https://shared.fastly.steamstatic.com/store_item_assets/steam/apps/820030/capsule_231x87.jpg?t=1703100573,1970-01-01 00:00:00+00:00,1970,01/01/70
MEDIEVALDEFENDERS,Medieval Defenders,/game/medieval-defenders--/,nhiv%2BcmpYZIL119%2BTd3SmcRjVRsJZnWAF7A4blNamh8%3D,1,280400,1.49,14.99,1,90.060040,0,Mostly Negative,36,116,522090,1386720000,1790878311,5.0,https://shared.fastly.steamstatic.com/store_item_assets/steam/apps/522090/capsule_231x87.jpg?t=1703179537,2013-12-11 00:00:00+00:00,2013,12/11/13
WYRMBOUND,WyrmBound,,%2Bb0%2BIIXb32lQDz0WHMNPQ7%2B0q7YVeXAYzJxyyx3CRaA%3D,1,283952,1.49,14.99,1,90.060040,0,Mixed,68,16,2576250,0,1790878073,1.0,https://shared.fastly.steamstatic.com/store_item_assets/steam/apps/2576250/capsule_231x87.jpg?t=1711465321,1970-01-01 00:00:00+00:00,1970,01/01/70
STARTENDERSINTERGALACTICBARTENDING,Startenders: Intergalactic Bartending,,qX1PWKPyUIENWo8TBTMuOzoCDHd8jTMLn%2FfcMTDdoD8%3D,1,285106,1.49,14.99,1,90.060040,0,Positive,85,48,1571380,0,1790886896,1.0,https://shared.fastly.steamstatic.com/store_item_assets/steam/apps/1571380/capsule_231x87.jpg?t=1724774151,1970-01-01 00:00:00+00:00,1970,01/01/70
ARTIFICEWARTACTICS,Artifice: War Tactics,/game/artifice-war-tactics/,CmUFCNrKQbaNgcPmu2U%2Bd%2B%2BLf%2FFAnEyw6Nzmcp9d5aE%3D,1,289488,1.49,14.99,1,90.060040,0,Mixed,61,18,1359730,1723766400,1790878072,1.0,https://shared.fastly.steamstatic.com/store_item_assets/steam/apps/1359730/capsule_231x87.jpg?t=1784278429,2024-08-16 00:00:00+00:00,2024,08/16/24
THEMANSIONOFTHEMACABRE,The Mansion of the Macabre,/game/the-mansion-of-the-macabre/,oNzBPdPn6qytids9l4WeI0gHJ6ggL3bcA56HxbEdKWI%3D,1,290797,1.49,14.99,1,90.060040,0,Mostly Negative,20,10,3189010,1727827200,1790878251,1.0,https://shared.fastly.steamstatic.com/store_item_assets/steam/apps/3189010/a1a02eb2d11957331a54c70fccb7427da875fdc5/capsule_231x87.jpg?t=1788432628,2024-10-02 00:00:00+00:00,2024,10/02/24
SHADOWGATE2,Shadowgate 2,/game/shadowgate-2/,HLH2BO71D58Mi6fgMFG5GO7Onc9eDloIiqVsF3emPg0%3D,1,298065,1.49,14.99,1,90.060040,0,Mostly Negative,30,26,2749220,1739491200,1790878245,1.0,https://shared.fastly.steamstatic.com/store_item_assets/steam/apps/2749220/capsule_231x87.jpg?t=1775042091,2025-02-14 00:00:00+00:00,2025,02/14/25
1001JIGSAWEARTHCHRONICLES,1001 Jigsaw. Earth Chronicles,/game/1001-jigsaw-earth-chronicles/,fSciPZnFGJdUQHMbwUW5Mli4tSl9c9ikl6pNmxzbNrs%3D,1,198740,1.49,14.99,1,90.060040,0,Mixed,66,21,970870,1400544000,1790875921,1.0,https://shared.fastly.steamstatic.com/store_item_assets/steam/apps/970870/capsule_231x87.jpg?t=1687430391,2014-05-20 00:00:00+00:00,2014,05/20/14
ROCKETSQUADINFINITY,Rocket Squad: Infinity,/game/rocket-squad-infinity/,%2Fsl3RVETqcVA42G%2FG8F2vgp1Miam%2FCpQ1URtDg%2BSaFw%3D,1,300960,1.49,14.99,1,90.060040,0,Mostly Negative,22,31,3315230,1748563200,1790878311,1.3,https://shared.fastly.steamstatic.com/store_item_assets/steam/apps/3315230/363f1d81b3e12a671411cf66bab7da603f1cc265/capsule_231x87.jpg?t=1748590039,2025-05-30 00:00:00+00:00,2025,05/30/25
THESIEGEANDTHESANDFOX,The Siege and the Sandfox,/game/the-siege-and-the-sandfox/,BGDNRb4tnJF6XR1JpxcgJIyM7RB3f9OHXzwhkH80ZsA%3D,1,303445,1.49,14.99,1,90.060040,70,Mixed,64,183,653060,1747699200,1790277154,8.3,https://shared.fastly.steamstatic.com/store_item_assets/steam/apps/653060/capsule_231x87.jpg?t=1748340022,2025-05-20 00:00:00+00:00,2025,05/20/25
GNOMESGARDENBLACKSTONES,Gnomes Garden: Black Stones,/game/gnomes-garden-black-stones/,8gkNyHyu4%2B2Hk%2Bvj0aFXhM2UemubRHyiqIGfNuDuE5w%3D,1,306001,1.49,14.99,1,90.060040,0,,0,0,3784090,1725148800,1790878531,1.0,https://shared.fastly.steamstatic.com/store_item_assets/steam/apps/3784090/9fc42f38a7c9582e2ad9209fdbdf6e483f182e2e/capsule_231x87.jpg?t=1753100672,2024-09-01 00:00:00+00:00,2024,09/01/24
MISCHIEF,Mischief,/game/mischief/,ZysHLebDnj5zt6vaWnElfssiWivL%2B4XT3u5E4L%2BuvZo%3D,1,306519,1.49,14.99,1,90.060040,0,,0,0,2844360,1754006400,1790878690,1.6,https://shared.fastly.steamstatic.com/store_item_assets/steam/apps/2844360/4de2bf89f1679b1963b5644d0608531b33e6ee0d/capsule_231x87.jpg?t=1755194545,2025-08-01 00:00:00+00:00,2025,08/01/25
ARGONAUTSAGENCYCAPTIVEOFCIRCE,Argonauts Agency: Captive of Circe,/game/argonauts-agency-captive-of-circe/,LrtSOpZxVd9ByWSj5lp7fLBRDJJHSbK1Fy8%2F3hQ%2Fwjs%3D,1,307328,1.49,14.99,1,90.060040,0,Mostly Positive,75,12,1788900,1570492800,1790619494,0.6,https://shared.fastly.steamstatic.com/store_item_assets/steam/apps/1788900/capsule_231x87.jpg?t=1713088594,2019-10-08 00:00:00+00:00,2019,10/08/19
DAYDTHROUGHTIMEJURASSICRUSH,DayD: Through time. Jurassic Rush,,2BjSsCDMcspvktWkluZ0IN6LgT7oRYh0c7%2Bjf%2FxG2B4%3D,1,307329,1.49,14.99,1,90.060040,0,Mixed,47,19,869560,0,1790876052,1.0,https://shared.fastly.steamstatic.com/store_item_assets/steam/apps/869560/capsule_231x87.jpg?t=1686033766,1970-01-01 00:00:00+00:00,1970,01/01/70
LOSTARTIFACTSMYSTERIOUSBOOKCOLLECTORSEDITION,Lost Artifacts Mysterious Book Collectors Edition,,INzD1aSj1cJuQfATyBWLZoxPbofvO%2FiQspM%2FBkH%2BZ8k%3D,1,307330,1.49,14.99,1,90.060040,0,Mixed,50,12,1862830,0,1790875749,1.0,https://shared.fastly.steamstatic.com/store_item_assets/steam/apps/1862830/capsule_231x87.jpg?t=1647589122,1970-01-01 00:00:00+00:00,1970,01/01/70
NEWLANDS2COLLECTORSEDITION,New Lands 2 Collectors Edition,,PO7LZAQyqkio%2BrxRjjgdqcrEeWUz4aQCF69F1BG4oW0%3D,1,307366,1.49,14.99,1,90.060040,0,Mixed,58,12,1788930,0,1790875794,1.0,https://shared.fastly.steamstatic.com/store_item_assets/steam/apps/1788930/capsule_231x87.jpg?t=1646808224,1970-01-01 00:00:00+00:00,1970,01/01/70
1001JIGSAWWORLDTOURGREATAMERICA,1001 Jigsaw. World Tour: Great America,/game/1001-jigsaw-world-tour-great-america-2019/,AGSX%2Baf3g68WsDS0LIt1JrIRt%2FwGLEjrG7ejQYRJFgA%3D,1,270128,1.49,14.99,1,90.060040,0,Mixed,50,12,970910,1519171200,1790875851,1.0,https://shared.fastly.steamstatic.com/store_item_assets/steam/apps/970910/capsule_231x87.jpg?t=1687431440,2018-02-21 00:00:00+00:00,2018,02/21/18
NEWLANDSPARADISEISLANDCOLLECTORSEDITION,New Lands Paradise Island Collectors Edition,,ETA0DoTf9wspv0dgwtBflPXOhJHzpQni9g7wrvv%2FLQE%3D,1,307374,1.49,14.99,1,90.060040,0,Mostly Positive,72,11,1930060,0,1790874656,1.0,https://shared.fastly.steamstatic.com/store_item_assets/steam/apps/1930060/capsule_231x87.jpg?t=1648531431,1970-01-01 00:00:00+00:00,1970,01/01/70
EGYPTSOLITAIREMATCH2CARDS,Egypt Solitaire. Match 2 Cards,/game/egypt-solitaire-match-2-cards-2020/,dZRwwnbneEmt6lmOV%2BFq4Tte0lAxbueqGPg6RzF9UEg%3D,1,307381,1.49,14.99,1,90.060040,0,Positive,81,11,1202220,1579996800,1790874334,1.0,https://shared.fastly.steamstatic.com/store_item_assets/steam/apps/1202220/capsule_231x87.jpg?t=1687352212,2020-01-26 00:00:00+00:00,2020,01/26/20
1001JIGSAWHOMESWEETHOME,1001 Jigsaw. Home Sweet Home,/game/1001-jigsaw-home-sweet-home-2018/,TwtjV24kJQE5kDAxmzk7rMTHdHARWu%2FBEW8Avy%2BcroU%3D,1,196178,1.49,14.99,1,90.060040,0,Mixed,61,13,970900,1522540800,1790875781,1.0,https://shared.fastly.steamstatic.com/store_item_assets/steam/apps/970900/capsule_231x87.jpg?t=1687431246,2018-04-01 00:00:00+00:00,2018,04/01/18
ARGONAUTSAGENCYGLOVEOFMIDAS,Argonauts Agency: Glove of Midas,/game/argonauts-agency-glove-of-midas/,2yJbaUWlX%2BHoy9NJuUB%2FMPnMgKf6l%2FlcvHC5D5OAHn4%3D,1,264703,1.49,14.99,1,90.060040,0,Mixed,68,16,1788890,1564790400,1790875648,1.0,https://shared.fastly.steamstatic.com/store_item_assets/steam/apps/1788890/capsule_231x87.jpg?t=1713088678,2019-08-03 00:00:00+00:00,2019,08/03/19
MAHJONGGOLD,Mahjong Gold,/game/mahjong-gold/,4Zf1HY63nhEQXB9h0GnNL7Z0MdwM4pKessVQoeWnViU%3D,1,307839,1.49,14.99,1,90.060040,0,Mixed,41,17,1166250,1390867200,1790875785,1.0,https://shared.fastly.steamstatic.com/store_item_assets/steam/apps/1166250/capsule_231x87.jpg?t=1687351886,2014-01-28 00:00:00+00:00,2014,01/28/14
FAIRYTALESOLITAIREWITCHCHARMS,Fairytale Solitaire. Witch Charms,/game/fairytale-solitaire-witch-charms-2020/,wiJnu9TX32G5bt2N83q%2BP0GZrS19DVZY5InyHgxOHLU%3D,1,307979,1.49,14.99,1,90.060040,0,Mostly Positive,75,12,1164310,1618272000,1790875023,1.0,https://shared.fastly.steamstatic.com/store_item_assets/steam/apps/1164310/capsule_231x87.jpg?t=1687351568,2021-04-13 00:00:00+00:00,2021,04/13/21
ALICESJIGSAWWONDERLANDCHRONICLES,Alices Jigsaw. Wonderland Chronicles,/game/alices-jigsaw-wonderland-chronicles/,q%2B%2FDdepsnbJy%2FvVRfI0%2By5ozn%2BlKToRdvmPCdxAHN6A%3D,1,280417,1.49,14.99,1,90.060040,0,Mixed,69,13,1034380,1493164800,1790875996,1.0,https://shared.fastly.steamstatic.com/store_item_assets/steam/apps/1034380/capsule_231x87.jpg?t=1687433615,2017-04-26 00:00:00+00:00,2017,04/26/17
DETECTIVERIDDLESSHERLOCKSHERITAGE,Detective Riddles - Sherlock's Heritage,/game/detective-riddles-sherlocks-heritage/,r2Ngw1%2F9G3EumaaTT5BU6izfMZsD7Gig7uPS7ftuVn4%3D,1,197659,1.49,14.99,1,90.060040,0,Mixed,60,10,1546340,1432080000,1790875945,1.0,https://shared.fastly.steamstatic.com/store_item_assets/steam/apps/1546340/capsule_231x87.jpg?t=1615808419,2015-05-20 00:00:00+00:00,2015,05/20/15
MAHJONGCARNAVAL,Mahjong Carnaval,,TSe8Jxp7yfz%2B4mvrR6iplzu%2FW2Mjy%2FdDte5eaMhaSUU%3D,1,308195,1.49,14.99,1,90.060040,0,Mostly Positive,70,10,1394760,0,1790875074,1.0,https://shared.fastly.steamstatic.com/store_item_assets/steam/apps/1394760/capsule_231x87.jpg?t=1687353864,1970-01-01 00:00:00+00:00,1970,01/01/70
ROYALROADS3PORTAL,Royal Roads 3 Portal,,wnS8OmtwJDjLqZlhF0jtPJU4RSdikr6A8aC0ORND5sU%3D,1,309004,1.49,14.99,1,90.060040,0,Mixed,50,12,1862820,0,1790875338,1.0,https://shared.fastly.steamstatic.com/store_item_assets/steam/apps/1862820/capsule_231x87.jpg?t=1659608547,1970-01-01 00:00:00+00:00,1970,01/01/70
1001JIGSAWCASTLESANDPALACES,1001 Jigsaw Castles And Palaces,/game/1001-jigsaw-castles-and-palaces/,kz2%2B%2FMaCEX6GUPcJIuE2XPPU4osKRVLBaMVvJ3LxSyE%3D,1,207084,1.49,14.99,1,90.060040,0,Mostly Positive,75,20,1158830,1573344000,1790875586,1.0,https://shared.fastly.steamstatic.com/store_item_assets/steam/apps/1158830/capsule_231x87.jpg?t=1687424379,2019-11-10 00:00:00+00:00,2019,11/10/19
1001JIGSAWLEGENDSOFMYSTERY2,1001 Jigsaw Legends of Mystery 2,/game/1001-jigsaw-legends-of-mystery-2/,WWgFA1PkHMyMuKnE40BalJeS8vJkwTrBvaZZrzond4M%3D,1,310386,1.49,14.99,1,90.060040,0,Mixed,57,14,1624880,1625529600,1790875965,1.0,https://shared.fastly.steamstatic.com/store_item_assets/steam/apps/1624880/capsule_231x87.jpg?t=1625584390,2021-07-06 00:00:00+00:00,2021,07/06/21
1001JIGSAWMYTHSOFANCIENTGREECE,1001 Jigsaw. Myths of ancient Greece (),/game/1001-jigsaw-myths-of-ancient-greece/,HwrPgYKPJKz4MFZO86JKHipGOHvEfygrMlWgJn9jGbo%3D,1,311536,1.49,14.99,1,90.060040,0,Mixed,64,14,1165430,1579564800,1790622481,0.6,https://shared.fastly.steamstatic.com/store_item_assets/steam/apps/1165430/capsule_231x87.jpg?t=1687351785,2020-01-21 00:00:00+00:00,2020,01/21/20
1001JIGSAWWORLDTOURAUSTRALIANPUZZLES,1001 Jigsaw. World Tour: Australian Puzzles,/game/1001-jigsaw-world-tour-australian-puzzles/,Ce1Omb950yzPM9UlebS5Hl%2BP%2BrANsusOUlhOdIhy9YY%3D,1,271683,1.49,14.99,1,90.060040,0,Mixed,53,15,970880,1546732800,1790622480,0.6,https://shared.fastly.steamstatic.com/store_item_assets/steam/apps/970880/capsule_231x87.jpg?t=1687430857,2019-01-06 00:00:00+00:00,2019,01/06/19
CHRISTMASMAHJONG,Christmas Mahjong,/game/christmas-mahjong/,gxE8c1WgcP9K%2BisT71%2B8aLiVMdRgAbcRaSiqcZAdrxI%3D,1,94297,1.49,14.99,1,90.060040,0,Mixed,68,19,929440,1355184000,1790620389,0.6,https://shared.fastly.steamstatic.com/store_item_assets/steam/apps/929440/capsule_231x87.jpg?t=1687233875,2012-12-11 00:00:00+00:00,2012,12/11/12
IMAGINATION,Imagination,/game/imagination/,8K1gnN%2BlJQiGHIgzAWMfFz6c5jYUh9M7P0W91nPff6c%3D,1,311537,1.49,14.99,1,90.060040,0,Mixed,47,17,1094690,1580256000,1790878070,1.0,https://shared.fastly.steamstatic.com/store_item_assets/steam/apps/1094690/capsule_231x87.jpg?t=1731991412,2020-01-29 00:00:00+00:00,2020,01/29/20
FILLANDCROSSCHRISTMASRIDDLES,Fill and Cross Christmas Riddles,/game/fill-and-cross-christmas-riddles/,UkkHth%2FzpCCvefisOhohkGuKWBPJISVrAidNMkbt5io%3D,1,150514,1.49,14.99,1,90.060040,0,Mixed,69,13,1495130,1419206400,1790620600,0.6,https://shared.fastly.steamstatic.com/store_item_assets/steam/apps/1495130/capsule_231x87.jpg?t=1687355302,2014-12-22 00:00:00+00:00,2014,12/22/14
THANKSGIVINGDAYMOSAIC,Thanksgiving Day Mosaic,/game/thanksgiving-day-mosaic/,zxaqLxrAqZkPN%2BSs%2Brey2DGQ7MoF4ZPjZJMzafuTbvg%3D,1,193901,1.49,14.99,1,90.060040,0,Positive,85,20,891710,1479772800,1790874820,1.0,https://shared.fastly.steamstatic.com/store_item_assets/steam/apps/891710/capsule_231x87.jpg?t=1687234714,2016-11-22 00:00:00+00:00,2016,11/22/16
ARGONAUTSAGENCYMISSINGDAUGHTER,Argonauts Agency: Missing Daughter,/game/argonauts-agency-missing-daughter/,%2F3CmCslDJ7H%2BmLHK4O7uXdbzXQV3P09mXU9igGIQbM0%3D,1,313448,1.49,14.99,1,90.060040,0,Mostly Positive,70,10,1788910,1581120000,1790874975,1.0,https://shared.fastly.steamstatic.com/store_item_assets/steam/apps/1788910/capsule_231x87.jpg?t=1713088738,2020-02-08 00:00:00+00:00,2020,02/08/20
MYSTERYSOLITAIREGRIMMSTALES,Mystery Solitaire Grimms Tales,/game/mystery-solitaire-grimms-tales/,Q4q7gufrpb9QkMHDUt%2Bx5E3R%2F4U%2BR9v1AQn25Z7q4W8%3D,1,235159,1.49,14.99,1,90.060040,0,Mixed,68,19,1037010,1548201600,1790878074,1.0,https://shared.fastly.steamstatic.com/store_item_assets/steam/apps/1037010/capsule_231x87.jpg?t=1687320850,2019-01-23 00:00:00+00:00,2019,01/23/19
GEMLEGENDS,Gem Legends,,0aE7hdpoNGa3PDuTkXYFoz3nE%2FfMx2H0zqS3lt0r7IE%3D,1,313737,1.49,14.99,1,90.060040,0,Mixed,46,13,1427910,0,1790875979,1.0,https://shared.fastly.steamstatic.com/store_item_assets/steam/apps/1427910/capsule_231x87.jpg?t=1687354335,1970-01-01 00:00:00+00:00,1970,01/01/70
FILLANDCROSSTRICKORTREAT,Fill and Cross Trick or Treat,/game/fill-and-cross-trick-or-treat-2013/,TWMzO4bOPwe2p8nLmW09fKBl9aeZBhgTjvo5CQIdjMs%3D,1,313739,1.49,14.99,1,90.060040,0,Negative,16,12,1665020,1383004800,1790878369,1.0,https://shared.fastly.steamstatic.com/store_item_assets/steam/apps/1665020/capsule_231x87.jpg?t=1626450740,2013-10-29 00:00:00+00:00,2013,10/29/13
1001BLACKRAVENJIGSAW,1001 Black Raven Jigsaw,/game/1001-black-raven-jigsaw/,j5ItUulW5ADrCSsPkV2jbicZUv4w%2FpU7VqQIZAS0E2k%3D,1,314348,1.49,14.99,1,90.060040,0,Mixed,58,12,1895560,1650153600,1790620545,0.6,https://shared.fastly.steamstatic.com/store_item_assets/steam/apps/1895560/capsule_231x87.jpg?t=1650253869,2022-04-17 00:00:00+00:00,2022,04/17/22
1001JIGSAWEARTHCHRONICLES3,1001 Jigsaw: Earth Chronicles 3,/game/1001-jigsaw-earth-chronicles-3/,3E2Ge%2FZOueh60q3Zh7kWnRKexoXuHfY1OperTUprcqY%3D,1,315017,1.49,14.99,1,90.060040,0,Mixed,45,11,1495050,1448841600,1790875966,1.0,https://shared.fastly.steamstatic.com/store_item_assets/steam/apps/1495050/capsule_231x87.jpg?t=1687354904,2015-11-30 00:00:00+00:00,2015,11/30/15
SOLITAIRELEGENDOFTHEPIRATES,Solitaire Legend of the Pirates,/game/solitaire-legend-of-the-pirates/,glnq0Y2pbGvNU%2BwuYGKsJTmyiAn6yhs3HazKluvjsvM%3D,1,315107,1.49,14.99,1,90.060040,0,Mixed,54,11,1128440,1493596800,1790875994,1.0,https://shared.fastly.steamstatic.com/store_item_assets/steam/apps/1128440/capsule_231x87.jpg?t=1687419071,2017-05-01 00:00:00+00:00,2017,05/01/17
FILLANDCROSSPIRATERIDDLES,Fill and Cross Pirate Riddles,/game/fill-and-cross-pirate-riddles/,enrSwENtptpyJYq4I6q1p3Iy1b3T6cRP5pIdZVZ4X1s%3D,1,316069,1.49,14.99,1,90.060040,0,Mostly Negative,26,15,1546380,1393804800,1790878314,1.0,https://shared.fastly.steamstatic.com/store_item_assets/steam/apps/1546380/capsule_231x87.jpg?t=1625639036,2014-03-03 00:00:00+00:00,2014,03/03/14
MAHJONGWORLDCONTEST2,Mahjong World Contest 2,/game/mahjong-world-contest-2/,xu%2FRUTnJWbX0Mcp39FQsYMR5GtzOFKhspbe1PMdWFGc%3D,1,220113,1.49,14.99,1,90.060040,0,Positive,80,15,1394750,1396915200,1790874346,1.0,https://shared.fastly.steamstatic.com/store_item_assets/steam/apps/1394750/capsule_231x87.jpg?t=1687353472,2014-04-08 00:00:00+00:00,2014,04/08/14
DETECTIVESOLITAIREINSPECTORMAGIC,Detective Solitaire Inspector Magic,/game/detective-solitaire-inspector-magic/,bmUKlgKWys3kUAApjKLFfZRLYRJKDgX8zESqV3M3ECY%3D,1,316969,1.49,14.99,1,90.060040,0,Mostly Positive,75,12,1168360,1533945600,1790875317,1.0,https://shared.fastly.steamstatic.com/store_item_assets/steam/apps/1168360/capsule_231x87.jpg?t=1687424993,2018-08-11 00:00:00+00:00,2018,08/11/18
SOLITAIREVICTORIANPICNIC,Solitaire Victorian Picnic,/game/solitaire-victorian-picnic/,PA%2BC%2Fjhokb1uZ6WRd%2FjUp2asQD9g7S%2BVEGxQT2p6tKc%3D,1,316970,1.49,14.99,1,90.060040,0,Mixed,64,14,1128840,1472515200,1790875839,1.0,https://shared.fastly.steamstatic.com/store_item_assets/steam/apps/1128840/capsule_231x87.jpg?t=1687419505,2016-08-30 00:00:00+00:00,2016,08/30/16
FILLANDCROSSWORLDCONTEST,Fill and Cross World Contest,/game/fill-and-cross-world-contest-2020/,xzkM3%2F5NunOAB%2F%2BXr7KDE15%2FLN1YLifxCeBJUQXnMjs%3D,1,277073,1.49,14.99,1,90.060040,0,Mostly Negative,33,12,1398600,1393286400,1790878312,1.0,https://shared.fastly.steamstatic.com/store_item_assets/steam/apps/1398600/capsule_231x87.jpg?t=1687354288,2014-02-25 00:00:00+00:00,2014,02/25/14
GRIDDLERSLEGENDOFTHEPIRATES,Griddlers Legend Of The Pirates,/game/griddlers-legend-of-the-pirates/,BE3ElU%2BnBZwcC4wAyrslBnbemJxckFnqWoRrzgd%2BmO0%3D,1,316973,1.49,14.99,1,90.060040,0,Mostly Negative,35,17,1148530,1516233600,1790878294,1.0,https://shared.fastly.steamstatic.com/store_item_assets/steam/apps/1148530/capsule_231x87.jpg?t=1687423702,2018-01-18 00:00:00+00:00,2018,01/18/18
KNIGHTSOLITAIRE,Knight Solitaire,/game/knight-solitaire/,4BCLbQF3uG3yj3Wp6u%2FtnvgP8ceXj3iW%2FdBRbGFCyio%3D,1,316981,1.49,14.99,1,90.060040,0,Mostly Positive,73,19,1168060,1416268800,1790874852,1.0,https://shared.fastly.steamstatic.com/store_item_assets/steam/apps/1168060/capsule_231x87.jpg?t=1687352004,2014-11-18 00:00:00+00:00,2014,11/18/14
SWEETSOLITAIRESCHOOLWITCH,Sweet Solitaire: School Witch,/game/sweet-solitaire-school-witch/,3Q6GtcL5TeZmww46VowfQC4owRDn9WuMjBiZmlqPTUE%3D,1,317766,1.49,14.99,1,90.060040,0,Mixed,68,16,1263490,1587945600,1790876004,1.0,https://shared.fastly.steamstatic.com/store_item_assets/steam/apps/1263490/capsule_231x87.jpg?t=1687352305,2020-04-27 00:00:00+00:00,2020,04/27/20
RAINBOWPIXELCOLORBYNUMBER,Rainbow Pixel - Color by Number,,ul3lx1cHMskivRD35z8QuD6ytfL1NtSD8sZyzP13Pe8%3D,1,265452,1.49,14.99,1,90.060040,0,Mostly Positive,75,12,1148080,0,1790874996,1.0,https://shared.fastly.steamstatic.com/store_item_assets/steam/apps/1148080/capsule_231x87.jpg?t=1687419821,1970-01-01 00:00:00+00:00,1970,01/01/70
GRIDDLERSVICTORIANPICNIC,Griddlers Victorian Picnic,/game/griddlers-victorian-picnic/,O2sE%2BqAzwoIwSSQHiXGmLGlB7r3aX9nl%2BTr5xMDJRt4%3D,1,276751,1.49,14.99,1,90.060040,0,Mostly Negative,33,18,1148540,1484784000,1790878331,1.0,https://shared.fastly.steamstatic.com/store_item_assets/steam/apps/1148540/capsule_231x87.jpg?t=1687424033,2017-01-19 00:00:00+00:00,2017,01/19/17
BLOODBOWLCHAOSEDITIONCLASSIC,Blood Bowl: Chaos Edition (Classic),,S7%2BS6UG1FeshslU%2BOGdDtEtHy30DAfsFMzdQNLSE%2B7A%3D,1,320377,1.49,14.99,1,90.060040,0,Mostly Positive,79,1386,216890,0,1790886878,5.0,https://shared.fastly.steamstatic.com/store_item_assets/steam/apps/216890/b0c7c9a499def5002cecdbbe81b2d7882b4773d1/capsule_231x87.jpg?t=1784815887,1970-01-01 00:00:00+00:00,1970,01/01/70
BATTLEFLEETGOTHICARMADACLASSIC,Battlefleet Gothic: Armada (Classic),,hhi3CW5m8vCcln03w8M8rnDtc0sv2XbZcxjvf8h4rug%3D,1,320449,1.49,14.99,1,90.060040,0,Mixed,67,3583,363680,0,1790883123,5.0,https://shared.fastly.steamstatic.com/store_item_assets/steam/apps/363680/79b15cbd453ae047e2677bc8e61d5d000f909818/capsule_231x87.jpg?t=1778836440,1970-01-01 00:00:00+00:00,1970,01/01/70
ARGONAUTSAGENCYCHAIROFHEPHAESTUS,Argonauts Agency: Chair of Hephaestus,/game/argonauts-agency-chair-of-hephaestus/,gW8kiNJ2t05i8UEQWdZDdhl4FBAIbfoPuxy9oQ2E2%2FA%3D,1,321284,1.49,14.99,1,90.060040,0,Mostly Positive,70,10,1788880,1557792000,1790875070,1.0,https://shared.fastly.steamstatic.com/store_item_assets/steam/apps/1788880/capsule_231x87.jpg?t=1713088568,2019-05-14 00:00:00+00:00,2019,05/14/19
STRIKESOLITAIRE,Strike Solitaire,/game/strike-solitaire/,JQpUV3w3M3jdH6zjnw9dEu9SZ1zcSBb7uiqnond1UyU%3D,1,97113,1.49,14.99,1,90.060040,0,Mixed,41,12,1034410,1353974400,1790878074,1.0,https://shared.fastly.steamstatic.com/store_item_assets/steam/apps/1034410/capsule_231x87.jpg?t=1687434364,2012-11-27 00:00:00+00:00,2012,11/27/12
MAHJONGROYALTOWERS,Mahjong Royal Towers,/game/mahjong-royal-towers/,g6l%2FOwizEzSw38eDlrRZmXHC%2BKJDAaFQcZQO5y3v%2FpA%3D,1,280996,1.49,14.99,1,90.060040,0,Mixed,54,11,1158820,1358812800,1790875705,1.0,https://shared.fastly.steamstatic.com/store_item_assets/steam/apps/1158820/capsule_231x87.jpg?t=1687424173,2013-01-22 00:00:00+00:00,2013,01/22/13
MALEVOLENCE,Malevolence,/game/malevolence/,nT7DNgLEYCqIE4ObWEyI5QNbzYRGOO2jUI0W4BgX4Pc%3D,1,198738,1.49,14.99,1,90.060040,0,,0,0,1031320,1550534400,1790878661,1.0,https://shared.fastly.steamstatic.com/store_item_assets/steam/apps/1031320/capsule_231x87.jpg?t=1781885206,2019-02-19 00:00:00+00:00,2019,02/19/19
GARDENCITY,Garden City,/game/garden-city/,Uh8IuxujdsTHCrBFSUuOJkIPMhM4IBKHUmVL2atrHxY%3D,1,279719,1.49,14.99,1,90.060040,0,,0,0,1171350,1595030400,1790639415,0.6,https://shared.fastly.steamstatic.com/store_item_assets/steam/apps/1171350/capsule_231x87.jpg?t=1687352169,2020-07-18 00:00:00+00:00,2020,07/18/20
PANDACHOICEMAHJONG,Panda Choice Mahjong,/game/panda-choice-mahjong/,c6GxggwURI6R0SAvC6kmPqHSCsB7xQkfgldxpZhAJEo%3D,1,327081,1.49,14.99,1,90.060040,0,,0,0,2495670,1692921600,1790878679,1.0,https://shared.fastly.steamstatic.com/store_item_assets/steam/apps/2495670/capsule_231x87.jpg?t=1692973139,2023-08-25 00:00:00+00:00,2023,08/25/23
TASTYJIGSAWHAPPYHOUR,Tasty Jigsaw: Happy Hour (),/game/tasty-jigsaw-happy-hour/,IlwLrDByumhEKs0kP%2FmuEdH29JTkYftRs2AIRnYJrZY%3D,1,327171,1.49,14.99,1,90.060040,0,Mostly Positive,70,10,1165100,1583712000,1790875355,1.0,https://shared.fastly.steamstatic.com/store_item_assets/steam/apps/1165100/capsule_231x87.jpg?t=1687351662,2020-03-09 00:00:00+00:00,2020,03/09/20
SOULBOUNDONLINE,Soulbound: Online,,RoMzjOI1G9%2Bkf%2F8t%2FCM4Ns8eN0OOysdTW6QvUlt7qzY%3D,1,327367,1.49,14.99,1,90.060040,0,Mixed,59,583,4369490,0,1790881911,5.0,https://shared.fastly.steamstatic.com/store_item_assets/steam/apps/4369490/0eb6accd50e610408f6378f411ec28b1ba365d6f/capsule_231x87_alt_assets_2.jpg?t=1790852057,1970-01-01 00:00:00+00:00,1970,01/01/70
MYSTERYSOLITAIRETHEBLACKRAVEN2,Mystery Solitaire. The Black Raven 2,/game/mystery-solitaire-the-black-raven-2/,s7qB7qf4gOZ4Z0VpVryY5VsV9wBvJowTl7QpFGLcEk4%3D,1,327444,1.49,14.99,1,90.060040,0,Mixed,66,12,1900690,1645488000,1790875777,1.0,https://shared.fastly.steamstatic.com/store_item_assets/steam/apps/1900690/capsule_231x87.jpg?t=1645584433,2022-02-22 00:00:00+00:00,2022,02/22/22
MYSTERYSOLITAIRETHEARKHAMSPIRITS,Mystery Solitaire The Arkham Spirits,,nkKtfSYRu6QsBzZ6lQzdZmEhj0Xr9Yy9z1Lp4zz6OfU%3D,1,328151,1.49,14.99,1,90.060040,0,Positive,84,13,1168070,0,1790619290,0.6,https://shared.fastly.steamstatic.com/store_item_assets/steam/apps/1168070/capsule_231x87.jpg?t=1687352049,1970-01-01 00:00:00+00:00,1970,01/01/70
URSINESCIENCE,Ursine Science,/game/ursine-science/,Q3pHKsVVVSNQSpQJxb6FbO028hBBauxAt0boXB%2F8kuY%3D,1,331989,1.49,14.99,1,90.060040,0,,0,0,2505180,1695340800,1790878501,1.0,https://shared.fastly.steamstatic.com/store_item_assets/steam/apps/2505180/capsule_231x87.jpg?t=1732476656,2023-09-22 00:00:00+00:00,2023,09/22/23
PARTYPOPPERS,Party Poppers,,Yt5E6C463O%2FgXUkwFa9h8sn9UUQsUaSCoxSMRMazUJY%3D,1,332515,1.49,14.99,1,90.060040,0,,0,0,948790,0,1790878562,1.0,https://shared.fastly.steamstatic.com/store_item_assets/steam/apps/948790/capsule_231x87.jpg?t=1719481109,1970-01-01 00:00:00+00:00,1970,01/01/70
ROYALROADS2THEMAGICBOX,Royal Roads 2: The Magic Box,/game/royal-roads-2-the-magic-box/,xxmjGwemvr%2Fl%2FuPsSDc9zuIcYO1J59PsTNe4lUkePZ8%3D,1,279663,1.49,14.99,1,90.060040,0,,0,0,1474940,1604102400,1790669599,0.7,https://shared.fastly.steamstatic.com/store_item_assets/steam/apps/1474940/capsule_231x87.jpg?t=1687354842,2020-10-31 00:00:00+00:00,2020,10/31/20
GRIDDLERSTEDANDPET2,Griddlers TED and PET 2,,02pxGPa4S%2F62ns3eRTYRZ7C8rDpTJ3WXSttVKGS2ay0%3D,1,332569,1.49,14.99,1,90.060040,0,,0,0,1665050,0,1790684617,0.7,https://shared.fastly.steamstatic.com/store_item_assets/steam/apps/1665050/capsule_231x87.jpg?t=1626242930,1970-01-01 00:00:00+00:00,1970,01/01/70
OLYMPUSGRIDDLERS,Olympus Griddlers,,1PloIID4L%2B5FRnz%2FoeZxq0FGO%2BFgSGDRytFY4F2MuII%3D,1,332683,1.49,14.99,1,90.060040,0,,0,0,1329480,0,1790813272,1.0,https://shared.fastly.steamstatic.com/store_item_assets/steam/apps/1329480/capsule_231x87.jpg?t=1687436671,1970-01-01 00:00:00+00:00,1970,01/01/70
ZONE404,Zone 404,,IWK6EqdOruX1lHtfoXnaiX%2BFpDJxIECFWsIJMBUq9X8%3D,1,332763,1.49,14.99,1,90.060040,0,,0,0,3964280,0,1790878705,1.0,https://shared.fastly.steamstatic.com/store_item_assets/steam/apps/3964280/fc50c4bf7b42c6590793e317d7b8815e1c2874b3/capsule_231x87.jpg?t=1768668835,1970-01-01 00:00:00+00:00,1970,01/01/70
SHIFTHAPPENS,Shift Happens,/game/shift-happens/,nX%2BWniWuCiB0xq3Bkg7lGrqoVnNh8TKGgrtlVAqAZg4%3D,1,145840,1.59,15.99,1,90.056285,0,Mostly Positive,77,677,359840,1487721600,1790886448,7.6,https://shared.fastly.steamstatic.com/store_item_assets/steam/apps/359840/capsule_231x87.jpg?t=1789381690,2017-02-22 00:00:00+00:00,2017,02/22/17
IAMWEAPONREVIVAL,I am Weapon: Revival,/game/i-am-weapon-revival/,MH%2BAMGbqikMz1%2FuX9tFf61fIxpBP9QasTBgg50a%2FDq0%3D,1,146675,1.59,15.99,1,90.056285,0,Mixed,66,225,335700,1445558400,1790875722,7.6,https://shared.fastly.steamstatic.com/store_item_assets/steam/apps/335700/capsule_231x87.jpg?t=1480022224,2015-10-23 00:00:00+00:00,2015,10/23/15
DONOTFEEDTHEMONKEYS,Do Not Feed the Monkeys,/game/do-not-feed-the-monkeys/,fJnQNqZNmgSUwZRzxEFGWcTVzeYpGgOWg58dw5K%2F%2BhM%3D,1,192377,1.59,15.99,1,90.056285,0,Very Positive,91,2332,658850,1540252800,1790882299,7.6,https://shared.fastly.steamstatic.com/store_item_assets/steam/apps/658850/capsule_231x87.jpg?t=1779364676,2018-10-23 00:00:00+00:00,2018,10/23/18
PAPERDOLLSVR,Paper Dolls VR,,1SNvQ9IFWFiqyCxWKo8%2Bupg15qoBCJ3ilwaNhcTTH54%3D,1,196600,1.59,15.99,1,90.056285,0,Mixed,47,104,851050,0,1790874634,7.6,https://shared.fastly.steamstatic.com/store_item_assets/steam/apps/851050/capsule_231x87.jpg?t=1667556667,1970-01-01 00:00:00+00:00,1970,01/01/70
THEWANDERERFRANKENSTEINSCREATURE,The Wanderer: Frankensteins Creature,/game/the-wanderer-frankensteins-creature/,p4Kqb8VB2UEwzrxI0rHZ9cCL%2BmWcvqAHSxvFb5xVxEg%3D,1,206783,1.59,15.99,1,90.056285,69,Very Positive,84,293,966670,1572480000,1790886437,9.0,https://shared.fastly.steamstatic.com/store_item_assets/steam/apps/966670/capsule_231x87.jpg?t=1789483798,2019-10-31 00:00:00+00:00,2019,10/31/19
ELDENPATHOFTHEFORGOTTEN,Elden: Path of the Forgotten,/game/elden-path-of-the-forgotten/,f9%2B8AX5beMc%2BrXd%2FPaASU1QOtrrHOiCKhetPq4bk3rQ%3D,1,218035,1.59,15.99,1,90.056285,0,Mixed,46,39,715020,1594252800,1790875457,3.6,https://shared.fastly.steamstatic.com/store_item_assets/steam/apps/715020/capsule_231x87.jpg?t=1779871637,2020-07-09 00:00:00+00:00,2020,07/09/20
LACUNAASCIFINOIRADVENTURE,Lacuna  A Sci-Fi Noir Adventure,/game/lacuna-a-sci-fi-noir-adventure/,QynqV9Jil2aK5kn3aCSGIGetSgD8Qzx3RcC1kfC9Rvo%3D,1,228789,1.59,15.99,1,90.056285,86,Very Positive,92,731,1364100,1621468800,1790882753,10.0,https://shared.fastly.steamstatic.com/store_item_assets/steam/apps/1364100/2f141b70398ce62fb98c1d849a56a05267f917a7/capsule_231x87.jpg?t=1779296611,2021-05-20 00:00:00+00:00,2021,05/20/21
WORLDOFAIRCRAFTGLIDERSIMULATOR,World of Aircraft: Glider Simulator,/game/world-of-aircraft-glider-simulator/,hflNBrEgg%2FBu3XIkH%2BSLiExp3eEIaG6hltlxxzYV2Lw%3D,1,230209,1.59,15.99,1,90.056285,0,Mixed,40,50,1041520,1621987200,1789751837,1.7,https://shared.fastly.steamstatic.com/store_item_assets/steam/apps/1041520/capsule_231x87.jpg?t=1629728060,2021-05-26 00:00:00+00:00,2021,05/26/21
JESTERKING,Jester / King,/game/jester-king/,rfz%2BtLnLJ41AvsUCrTMPN8bP6A%2FY6R8pvUt2tNwsJr4%3D,1,234381,1.59,15.99,1,90.056285,0,Very Positive,94,85,1424300,1631059200,1790886465,3.6,https://shared.fastly.steamstatic.com/store_item_assets/steam/apps/1424300/capsule_231x87.jpg?t=1784583331,2021-09-08 00:00:00+00:00,2021,09/08/21
ABERMORE,Abermore,/game/abermore/,Og%2BNioHR%2FZHXhchqbcgHVglP74537gWoxl5Tmjf4C6A%3D,1,242262,1.59,15.99,1,90.056285,39,Negative,17,45,1569220,1648512000,1790878358,4.3,https://shared.fastly.steamstatic.com/store_item_assets/steam/apps/1569220/capsule_231x87.jpg?t=1748436871,2022-03-29 00:00:00+00:00,2022,03/29/22
MASTERQUESTFANTASY,MasterQuest Fantasy,/game/masterquest-fantasy/,qb%2Fs%2FdiHzLlIzZQNsMT6J5d1HB7vUSkpt%2FSuEqYxvIo%3D,1,294398,1.59,15.99,1,90.056285,0,Mostly Positive,76,13,2750540,1730851200,1790875293,3.6,https://shared.fastly.steamstatic.com/store_item_assets/steam/apps/2750540/capsule_231x87.jpg?t=1730880149,2024-11-06 00:00:00+00:00,2024,11/06/24
COOKFORLOVE,Cook For Love,/game/cook-for-love/,QxAAoYxKoUUD82%2BYAPDMer8HQOaZ%2B87KsrT6WI5BPjQ%3D,1,294919,1.59,15.99,1,90.056285,0,Mixed,50,34,3009920,1732147200,1790875718,3.6,https://shared.fastly.steamstatic.com/store_item_assets/steam/apps/3009920/capsule_231x87.jpg?t=1751034779,2024-11-21 00:00:00+00:00,2024,11/21/24
TUTUTUTUTEAPARTY,TUTUTUTU - Tea party,/game/tutututu-tea-party/,aSpviZUSEOdTnUzboXC3fxECXqDaNoHLRbJa9IAB0fQ%3D,1,329299,1.59,15.99,1,90.056285,0,,0,0,1073080,1565740800,1790878672,3.6,https://shared.fastly.steamstatic.com/store_item_assets/steam/apps/1073080/capsule_231x87.jpg?t=1788532599,2019-08-14 00:00:00+00:00,2019,08/14/19
OVERCOOKED,Overcooked,/game/overcooked/,4%2BUv0qUt2n7UF3GHP2saprSgSxVeBimnnQdjgm%2FxrEQ%3D,1,154947,1.69,16.99,1,90.052972,81,Very Positive,91,4775,448510,1470182400,1790881824,9.6,https://shared.fastly.steamstatic.com/store_item_assets/steam/apps/448510/capsule_231x87.jpg?t=1788969012,2016-08-03 00:00:00+00:00,2016,08/03/16
FEUDALALLOY,Feudal Alloy,/game/feudal-alloy/,Y%2Bvzm%2FzwLDr3I5AXt68ymlzCd7dzfm3dFiqEjbPwflo%3D,1,196930,1.69,16.99,1,90.052972,76,Mixed,69,861,699670,1547683200,1790875131,9.3,https://shared.fastly.steamstatic.com/store_item_assets/steam/apps/699670/capsule_231x87.jpg?t=1725181140,2019-01-17 00:00:00+00:00,2019,01/17/19
AWAYJOURNEYTOTHEUNEXPECTED,AWAY: Journey to the Unexpected,/game/away-journey-to-the-unexpected/,nUZ5eDi0UJ0LkiPqH51YdafxTIsVg%2F9H61dO5bDGkMA%3D,1,197150,1.69,16.99,1,90.052972,51,Mixed,60,70,573110,1550016000,1790875390,4.5,https://shared.fastly.steamstatic.com/store_item_assets/steam/apps/573110/capsule_231x87.jpg?t=1722352793,2019-02-13 00:00:00+00:00,2019,02/13/19
TALESOFTHENEONSEA,Tales of the Neon Sea,/game/tales-of-the-neon-sea/,eBR2N%2B%2F%2BaneNGYv6JuHhoIjTJUAVvt2%2BF30%2FIsvahYs%3D,1,201015,1.69,16.99,1,90.052972,62,Very Positive,84,408,828740,1556496000,1790882876,8.8,https://shared.fastly.steamstatic.com/store_item_assets/steam/apps/828740/36850338e50a68a54ddb1733d72dc63948b871fe/capsule_231x87.jpg?t=1726281872,2019-04-29 00:00:00+00:00,2019,04/29/19
MONSTERHARVEST,Monster Harvest,/game/monster-harvest/,tnWtAWSDGaTlm8DuemfuAjFCySvzMQfmNDZDiRrtiQs%3D,1,233578,1.69,16.99,1,90.052972,0,Mixed,53,458,1363350,1630368000,1790874392,7.6,https://shared.fastly.steamstatic.com/store_item_assets/steam/apps/1363350/capsule_231x87.jpg?t=1738067956,2021-08-31 00:00:00+00:00,2021,08/31/21
VELONE,VELONE,/game/velone/,gPVESSaA8Fv%2BP89C5hRzVbGJIN895ELIyijNAe2VLeQ%3D,1,243447,1.69,16.99,1,90.052972,0,Mostly Negative,28,21,1811750,1650499200,1790878280,3.6,https://shared.fastly.steamstatic.com/store_item_assets/steam/apps/1811750/capsule_231x87.jpg?t=1789477195,2022-04-21 00:00:00+00:00,2022,04/21/22
METALMUTATION,Metal Mutation,/game/metal-mutation/,YyCBDDdspRGlJx%2FktD0wrkjeOs7LZe8DdyplefTyGGs%3D,1,256978,1.69,16.99,1,90.052972,0,Mixed,67,59,1840790,1683158400,1790875226,3.6,https://shared.fastly.steamstatic.com/store_item_assets/steam/apps/1840790/capsule_231x87.jpg?t=1708008203,2023-05-04 00:00:00+00:00,2023,05/04/23
FREAKYTRIP,Freaky Trip,/game/freaky-trip/,QJ7qSbYkYUwV%2FXCI0dPEHXlYeaoUwKSjtKubk65XPyA%3D,1,275046,1.69,16.99,1,90.052972,0,Mixed,58,12,2581290,1696550400,1790878073,3.6,https://shared.fastly.steamstatic.com/store_item_assets/steam/apps/2581290/capsule_231x87.jpg?t=1734603888,2023-10-06 00:00:00+00:00,2023,10/06/23
ENDLESSVOYAGE,Endless Voyage,/game/endless-voyage/,ntMfb4HiOWip0ufdjq9c0clHRhpZpp82xxzE9vfof9k%3D,1,300205,1.69,16.99,1,90.052972,0,Mixed,65,408,1325310,1609977600,1790875414,7.6,https://shared.fastly.steamstatic.com/store_item_assets/steam/apps/1325310/capsule_231x87.jpg?t=1669113646,2021-01-07 00:00:00+00:00,2021,01/07/21
NEONSTRUCT,NEON STRUCT,/game/neon-struct/,CS%2BMfxx%2Fl6bClUJjiZ5wlntUi50l9DfnyMc5VuvKTZ4%3D,1,143991,1.79,17.99,1,90.050028,62,Very Positive,87,288,310740,1432080000,1790886436,8.8,https://shared.fastly.steamstatic.com/store_item_assets/steam/apps/310740/capsule_231x87.jpg?t=1726251353,2015-05-20 00:00:00+00:00,2015,05/20/15
THEESCAPISTSTHEWALKINGDEAD,The Escapists: The Walking Dead,/game/the-escapists-the-walking-dead/,l8wuxNNzU9FKIQVLARJg6Oq%2FOHrX47D8foqSn7PMtUo%3D,1,145876,1.79,17.99,1,90.050028,66,Mixed,63,745,388060,1443571200,1789664510,6.9,https://shared.fastly.steamstatic.com/store_item_assets/steam/apps/388060/capsule_231x87.jpg?t=1784118634,2015-09-30 00:00:00+00:00,2015,09/30/15
THESUICIDEOFRACHELFOSTER,The Suicide of Rachel Foster,/game/the-suicide-of-rachel-foster/,hd3nyL8OPS3crjl4gzPmcyINXHjHR7zdJNZSdjf8B9Q%3D,1,207827,1.79,17.99,1,90.050028,63,Mixed,61,2727,1057750,1582070400,1790887013,8.8,https://shared.fastly.steamstatic.com/store_item_assets/steam/apps/1057750/capsule_231x87.jpg?t=1789476651,2020-02-19 00:00:00+00:00,2020,02/19/20
ROBODO,RoboDo,/game/robodo/,U7yvfy2W1mAPIK%2FJgFAYKgPygHMsI6ykHu8eLHkrJuI%3D,1,221133,1.79,17.99,1,90.050028,0,Positive,81,11,1277710,1601596800,1790874824,3.6,https://shared.fastly.steamstatic.com/store_item_assets/steam/apps/1277710/capsule_231x87.jpg?t=1603179424,2020-10-02 00:00:00+00:00,2020,10/02/20
AJUGGLERSTALE,A Jugglers Tale,/game/a-jugglers-tale/,MsGE8ZCqnWxrMM3MAC3448D6rA3aft1jZeX%2Bx%2FXvxHI%3D,1,216848,1.79,17.99,1,90.050028,74,Very Positive,93,1274,1252830,1632873600,1790882836,9.2,https://shared.fastly.steamstatic.com/store_item_assets/steam/apps/1252830/capsule_231x87.jpg?t=1785148149,2021-09-29 00:00:00+00:00,2021,09/29/21
ANDRODUNOSII,Andro Dunos II,,jbfKA120Socx1F2RcgiFjfhZvOU%2FKjdexyb0iqH2SkM%3D,1,242421,1.79,17.99,1,90.050028,0,Very Positive,94,157,1856900,0,1790886260,7.6,https://shared.fastly.steamstatic.com/store_item_assets/steam/apps/1856900/capsule_231x87.jpg?t=1707744606,1970-01-01 00:00:00+00:00,1970,01/01/70
GANRYU2,Ganryu 2,,nHiUWMsOcpfHcocfk3GcoWUgSgz2vWsNdMfEXHQHbEg%3D,1,244126,1.79,17.99,1,90.050028,0,Mixed,58,72,1856910,0,1790875158,3.6,https://shared.fastly.steamstatic.com/store_item_assets/steam/apps/1856910/capsule_231x87.jpg?t=1707744604,1970-01-01 00:00:00+00:00,1970,01/01/70
DEADAGE2THEZOMBIESURVIVALRPG,Dead Age 2: The Zombie Survival RPG,,qSIda2uUzQo1xZNYNE1ILuEv%2FTv5GFiRqe894b%2B6fUE%3D,1,255099,1.79,17.99,1,90.050028,0,Mostly Positive,75,1156,951430,0,1790886838,7.6,https://shared.fastly.steamstatic.com/store_item_assets/steam/apps/951430/capsule_231x87.jpg?t=1741247968,1970-01-01 00:00:00+00:00,1970,01/01/70
BEYONDTHELONGNIGHT,Beyond the Long Night,/game/beyond-the-long-night/,OKd%2F9ZtC2xcbJ1jURlzwnb%2BfeTMZO4S5FjaOrLCt7Bg%3D,1,259211,1.79,17.99,1,90.050028,76,Mixed,67,115,1730080,1681689600,1790874625,9.3,https://shared.fastly.steamstatic.com/store_item_assets/steam/apps/1730080/capsule_231x87.jpg?t=1724771761,2023-04-17 00:00:00+00:00,2023,04/17/23
TALESANDTACTICS,Tales and Tactics,/game/tales-and-tactics/,9EQ0LMm3j0V14DeYTTIuGz9lsZXlWMNiKRCHefR2DYg%3D,1,268049,1.79,17.99,1,90.050028,0,Very Positive,80,1745,1652250,1723680000,1790882011,7.6,https://shared.fastly.steamstatic.com/store_item_assets/steam/apps/1652250/capsule_231x87.jpg?t=1787084300,2024-08-15 00:00:00+00:00,2024,08/15/24
NIRO,NIRO,,11alx8TFJYtqReQkmAdkNSjQJCZV88Xi61StiJW%2B4zc%3D,1,287811,1.79,17.99,1,90.050028,0,Mostly Positive,76,189,1448610,0,1790875174,7.6,https://shared.fastly.steamstatic.com/store_item_assets/steam/apps/1448610/capsule_231x87.jpg?t=1720671726,1970-01-01 00:00:00+00:00,1970,01/01/70
VESSELSOFDECAY,Vessels of Decay,/game/vessels-of-decay/,Hfb7IvB8asr1U1WI2GwECJCKizLaelKai5tVdsqAvEM%3D,1,304817,1.79,17.99,1,90.050028,55,Mixed,50,24,1425180,1750291200,1790874839,5.0,https://shared.fastly.steamstatic.com/store_item_assets/steam/apps/1425180/4d1a017cb9865cb0eefc10612f3ec190979e2bc4/capsule_231x87.jpg?t=1750344905,2025-06-19 00:00:00+00:00,2025,06/19/25
QUIZKINGDOMELEMENTARYMATHKIDSRPG,Quiz Kingdom: Elementary Math Kids RPG,/game/quiz-kingdom-elementary-math-kids-rpg/,i%2BMYn%2Bo%2FD4we0mD%2BpTuC78KjHyPfW3221GljlwKEyyo%3D,1,331963,1.79,17.99,1,90.050028,0,,0,0,3728830,1754611200,1789915235,2.6,https://shared.fastly.steamstatic.com/store_item_assets/steam/apps/3728830/b638bc4422f5fe01d8f4a7f43655778c944aa10f/capsule_231x87.jpg?t=1774090364,2025-08-08 00:00:00+00:00,2025,08/08/25
BLOODYTRAINS,Bloody trains,/game/bloody-trains/,eDrbTBawdDypLESyzZsAsVidW4Qq3uvEhKE9KRhNPyc%3D,1,209283,1.89,18.99,1,90.047393,0,Mixed,40,15,1185000,1576540800,1790875771,3.6,https://shared.fastly.steamstatic.com/store_item_assets/steam/apps/1185000/capsule_231x87.jpg?t=1788532551,2019-12-17 00:00:00+00:00,2019,12/17/19
WHYPIZZA,Why pizza?,/game/why-pizza/,wsvukzi39oNY20LUOCvYVS2mIAiD7nmIX7yoHmQYRGA%3D,1,329298,1.89,18.99,1,90.047393,0,,0,0,1444490,1622592000,1790878546,3.6,https://shared.fastly.steamstatic.com/store_item_assets/steam/apps/1444490/capsule_231x87.jpg?t=1750612077,2021-06-02 00:00:00+00:00,2021,06/02/21
KILLINGFLOOR,Killing Floor,/game/killing-floor/,QG4u%2BE3Zcsd4vcDGgeBNuvhmRpUD%2BMNRLPr0sFh6EPU%3D,1,182,1.99,19.99,1,90.045023,72,Overwhelmingly Positive,96,21822,1250,1242259200,1790881975,9.1,https://shared.fastly.steamstatic.com/store_item_assets/steam/apps/1250/capsule_231x87.jpg?t=1789667388,2009-05-14 00:00:00+00:00,2009,05/14/09
REDFACTIONARMAGEDDON,Red Faction: Armageddon,/game/red-faction-armageddon/,VRXE7dLEh%2BhaZ6%2BPu9FtGMoiBb9xsU8sUnxrswZlmz4%3D,1,432,1.99,19.99,1,90.045023,75,Mixed,66,1309,55110,1307318400,1789674248,7.3,https://shared.fastly.steamstatic.com/store_item_assets/steam/apps/55110/capsule_231x87.jpg?t=1591105530,2011-06-06 00:00:00+00:00,2011,06/06/11
RUSH,RUSH,/game/rush-2021/,U28trTScqykKVU5T28SH666NwfPIyUB4LvW5B47Tde0%3D,1,677,1.99,19.99,1,90.045023,0,Very Positive,81,226,38720,1613347200,1790883096,7.6,https://shared.fastly.steamstatic.com/store_item_assets/steam/apps/844040/capsule_231x87.jpg?t=1567474657,2021-02-15 00:00:00+00:00,2021,02/15/21
THEDARKEYECHAINSOFSATINAV,The Dark Eye: Chains of Satinav,/game/the-dark-eye-chains-of-satinav/,BhEhC%2FmWGE9fbNlw%2BKFoheqDFgJf3VcwzTkgQtrQ8e0%3D,1,87946,1.99,19.99,1,90.045023,75,Very Positive,84,873,203830,1340323200,1790886970,9.3,https://shared.fastly.steamstatic.com/store_item_assets/steam/apps/203830/capsule_231x87.jpg?t=1789468914,2012-06-22 00:00:00+00:00,2012,06/22/12
THETESTAMENTOFSHERLOCKHOLMES,The Testament of Sherlock Holmes,/game/the-testament-of-sherlock-holmes/,ZRZexAwrF9D%2Fdzf6bWtWFI0bWXYLlbc9WvXF%2FftHwI4%3D,1,89070,1.99,19.99,1,90.045023,73,Mostly Positive,76,1224,205650,1348531200,1790882583,9.2,https://shared.fastly.steamstatic.com/store_item_assets/steam/apps/205650/capsule_231x87.jpg?t=1689178759,2012-09-25 00:00:00+00:00,2012,09/25/12
HITMANABSOLUTION,Hitman Absolution,/game/hitman-absolution/,Zte5n3zZh%2B5tPGsft1uImQFLacD%2BFv2zdunTXA0I9fk%3D,1,87393,1.99,19.99,1,90.045023,79,Very Positive,88,14373,203140,1353283200,1790881840,9.5,https://shared.fastly.steamstatic.com/store_item_assets/steam/apps/203140/capsule_231x87.jpg?t=1734461136,2012-11-19 00:00:00+00:00,2012,11/19/12
PAINKILLERHELLANDDAMNATION,Painkiller Hell and Damnation,/game/painkiller-hell-and-damnation/,Ze2rhEvf7wEQalYM5nq7xwI4soEsdljAxve0JmshzV8%3D,1,89252,1.99,19.99,1,90.045023,64,Mostly Positive,71,991,214870,1351641600,1789674144,6.8,https://shared.fastly.steamstatic.com/store_item_assets/steam/apps/214870/capsule_231x87.jpg?t=1640256566,2012-10-31 00:00:00+00:00,2012,10/31/12
EDNAANDHARVEYHARVEYSNEWEYES,Edna and Harvey: Harvey's New Eyes,/game/edna-and-harvey-harveys-new-eyes/,MP20gFP2%2B1pizYvVNhA%2FEPIi4mkjnyIe3hRN6yfhLmk%3D,1,93463,1.99,19.99,1,90.045023,75,Very Positive,84,942,219910,1350345600,1790886055,9.3,https://shared.fastly.steamstatic.com/store_item_assets/steam/apps/219910/capsule_231x87.jpg?t=1789468966,2012-10-16 00:00:00+00:00,2012,10/16/12
CHAOSONDEPONIA,Chaos on Deponia,/game/chaos-on-deponia/,pnmef7xhjpt2t5KKGYAZ3LalaEHqw7xIRvzSttFhemI%3D,1,93636,1.99,19.99,1,90.045023,78,Very Positive,84,768,220740,1352160000,1790882665,9.4,https://shared.fastly.steamstatic.com/store_item_assets/steam/apps/220740/capsule_231x87.jpg?t=1789382953,2012-11-06 00:00:00+00:00,2012,11/06/12
SCRIBBLENAUTSUNLIMITED,Scribblenauts Unlimited,/game/scribblenauts-unlimited/,4S5bzQIA2I1WY3YL3KN58v%2BOoq8R4sLjqIYkJvZYt4Q%3D,1,93786,1.99,19.99,1,90.045023,75,Very Positive,93,5360,218680,1353283200,1790882113,9.3,https://shared.fastly.steamstatic.com/store_item_assets/steam/apps/218680/capsule_231x87.jpg?t=1780595362,2012-11-19 00:00:00+00:00,2012,11/19/12
ARMADA2526GOLDEDITION,Armada 2526 Gold Edition,/game/armada-2526-gold-edition/,losAk7Y%2F9Jm3uMAeTrD3o6yjOKRYzk9SvyAm3yXItEg%3D,1,5683,1.99,19.99,1,90.045023,0,Mixed,67,91,229970,1350432000,1790875136,3.6,https://shared.fastly.steamstatic.com/store_item_assets/steam/apps/229970/capsule_231x87.jpg?t=1725032145,2012-10-17 00:00:00+00:00,2012,10/17/12
MAGRUNNERDARKPULSE,Magrunner: Dark Pulse,/game/magrunner-dark-pulse/,2SiwuthREPeNmFTNf8pEsd3tvZXOrCDd0Cg5ZFIOmqI%3D,1,98612,1.99,19.99,1,90.045023,70,Very Positive,80,364,209630,1371686400,1790886738,9.1,https://shared.fastly.steamstatic.com/store_item_assets/steam/apps/209630/capsule_231x87.jpg?t=1787840921,2013-06-20 00:00:00+00:00,2013,06/20/13
ALIENRAGEUNLIMITED,Alien Rage - Unlimited,,0wjjcnwm7J%2FBdeIGbf9PbzR%2BbXhjSy%2FdbSmJ2Cb351s%3D,1,101546,1.99,19.99,1,90.045023,0,Mixed,69,1441,217920,0,1790875149,7.6,https://shared.fastly.steamstatic.com/store_item_assets/steam/apps/217920/capsule_231x87.jpg?t=1692600949,1970-01-01 00:00:00+00:00,1970,01/01/70
SCRIBBLENAUTSUNMASKEDADCCOMICSADVENTURE,Scribblenauts Unmasked: A DC Comics Adventure,/game/scribblenauts-unmasked-a-dc-comics-adventure/,Sb5jKpTN5pK%2F3Zx16SS15OR%2Fd3G0gC82oUpfT1x0xHA%3D,1,101714,1.99,19.99,1,90.045023,68,Very Positive,80,1941,249870,1379980800,1790882485,9.0,https://shared.fastly.steamstatic.com/store_item_assets/steam/apps/249870/capsule_231x87.jpg?t=1780595403,2013-09-24 00:00:00+00:00,2013,09/24/13
DEUSEXHUMANREVOLUTIONDIRECTORSCUT,Deus Ex: Human Revolution - Director's Cut,/game/deus-ex-human-revolution-directors-cut/,HhzMJAgQYGZ%2B%2BFPpBG%2BRFcuUQZJO3KXvlnyYYGwGUfU%3D,1,102249,1.99,19.99,1,90.045023,91,Very Positive,91,13570,238010,1382400000,1789673541,8.5,https://shared.fastly.steamstatic.com/store_item_assets/steam/apps/238010/capsule_231x87.jpg?t=1779722099,2013-10-22 00:00:00+00:00,2013,10/22/13
MURDEREDSOULSUSPECT,Murdered: Soul Suspect,/game/murdered-soul-suspect/,JOWU6CyVCp9aSCXx81oxKbvOK0I%2FwnVsj%2FQCHrnGzrc%3D,1,95943,1.99,19.99,1,90.045023,59,Very Positive,82,4336,233290,1401753600,1790882626,8.7,https://shared.fastly.steamstatic.com/store_item_assets/steam/apps/233290/capsule_231x87.jpg?t=1779983016,2014-06-03 00:00:00+00:00,2014,06/03/14
WATCHDOGS,Watch_Dogs,/game/watch-dogs/,R3uXB4qeQGEqEmnglJas%2FxaCcO49cBlwxH%2FSFXhwHxc%3D,1,107496,1.99,19.99,1,90.045023,77,Mostly Positive,75,20179,243470,1401062400,1789673252,7.4,https://shared.fastly.steamstatic.com/store_item_assets/steam/apps/243470/capsule_231x87.jpg?t=1739177057,2014-05-26 00:00:00+00:00,2014,05/26/14
SPICEROAD,Spice Road,/game/spice-road/,ATkk9euk6v85pt5MENZolz26PtZOGcIxPwSzvOAw1ao%3D,1,102355,1.99,19.99,1,90.045023,0,Mixed,65,58,293960,1384646400,1790875462,3.6,https://shared.fastly.steamstatic.com/store_item_assets/steam/apps/293960/capsule_231x87.jpg?t=1667039145,2013-11-17 00:00:00+00:00,2013,11/17/13
KILLERISDEADNIGHTMAREEDITION,Killer is Dead - Nightmare Edition,/game/pc/killer-is-dead-nightmare-edition,8viFs7wonlEonEvFMXeUsctEh%2FRhQc9rnWYA8tKNWJY%3D,1,109315,1.99,19.99,1,90.045023,71,Mostly Positive,74,1894,261110,1400803200,1790274255,8.1,https://shared.fastly.steamstatic.com/store_item_assets/steam/apps/261110/capsule_231x87.jpg?t=1730389855,2014-05-23 00:00:00+00:00,2014,05/23/14
METROLASTLIGHTREDUX,Metro: Last Light Redux,/game/metro-last-light-redux/,XhuIoeWVY29a9sUD6GO1N8Imy7c6MN06GhWf5F293oE%3D,1,109745,1.99,19.99,1,90.045023,76,Very Positive,88,21243,287390,1408924800,1790881651,9.3,https://shared.fastly.steamstatic.com/store_item_assets/steam/apps/287390/capsule_231x87.jpg?t=1725444535,2014-08-25 00:00:00+00:00,2014,08/25/14
METRO2033REDUX,Metro 2033 Redux,/game/metro-2033-redux/,o35o2DS12hd%2BlYrHgmxPiMry13keOtIO83Cziy6I2l8%3D,1,109746,1.99,19.99,1,90.045023,90,Very Positive,88,29366,286690,1408924800,1790881641,10.0,https://shared.fastly.steamstatic.com/store_item_assets/steam/apps/286690/capsule_231x87.jpg?t=1741110084,2014-08-25 00:00:00+00:00,2014,08/25/14
ENEMYFRONT,Enemy Front,/game/enemy-front/,Fspg32xBalwhl9LeA2pes23vZKqhi%2B%2FAHt00TMmnzG8%3D,1,109726,1.99,19.99,1,90.045023,52,Mixed,61,1384,256190,1402358400,1784831904,0.0,https://shared.fastly.steamstatic.com/store_item_assets/steam/apps/256190/capsule_231x87.jpg?t=1692601016,2014-06-10 00:00:00+00:00,2014,06/10/14
LEGENDSOFPERSIA,Legends of Persia,/game/legends-of-persia/,HP40Le6itveZkNh6BlFsgsVn5qhY6AzADHEXQ%2FMVjBM%3D,1,109018,1.99,19.99,1,90.045023,0,Negative,5,19,301220,1401753600,1790878370,3.6,https://shared.fastly.steamstatic.com/store_item_assets/steam/apps/301220/capsule_231x87.jpg?t=1781884626,2014-06-03 00:00:00+00:00,2014,06/03/14
HOMEFRONT,Homefront,/game/homefront/,jNDIvtZ%2FeKBjnycuMZ8rpPPMEmctQDzK3M%2FbuzWA4VU%3D,1,117182,1.99,19.99,1,90.045023,70,Mixed,63,2256,55100,1300060800,1790273602,8.1,https://shared.fastly.steamstatic.com/store_item_assets/steam/apps/55100/capsule_231x87.jpg?t=1709649918,2011-03-14 00:00:00+00:00,2011,03/14/11
DARKWOOD,Darkwood,/game/darkwood/,qay5h2%2F6Lexy0yBwtKUDybjsvJLt5upFZQg1h26DkjI%3D,1,119305,1.99,19.99,1,90.045023,80,Very Positive,94,10206,274520,1502928000,1790881854,9.5,https://shared.fastly.steamstatic.com/store_item_assets/steam/apps/274520/b2902056c13270bba1d4aba1c91a2cb36beb175e/capsule_231x87.jpg?t=1790845810,2017-08-17 00:00:00+00:00,2017,08/17/17
STYXMASTEROFSHADOWS,Styx: Master of Shadows,/game/styx-master-of-shadows/,PR92khOJp9d9lG4f9bArl%2F6V%2BRjoU%2FlctSWvZUsSZH0%3D,1,127567,1.99,19.99,1,90.045023,71,Very Positive,81,4261,242640,1412640000,1790882149,9.1,https://shared.fastly.steamstatic.com/store_item_assets/steam/apps/242640/capsule_231x87.jpg?t=1778174590,2014-10-07 00:00:00+00:00,2014,10/07/14
DEATHTRAP,Deathtrap,/game/pc/deathtrap,PPTlgVPPWKDTOT8SdwHtb6NQizAesvfm0E13BXls%2Ft8%3D,1,134516,1.99,19.99,1,90.045023,77,Very Positive,84,1861,310510,1423008000,1790886035,9.4,https://shared.fastly.steamstatic.com/store_item_assets/steam/apps/310510/capsule_231x87.jpg?t=1618303780,2015-02-04 00:00:00+00:00,2015,02/04/15
THISWAROFMINE,This War of Mine,/game/this-war-of-mine/,9SmMh7Ht%2FEZvHMlMgrqRnQeGZCeIgThhOqSBjK0J6Xs%3D,1,136930,1.99,19.99,1,90.045023,83,Very Positive,92,23071,282070,1415923200,1790881833,9.7,https://shared.fastly.steamstatic.com/store_item_assets/steam/apps/282070/2d8bb6908a236a5b129a2445dcc1cab37d0f7a47/capsule_231x87.jpg?t=1784897997,2014-11-14 00:00:00+00:00,2014,11/14/14
MORDHEIMCITYOFTHEDAMNED,Mordheim: City of the Damned,/game/mordheim-city-of-the-damned/,d7qu6rU0j8HvFxBS6NrlM8PdWjD9zYYeX0LqcK3yGAw%3D,1,140084,1.99,19.99,1,90.045023,74,Mostly Positive,71,4769,276810,1447891200,1790882070,9.2,https://shared.fastly.steamstatic.com/store_item_assets/steam/apps/276810/capsule_231x87.jpg?t=1726153222,2015-11-19 00:00:00+00:00,2015,11/19/15
GALACTICINHERITORS,Galactic Inheritors,/game/galactic-inheritors/,P%2B6%2BiUI2Xdnh87eVWIrhwMe81s2vUyI6i78KG3ucu0A%3D,1,141521,1.99,19.99,1,90.045023,0,Mostly Negative,36,47,322540,1433808000,1790878288,3.6,https://shared.fastly.steamstatic.com/store_item_assets/steam/apps/322540/capsule_231x87.jpg?t=1781884631,2015-06-09 00:00:00+00:00,2015,06/09/15
SOLARIX,Solarix,/game/solarix-2014/,sV6g5kWZjqfj8tmsZt1FTGD2bTloREkbwYVpblQ0h0I%3D,1,143240,1.99,19.99,1,90.045023,47,Mixed,60,218,284990,1430352000,1790875318,8.4,https://shared.fastly.steamstatic.com/store_item_assets/steam/apps/284990/capsule_231x87.jpg?t=1713359536,2015-04-30 00:00:00+00:00,2015,04/30/15
MIGHTYNO9,Mighty No. 9,/game/mighty-no-9/,G3TYM5%2Btry%2FzsunFw66Gc7ngdO6oRP85wLSLO9OWAi4%3D,1,144218,1.99,19.99,1,90.045023,52,Mixed,57,1955,314710,1466467200,1789676882,6.5,https://shared.fastly.steamstatic.com/store_item_assets/steam/apps/314710/capsule_231x87.jpg?t=1608197459,2016-06-21 00:00:00+00:00,2016,06/21/16
LETHISPATHOFPROGRESS,Lethis - Path of Progress,/game/lethis-path-of-progress/,NskIxzvC79dfWV%2BT9MALYCBn6m2XrXZX96nCMzo2cBg%3D,1,144603,1.99,19.99,1,90.045023,65,Mixed,67,1103,359230,1435190400,1790875290,8.9,https://shared.fastly.steamstatic.com/store_item_assets/steam/apps/359230/capsule_231x87.jpg?t=1572359819,2015-06-25 00:00:00+00:00,2015,06/25/15
ANNASQUEST,Anna's Quest,/game/annas-quest/,zgFQUGdIa5iYwlAKHRBIa63IGK1gq8Yb%2FwNa14gNIZM%3D,1,144487,1.99,19.99,1,90.045023,74,Very Positive,87,1833,327220,1435795200,1790886567,9.2,https://shared.fastly.steamstatic.com/store_item_assets/steam/apps/327220/capsule_231x87.jpg?t=1789475103,2015-07-02 00:00:00+00:00,2015,07/02/15
CERES,Ceres,/game/ceres/,2%2BbJ4IaaSJKyBdaAbFWkCgmo1AvPl%2B7360cVp302kMw%3D,1,146554,1.99,19.99,1,90.045023,0,Mixed,51,130,351300,1611273600,1790875462,7.6,https://shared.fastly.steamstatic.com/store_item_assets/steam/apps/351300/capsule_231x87.jpg?t=1772800834,2021-01-22 00:00:00+00:00,2021,01/22/21
HARDWEST,Hard West,/game/hard-west/,jkOQOyfUzv6U%2BmOIkjo4iqovuhOgweRnUSGF5dPPksE%3D,1,146570,1.99,19.99,1,90.045023,73,Mostly Positive,73,2235,307670,1447804800,1790886638,9.2,https://shared.fastly.steamstatic.com/store_item_assets/steam/apps/307670/capsule_231x87.jpg?t=1710326919,2015-11-18 00:00:00+00:00,2015,11/18/15
REBELGALAXY,Rebel Galaxy,/game/rebel-galaxy/,rjFfmB%2B4pD8QDMeyZ6wjevCM6MZK0PL6OPc3y7JmIkU%3D,1,144886,1.99,19.99,1,90.045023,75,Very Positive,86,5315,290300,1445299200,1790882546,9.3,https://shared.fastly.steamstatic.com/store_item_assets/steam/apps/290300/capsule_231x87.jpg?t=1778077786,2015-10-20 00:00:00+00:00,2015,10/20/15
DANGANRONPATRIGGERHAPPYHAVOC,Danganronpa: Trigger Happy Havoc,/game/dangan-ronpa/,lMtY0R6kMmi9fptR%2BpxqdNSfQrawvkrTjt04NcwU6uo%3D,1,150053,1.99,19.99,1,90.045023,82,Overwhelmingly Positive,95,17713,413410,1455753600,1790881580,9.7,https://shared.fastly.steamstatic.com/store_item_assets/steam/apps/413410/capsule_231x87.jpg?t=1781085607,2016-02-18 00:00:00+00:00,2016,02/18/16
TRULONTHESHADOWENGINE,Trulon: The Shadow Engine,/game/trulon-the-shadow-engine/,kxviNstinjtG1j2%2BWhoUES1QJjUn2Bu7WYro9m%2F%2Bzow%3D,1,150616,1.99,19.99,1,90.045023,0,Mixed,57,35,433840,1456790400,1790875682,3.6,https://shared.fastly.steamstatic.com/store_item_assets/steam/apps/433840/capsule_231x87.jpg?t=1717663252,2016-03-01 00:00:00+00:00,2016,03/01/16
HOMEFRONTTHEREVOLUTION,Homefront: The Revolution,/game/homefront-the-revolution/,W%2Bm2WmscUOMevYJE9hgF1WYgTFIfKZ0OOhLXd10Z40Y%3D,1,150617,1.99,19.99,1,90.045023,54,Mixed,68,5156,223100,1463443200,1790273356,7.6,https://shared.fastly.steamstatic.com/store_item_assets/steam/apps/223100/capsule_231x87.jpg?t=1614763860,2016-05-17 00:00:00+00:00,2016,05/17/16
DEPONIADOOMSDAY,Deponia Doomsday,/game/deponia-doomsday/,JlkkbcPiJJv%2FUZQ6ZbaF7VnOMSbQntUcmjH39fS8b90%3D,1,150170,1.99,19.99,1,90.045023,76,Very Positive,80,962,421050,1456790400,1790882930,9.3,https://shared.fastly.steamstatic.com/store_item_assets/steam/apps/421050/capsule_231x87.jpg?t=1789475469,2016-03-01 00:00:00+00:00,2016,03/01/16
MASSIVE,Massive,/game/massive/,t9dCQo0xp%2BqAkS4Ui6jzfIcV9KShmxrE3EQwaB2eASM%3D,1,151724,1.99,19.99,1,90.045023,0,Mostly Negative,30,42,461400,1596585600,1790878329,3.6,https://shared.fastly.steamstatic.com/store_item_assets/steam/apps/461400/capsule_231x87.jpg?t=1711257954,2020-08-05 00:00:00+00:00,2020,08/05/20
DEADISLANDDEFINITIVEEDITION,Dead Island Definitive Edition,/game/dead-island-definitive-edition/,0R5SkqoEZ8CfXmi8ngL6mhbGGZqrjyKCS9qK7JX%2Fg8M%3D,1,152467,1.99,19.99,1,90.045023,0,Very Positive,81,9552,383150,1464652800,1790881832,7.6,https://shared.fastly.steamstatic.com/store_item_assets/steam/apps/383150/capsule_231x87.jpg?t=1725361899,2016-05-31 00:00:00+00:00,2016,05/31/16
DEADISLANDRIPTIDEDEFINITIVEEDITION,Dead Island Riptide Definitive Edition,/game/dead-island-riptide-definitive-edition/,PKgOAZuGu4xcJbIhLW5YrvGyeN0tOE%2F8DvHnGVX8JRs%3D,1,152468,1.99,19.99,1,90.045023,0,Mostly Positive,73,2519,383180,1464652800,1790882162,7.6,https://shared.fastly.steamstatic.com/store_item_assets/steam/apps/383180/capsule_231x87.jpg?t=1725362483,2016-05-31 00:00:00+00:00,2016,05/31/16
HARDRESETREDUX,Hard Reset Redux,/game/hard-reset-redux/,9F7WGPCCLf7k%2B2uqxGh0NSXkqLh9wY%2FZ6KMaHfRE7tQ%3D,1,153146,1.99,19.99,1,90.045023,73,Very Positive,81,1890,407810,1464912000,1790883129,9.2,https://shared.fastly.steamstatic.com/store_item_assets/steam/apps/407810/capsule_231x87.jpg?t=1710326784,2016-06-03 00:00:00+00:00,2016,06/03/16
HACKEREVOLUTIONIMMERSION,Hacker Evolution IMMERSION,,ZLyFmJwyr9QfIyRNv1Y5%2BW9G%2FxbwLJhKlz6%2BAbs4lww%3D,1,155390,1.99,19.99,1,90.045023,0,Mostly Negative,25,12,229560,0,1790878167,3.6,https://shared.fastly.steamstatic.com/store_item_assets/steam/apps/229560/capsule_231x87.jpg?t=1789896021,1970-01-01 00:00:00+00:00,1970,01/01/70
SNIPERGHOSTWARRIOR3,Sniper: Ghost Warrior 3,/game/sniper-ghost-warrior-3/,JLpk%2FGHNAf4U2H8hD7ItgUraayjkWZqadYAGgj3vkXg%3D,1,157026,1.99,19.99,1,90.045023,59,Mixed,68,4482,368070,1492992000,1790882543,8.7,https://shared.fastly.steamstatic.com/store_item_assets/steam/apps/368070/capsule_231x87.jpg?t=1728377817,2017-04-24 00:00:00+00:00,2017,04/24/17
GUNBROTHERS,Gun Brothers,/game/gun-brothers/,AEYVo%2BnOQeK5gU4EIURvxZfMsRadGwAH86pW%2FK8Naw4%3D,1,157596,1.99,19.99,1,90.045023,0,Mostly Negative,27,72,514410,1471478400,1790878288,3.6,https://shared.fastly.steamstatic.com/store_item_assets/steam/apps/514410/capsule_231x87.jpg?t=1711257963,2016-08-18 00:00:00+00:00,2016,08/18/16
WINDSCAPE,Windscape,/game/windscape/,jmVnsaAVzXiROiQ3%2FtNNyDkU2QZZk6Vf3mbak1XeNdc%3D,1,158158,1.99,19.99,1,90.045023,0,Mixed,62,170,363950,1553644800,1790875700,7.6,https://shared.fastly.steamstatic.com/store_item_assets/steam/apps/363950/capsule_231x87.jpg?t=1717595156,2019-03-27 00:00:00+00:00,2019,03/27/19
SLAYERSHOCK,Slayer Shock,/game/slayer-shock/,ahhjiEgzoIbMCdxNJo9KlBSo0igJYBhkky3rmxvQmzQ%3D,1,159374,1.99,19.99,1,90.045023,0,Mixed,56,95,501860,1475107200,1790878111,3.6,https://shared.fastly.steamstatic.com/store_item_assets/steam/apps/501860/capsule_231x87.jpg?t=1593149706,2016-09-29 00:00:00+00:00,2016,09/29/16
SUPERDUNGEONBROS,Super Dungeon Bros,/game/super-dungeon-bros/,lvPQCr6Kq9naHKiVaRbRQIFhjNnCPbTzAaONOQ8eqc4%3D,1,161426,1.99,19.99,1,90.045023,0,Mostly Negative,37,53,306000,1477958400,1790878346,3.6,https://shared.fastly.steamstatic.com/store_item_assets/steam/apps/306000/capsule_231x87.jpg?t=1747926429,2016-11-01 00:00:00+00:00,2016,11/01/16
SILENCE,Silence,/game/pc/silence,j9ttjB3kf8iqS343AcHdshY%2B1aeu8u2u29ZjYXqbSbE%3D,1,158510,1.99,19.99,1,90.045023,0,Very Positive,82,1846,314790,1479168000,1790886409,7.6,https://shared.fastly.steamstatic.com/store_item_assets/steam/apps/314790/capsule_231x87.jpg?t=1789475643,2016-11-15 00:00:00+00:00,2016,11/15/16
SERIOUSSAMVRTHEFIRSTENCOUNTER,Serious Sam VR: The First Encounter,/game/serious-sam-vr-the-first-encounter/,%2B67w8IWIBsTIE9yRnBuNBxr9OWX%2BXdmpWOYLYTBGU2Q%3D,1,164366,1.99,19.99,1,90.045023,0,Very Positive,87,711,552450,1490832000,1790886137,7.6,https://shared.fastly.steamstatic.com/store_item_assets/steam/apps/552450/capsule_231x87.jpg?t=1569336466,2017-03-30 00:00:00+00:00,2017,03/30/17
THEHUNTERCALLOFTHEWILD,theHunter: Call of the Wild,/game/thehunter-call-of-the-wild/,vT86cMO3uak%2Bnr%2BrwsFaJSKg8a2wgoc2gli9QxRE3X8%3D,1,165631,1.99,19.99,1,90.045023,64,Very Positive,89,75888,518790,1487203200,1790881424,8.8,https://shared.fastly.steamstatic.com/store_item_assets/steam/apps/518790/457262d56ca2b06989eeadcdef4167c211a0d5af/capsule_231x87_alt_assets_28.jpg?t=1789470014,2017-02-16 00:00:00+00:00,2017,02/16/17
BRAWLOUT,Brawlout,/game/brawlout/,HkWx2RGegfxFs3iTvNkNM%2FG6adxJxi6IURSN8N2hV2g%3D,1,168322,1.99,19.99,1,90.045023,0,Mostly Positive,74,525,263720,1534723200,1790886907,7.6,https://shared.fastly.steamstatic.com/store_item_assets/steam/apps/263720/capsule_231x87.jpg?t=1745520214,2018-08-20 00:00:00+00:00,2018,08/20/18
ZOMBIERIOT,Zombie Riot,/game/zombie-riot/,X7jaM%2F%2Byq7jKx%2FIKIbcfn%2BoiOGw8ZZVZuQA%2FgF4cTuk%3D,1,169228,1.99,19.99,1,90.045023,0,Mostly Positive,76,88,639460,1480636800,1789667304,1.6,https://shared.fastly.steamstatic.com/store_item_assets/steam/apps/639460/capsule_231x87.jpg?t=1683770507,2016-12-02 00:00:00+00:00,2016,12/02/16
MXGP3THEOFFICIALMOTOCROSSVIDEOGAME,MXGP3 - The Official Motocross Videogame,/game/mxgp3-the-official-motocross-videogame/,0tKf%2BkJA1JCxshla18s65GBu4hISiyil45wi%2Botu2hQ%3D,1,169721,1.99,19.99,1,90.045023,0,Very Positive,86,1034,561600,1496102400,1790882693,7.6,https://shared.fastly.steamstatic.com/store_item_assets/steam/apps/561600/capsule_231x87.jpg?t=1728479061,2017-05-30 00:00:00+00:00,2017,05/30/17
TROPICO3,Tropico 3,/game/tropico-3/,rR7LqIwS6jZ0raFEXU577MgqK7CyWi%2Ff01OEPw6oHes%3D,1,2987,1.99,19.99,1,90.045023,79,Very Positive,90,843,23490,1255996800,1790883128,9.5,https://shared.fastly.steamstatic.com/store_item_assets/steam/apps/23490/capsule_231x87.jpg?t=1755702268,2009-10-20 00:00:00+00:00,2009,10/20/09
LETTERROOTLETTER,Letter - Root Letter -,,Kkh0KO0cxwp6eIcz3S0t%2BZIQH4y8aLaOOqVCjDX7gkc%3D,1,170682,1.99,19.99,1,90.045023,0,Mostly Positive,77,554,543240,0,1789665491,5.6,https://shared.fastly.steamstatic.com/store_item_assets/steam/apps/543240/capsule_231x87.jpg?t=1700020104,1970-01-01 00:00:00+00:00,1970,01/01/70
UNDEADSOULS,Undead Souls,/game/pc/undead-souls,kYocQuoJwgOQU0o9q3yqUG4M3OlXUr9lIwHtef3QrAI%3D,1,171890,1.99,19.99,1,90.045023,0,Negative,9,11,667170,1502323200,1790878362,3.6,https://shared.fastly.steamstatic.com/store_item_assets/steam/apps/667170/capsule_231x87.jpg?t=1711257915,2017-08-10 00:00:00+00:00,2017,08/10/17
KENFOLLETTSTHEPILLARSOFTHEEARTH,Ken Follett's The Pillars of the Earth,/game/ken-folletts-the-pillars-of-the-earth/,nNrTCLD%2BZx85p1jM2qNEakFiEXaeuqbJtxEiJbM9AyI%3D,1,172014,1.99,19.99,1,90.045023,78,Very Positive,92,1731,234270,1502755200,1790882690,9.4,https://shared.fastly.steamstatic.com/store_item_assets/steam/apps/234270/capsule_231x87.jpg?t=1789476278,2017-08-15 00:00:00+00:00,2017,08/15/17
HOVER,Hover,/game/hover/,8nLGXoCWKGjsm9gVDc8fFMLJNtKYAA%2BOkq9wOlyKxAY%3D,1,172704,1.99,19.99,1,90.045023,69,Very Positive,81,1535,280180,1428278400,1790882963,9.0,https://shared.fastly.steamstatic.com/store_item_assets/steam/apps/280180/capsule_231x87.jpg?t=1726215631,2015-04-06 00:00:00+00:00,2015,04/06/15
RUINER,RUINER,/game/ruiner/,%2FeyQAzTPH1qgJpOkX7AGJ7k%2FPqvcTbfpyDSODLLPELI%3D,1,173034,1.99,19.99,1,90.045023,75,Very Positive,89,4763,464060,1506384000,1790882050,9.3,https://shared.fastly.steamstatic.com/store_item_assets/steam/apps/464060/capsule_231x87.jpg?t=1789052609,2017-09-26 00:00:00+00:00,2017,09/26/17
THEINNERWORLDTHELASTWINDMONK,The Inner World - The Last Wind Monk,/game/the-inner-world-the-last-wind-monk/,Wa5qiz7qG5nJuDKq5uViAywtw8kcM95uODQ96RKRb3Q%3D,1,174381,1.99,19.99,1,90.045023,79,Very Positive,88,459,613470,1508457600,1790886293,9.5,https://shared.fastly.steamstatic.com/store_item_assets/steam/apps/613470/capsule_231x87.jpg?t=1717679611,2017-10-20 00:00:00+00:00,2017,10/20/17
HOLLOW,Hollow,/game/pc/hollow,eNE0vJm3UHXiejdvJH9A2JRBXbyCusNDQQ7yCICcP8M%3D,1,175380,1.99,19.99,1,90.045023,0,Mostly Negative,36,236,590970,1510790400,1790878285,7.6,https://shared.fastly.steamstatic.com/store_item_assets/steam/apps/590970/capsule_231x87.jpg?t=1775046567,2017-11-16 00:00:00+00:00,2017,11/16/17
INNERSPACE,InnerSpace,/game/innerspace/,XaIYtau0RY%2FxkkUqA%2B3g%2BAb%2FgpM09VineGoiwcx%2F818%3D,1,176917,1.99,19.99,1,90.045023,65,Mixed,64,173,347000,1516060800,1790875429,8.9,https://shared.fastly.steamstatic.com/store_item_assets/steam/apps/347000/capsule_231x87.jpg?t=1680629656,2018-01-16 00:00:00+00:00,2018,01/16/18
FULLMETALFURIES,Full Metal Furies,/game/full-metal-furies/,9aJ9UjjMnXoHtJv0mJo4jE2nw8YSK%2BaievwDOenqlyE%3D,1,177226,1.99,19.99,1,90.045023,85,Very Positive,90,1001,416600,1516147200,1790882816,9.9,https://shared.fastly.steamstatic.com/store_item_assets/steam/apps/416600/capsule_231x87.jpg?t=1689347261,2018-01-17 00:00:00+00:00,2018,01/17/18
GIANTMACHINES2017,Giant Machines 2017,/game/giant-machines-2017/,dz07W8fwl%2BuS%2FLpLxvJDQFPG0phy4dQN%2BJoJRGsetB8%3D,1,159299,1.99,19.99,1,90.045023,0,Mixed,68,460,402750,1475107200,1790616971,7.1,https://shared.fastly.steamstatic.com/store_item_assets/steam/apps/402750/capsule_231x87.jpg?t=1785915748,2016-09-29 00:00:00+00:00,2016,09/29/16
LEGRANDLEGACYTALEOFTHEFATEBOUNDS,LEGRAND LEGACY: Tale of the Fatebounds,/game/legrand-legacy-tale-of-the-fatebounds/,Zp80doz8MuxTKsjmq9K4cNJKYWgNTcqMuC6SZmvjDus%3D,1,176987,1.99,19.99,1,90.045023,67,Mixed,67,300,556740,1516752000,1790874611,8.9,https://shared.fastly.steamstatic.com/store_item_assets/steam/apps/556740/capsule_231x87.jpg?t=1779872027,2018-01-24 00:00:00+00:00,2018,01/24/18
MONSTERENERGYSUPERCROSSTHEOFFICIALVIDEOGAME,Monster Energy Supercross - The Official Videogame,/game/monster-energy-supercross-the-official-videogame/,7rjapnF6jWXfoP70IETX7ItFIwFVtqDngwWQNZWIxhw%3D,1,177711,1.99,19.99,1,90.045023,0,Very Positive,84,817,711750,1518480000,1790882751,7.6,https://shared.fastly.steamstatic.com/store_item_assets/steam/apps/711750/capsule_231x87.jpg?t=1728478691,2018-02-13 00:00:00+00:00,2018,02/13/18
GRAVEL,Gravel,/game/gravel/,ZMaQbyDTgDkL%2FsYanubVW5ttRQHa042McZBOd5Elhmk%3D,1,177710,1.99,19.99,1,90.045023,62,Mostly Positive,77,1135,558260,1519689600,1790883131,8.8,https://shared.fastly.steamstatic.com/store_item_assets/steam/apps/558260/capsule_231x87.jpg?t=1728478622,2018-02-27 00:00:00+00:00,2018,02/27/18
MULAKA,Mulaka,/game/mulaka/,e0yAWjbyQgMUald1rqvCm1VeeuCu3HKwZdKmyN2cK9M%3D,1,178602,1.99,19.99,1,90.045023,67,Very Positive,91,171,623640,1519689600,1790886595,8.9,https://shared.fastly.steamstatic.com/store_item_assets/steam/apps/623640/capsule_231x87.jpg?t=1584052040,2018-02-27 00:00:00+00:00,2018,02/27/18
WHERETHEWATERTASTESLIKEWINE,Where The Water Tastes Like Wine,/game/where-the-water-tastes-like-wine/,HBYy4S2MNCbuBo6U6LynlUGHE7HJfwAJspdzhlxqfFI%3D,1,178635,1.99,19.99,1,90.045023,74,Mostly Positive,76,1427,447120,1519776000,1790886051,9.2,https://shared.fastly.steamstatic.com/store_item_assets/steam/apps/447120/capsule_231x87.jpg?t=1599638565,2018-02-28 00:00:00+00:00,2018,02/28/18
FEAREFFECTSEDNA,Fear Effect: Sedna,/game/fear-effect-sedna/,R203TsrKNES%2Bwbo5EJ%2FdLzdydx1LlseAJViTVNiTDfQ%3D,1,178718,1.99,19.99,1,90.045023,42,Mixed,43,149,546900,1520294400,1790883129,8.3,https://shared.fastly.steamstatic.com/store_item_assets/steam/apps/546900/capsule_231x87.jpg?t=1775044665,2018-03-06 00:00:00+00:00,2018,03/06/18
WINDSOFCHANGE,Winds of Change,/game/pc/winds-of-change,FgJB58yTlOi0r0ls3yNoipXcmbnXSRLpkDRiK7dyqRo%3D,1,182632,1.99,19.99,1,90.045023,74,Overwhelmingly Positive,95,553,594130,1566345600,1790273856,8.2,https://shared.fastly.steamstatic.com/store_item_assets/steam/apps/594130/capsule_231x87.jpg?t=1754871912,2019-08-21 00:00:00+00:00,2019,08/21/19
DEADINVINLAND,Dead in Vinland,/game/dead-in-vinland/,43fuA0VMLk1WHVAmQAhfwpX1dbe5e%2FHuLwVh2SYSHV0%3D,1,182893,1.99,19.99,1,90.045023,74,Mostly Positive,78,1176,573120,1523491200,1790886339,9.2,https://shared.fastly.steamstatic.com/store_item_assets/steam/apps/573120/capsule_231x87.jpg?t=1771540219,2018-04-12 00:00:00+00:00,2018,04/12/18
STATEOFMIND,State of Mind,/game/state-of-mind/,h8EdSFABC1uCFGHfpP9wSYq3eR4%2F2AvGa%2BRwDt1Kg9s%3D,1,163161,1.99,19.99,1,90.045023,69,Mostly Positive,76,1549,437630,1534291200,1790886834,9.0,https://shared.fastly.steamstatic.com/store_item_assets/steam/apps/437630/capsule_231x87.jpg?t=1789476441,2018-08-15 00:00:00+00:00,2018,08/15/18
YOKUSISLANDEXPRESS,Yoku's Island Express,/game/yokus-island-express/,3oI2r%2FeoOlMHTR4SAFaFVVRnuQmbD2BPX6VPVE90qGo%3D,1,186651,1.99,19.99,1,90.045023,84,Overwhelmingly Positive,96,1855,334940,1527552000,1790882309,9.8,https://shared.fastly.steamstatic.com/store_item_assets/steam/apps/334940/capsule_231x87.jpg?t=1763040310,2018-05-29 00:00:00+00:00,2018,05/29/18
FORGOTTONANNE,Forgotton Anne,/game/forgotton-anne/,HM8Y4VsVxEAiNiDOW%2BXfn%2FK3WsXkHL21iPuDg4D5SVg%3D,1,187049,1.99,19.99,1,90.045023,76,Very Positive,89,1651,542050,1526342400,1790883128,9.3,https://shared.fastly.steamstatic.com/store_item_assets/steam/apps/542050/capsule_231x87.jpg?t=1781684778,2018-05-15 00:00:00+00:00,2018,05/15/18
MACHIAVILLAIN,MachiaVillain,/game/machiavillain/,f1p5ekdXhMSUdrFIEWmEM%2FR0zr180v%2FUKeeDWA%2BDob8%3D,1,187126,1.99,19.99,1,90.045023,65,Mixed,64,723,555510,1526428800,1790875127,8.9,https://shared.fastly.steamstatic.com/store_item_assets/steam/apps/555510/capsule_231x87.jpg?t=1572630276,2018-05-16 00:00:00+00:00,2018,05/16/18
MOONLIGHTER,Moonlighter,/game/moonlighter/,nxrnYZPQ%2FN2XroxyYO%2BYENVy02e6q79T49455V4OJ1I%3D,1,187019,1.99,19.99,1,90.045023,74,Very Positive,80,7296,606150,1527552000,1790881860,9.2,https://shared.fastly.steamstatic.com/store_item_assets/steam/apps/606150/0ce5d10f8dfca4114ddc7579f1edc0e700bd3deb/capsule_231x87.jpg?t=1790860598,2018-05-29 00:00:00+00:00,2018,05/29/18
AIRPORTSIMULATOR2019,Airport Simulator 2019,/game/airport-simulator-2019/,GBXiYn7frrVGaZMan9Du%2FKspCHqG%2FazxR7gbfdAVssE%3D,1,187799,1.99,19.99,1,90.045023,0,Mostly Negative,24,116,678890,1527724800,1790878168,7.6,https://shared.fastly.steamstatic.com/store_item_assets/steam/apps/678890/capsule_231x87.jpg?t=1728936999,2018-05-31 00:00:00+00:00,2018,05/31/18
MXGPPRO,MXGP PRO,/game/mxgp-pro/,0RTNQzicK3TLERNWF%2F8tb26m%2Fcnl3dQ80ThacRzIwMc%3D,1,188927,1.99,19.99,1,90.045023,0,Very Positive,85,948,798290,1531180800,1790882650,7.6,https://shared.fastly.steamstatic.com/store_item_assets/steam/apps/798290/capsule_231x87.jpg?t=1728478979,2018-07-10 00:00:00+00:00,2018,07/10/18
DANGERZONE2,Danger Zone 2,/game/danger-zone-2/,jtQmGzEO2X%2FmkQtIv0STb1SbM%2FaAaFFcSCAOSbnBls8%3D,1,189517,1.99,19.99,1,90.045023,0,Mixed,59,87,513690,1531353600,1790875119,3.6,https://shared.fastly.steamstatic.com/store_item_assets/steam/apps/513690/capsule_231x87.jpg?t=1765213271,2018-07-12 00:00:00+00:00,2018,07/12/18
THELONGESTFIVEMINUTES,The Longest Five Minutes,/game/the-longest-five-minutes/,ygo5LiNXnaw8j9pHZfLfe6TkPd%2FGKdYWxESdbAkCQ%2Bw%3D,1,178129,1.99,19.99,1,90.045023,0,Mixed,69,42,504110,1518480000,1790875237,3.6,https://shared.fastly.steamstatic.com/store_item_assets/steam/apps/504110/4f176973574ba8a9e882a929caf2c8c9171251a2/capsule_231x87.jpg?t=1732665311,2018-02-13 00:00:00+00:00,2018,02/13/18
FLIPPINGDEATH,Flipping Death,/game/flipping-death/,dx2BJM9Bdlh0Kzf9owxlOJgfH4L6yeU%2F0%2ByY1bQzBEs%3D,1,190701,1.99,19.99,1,90.045023,75,Very Positive,89,224,626660,1533513600,1790886370,9.3,https://shared.fastly.steamstatic.com/store_item_assets/steam/apps/626660/capsule_231x87.jpg?t=1587728311,2018-08-06 00:00:00+00:00,2018,08/06/18
FURYUNLEASHED,Fury Unleashed,/game/fury-unleashed/,zgKPO0K0tU4PNWWCa%2BcMUDK1j6FnXB5G07rtN2WxUS8%3D,1,190964,1.99,19.99,1,90.045023,79,Very Positive,88,617,465200,1588896000,1790882829,9.5,https://shared.fastly.steamstatic.com/store_item_assets/steam/apps/465200/capsule_231x87.jpg?t=1773911906,2020-05-08 00:00:00+00:00,2020,05/08/20
AGEOFGLADIATORSIIROME,Age of Gladiators II: Rome,/game/age-of-gladiators-ii-rome/,R5SqWz3c%2F6wfaHaOrcdKqnnO3TyC9CwFKs8l7p%2BSvWE%3D,1,191229,1.99,19.99,1,90.045023,0,Mixed,66,273,783590,1534809600,1790874408,7.6,https://shared.fastly.steamstatic.com/store_item_assets/steam/apps/783590/capsule_231x87.jpg?t=1742987174,2018-08-21 00:00:00+00:00,2018,08/21/18
DILUVIONRESUBMERGED,Diluvion: Resubmerged,/game/diluvion-resubmerged/,wjDEkmWpC2hGcTssHsFJHW68N5u7BS4sAPmmwpM%2BSTo%3D,1,192834,1.99,19.99,1,90.045023,0,Mixed,61,1034,446790,1538092800,1790875252,7.6,https://shared.fastly.steamstatic.com/store_item_assets/steam/apps/446790/capsule_231x87.jpg?t=1710653365,2018-09-28 00:00:00+00:00,2018,09/28/18
KURSK,KURSK,/game/kursk/,l28k%2FL1qZYib4GxX8Z8xiQP1gt6wcH8N8T324sQdTfQ%3D,1,189499,1.99,19.99,1,90.045023,42,Mixed,47,444,860620,1541548800,1790875016,8.3,https://shared.fastly.steamstatic.com/store_item_assets/steam/apps/860620/capsule_231x87.jpg?t=1789557768,2018-11-07 00:00:00+00:00,2018,11/07/18
ZENGEON,(Zengeon),/game/zengeon/,dxiJqM6EPqNitDMn9eDsR2W184oZGvPQBnND2hEhYSY%3D,1,197252,1.99,19.99,1,90.045023,0,Mixed,66,1228,1000080,1561334400,1790874600,7.6,https://shared.fastly.steamstatic.com/store_item_assets/steam/apps/1000080/capsule_231x87.jpg?t=1750919361,2019-06-24 00:00:00+00:00,2019,06/24/19
PROFUNDUM,Profundum,/game/profundum/,woTVrge5MsXLjSWe3xBwStqLK%2BaiorDtKwPC7sV%2Fcfw%3D,1,197264,1.99,19.99,1,90.045023,0,Mixed,52,17,979740,1547769600,1790875660,3.6,https://shared.fastly.steamstatic.com/store_item_assets/steam/apps/979740/capsule_231x87.jpg?t=1611828458,2019-01-18 00:00:00+00:00,2019,01/18/19
MONSTERENERGYSUPERCROSSTHEOFFICIALVIDEOGAME2,Monster Energy Supercross - The Official Videogame 2,/game/monster-energy-supercross-the-official-videogame-2/,cdJntIN84g4dRo3rqt8izoxL1Xg%2FL2uOcACwHEmAjfI%3D,1,198417,1.99,19.99,1,90.045023,80,Very Positive,86,600,882020,1549584000,1790886108,9.5,https://shared.fastly.steamstatic.com/store_item_assets/steam/apps/882020/capsule_231x87.jpg?t=1728478491,2019-02-08 00:00:00+00:00,2019,02/08/19
DEGREESOFSEPARATION,Degrees of Separation,/game/degrees-of-separation/,fEeuNRFNpsitieSkTdeU53Yfi5qwRsAI9VW%2BsxPT1XU%3D,1,198558,1.99,19.99,1,90.045023,74,Mostly Positive,79,1015,809880,1550016000,1790882868,9.2,https://shared.fastly.steamstatic.com/store_item_assets/steam/apps/809880/capsule_231x87.jpg?t=1725491303,2019-02-13 00:00:00+00:00,2019,02/13/19
RADRODGERSRADICALEDITION,Rad Rodgers Radical Edition,,vTHqTq7f0fFoMjiC8KJkB%2Ft%2B0zPzyXMvfpt%2B6UIHNCM%3D,1,198953,1.99,19.99,1,90.045023,0,Mixed,62,99,805660,0,1790878075,3.6,https://shared.fastly.steamstatic.com/store_item_assets/steam/apps/805660/8d8bad45e61274d1dd6c8c68d396f234d7f14051/capsule_231x87.jpg?t=1790159312,1970-01-01 00:00:00+00:00,1970,01/01/70
ETERNITYTHELASTUNICORN,Eternity: The Last Unicorn,/game/eternity-the-last-unicorn/,BOypKW9qg1pP5OavWVRUNfd5pcCIiHZpRNC1kdt5aRI%3D,1,198865,1.99,19.99,1,90.045023,39,Mostly Negative,39,104,714250,1551744000,1790878351,8.3,https://shared.fastly.steamstatic.com/store_item_assets/steam/apps/714250/capsule_231x87.jpg?t=1789564094,2019-03-05 00:00:00+00:00,2019,03/05/19
CRYOFALL,CryoFall,/game/cryofall/,3b1FomJZOGHAbkq7sMmPyF2XU4Sw5p%2FvAP6FQt%2BMh%2Bo%3D,1,200278,1.99,19.99,1,90.045023,0,Mostly Positive,74,1587,829590,1619654400,1790886400,7.6,https://shared.fastly.steamstatic.com/store_item_assets/steam/apps/829590/capsule_231x87.jpg?t=1789476949,2021-04-29 00:00:00+00:00,2021,04/29/21
DARKDEVOTION,Dark Devotion,/game/dark-devotion/,TUIHJd%2BNgvXRWu3%2BKzsgC3i6Pnw6OX1C0quqnb2%2F%2BoQ%3D,1,198423,1.99,19.99,1,90.045023,72,Mostly Positive,74,1929,718590,1556150400,1790886105,9.1,https://shared.fastly.steamstatic.com/store_item_assets/steam/apps/718590/capsule_231x87.jpg?t=1738773189,2019-04-25 00:00:00+00:00,2019,04/25/19
DEEPDIVINGSIMULATOR,Deep Diving Simulator,/game/pc/deep-diving-simulator,WyWvjwkCiSoofOvOTq9v%2BXaABHlm6WvXRXRDOs1JNVY%3D,1,201937,1.99,19.99,1,90.045023,0,Mixed,62,98,990030,1558915200,1790875162,3.6,https://shared.fastly.steamstatic.com/store_item_assets/steam/apps/990030/capsule_231x87.jpg?t=1770388050,2019-05-27 00:00:00+00:00,2019,05/27/19
TOKI,Toki,/game/toki/,dR5Sdyhnm0nFqnu6EYjBTdTpv7iJMB09%2BrxaXcu448A%3D,1,202261,1.99,19.99,1,90.045023,0,Very Positive,88,383,1058320,1559865600,1790886258,7.6,https://shared.fastly.steamstatic.com/store_item_assets/steam/apps/1058320/capsule_231x87.jpg?t=1654849414,2019-06-07 00:00:00+00:00,2019,06/07/19
PENNANDTELLERVRFRANKLYUNFAIRUNKINDUNNECESSARYANDUNDERHANDED,"Penn and Teller VR: Frankly Unfair, Unkind, Unnecessary, and Underhanded",/game/penn-and-teller-vr-frankly-unfair-unkind/,EXan4Mqk2eui3jfIpPAs6LYqk3%2BVxJlk%2FDxyAcaFnXU%3D,1,202725,1.99,19.99,1,90.045023,0,Mixed,61,13,677610,1561593600,1790875396,3.6,https://shared.fastly.steamstatic.com/store_item_assets/steam/apps/677610/capsule_231x87.jpg?t=1573062026,2019-06-27 00:00:00+00:00,2019,06/27/19
LIMOUZIK,Limouzik,/game/pc/limouzik,6Kdb%2B0BdiWqPwfGVzKs7LJVrVgOA5IpjZhNCIQW9Ro0%3D,1,193528,1.99,19.99,1,90.045023,0,Mixed,43,16,864760,1529280000,1790875728,3.6,https://shared.fastly.steamstatic.com/store_item_assets/steam/apps/864760/capsule_231x87.jpg?t=1781885056,2018-06-18 00:00:00+00:00,2018,06/18/18
DRYDROWNING,Dry Drowning,/game/dry-drowning/,h6KyMoilZgqxd8oektcvvcxSVrSx0iEPCFH3w7AE2fc%3D,1,202395,1.99,19.99,1,90.045023,68,Very Positive,82,397,1077970,1564704000,1790886739,9.0,https://shared.fastly.steamstatic.com/store_item_assets/steam/apps/1077970/capsule_231x87.jpg?t=1627926010,2019-08-02 00:00:00+00:00,2019,08/02/19
THECHURCHINTHEDARKNESS,The Church in the Darkness,/game/the-church-in-the-darkness/,cx7Ohv1V6WcDM8xsS4dorY0neBL4ugrWFldIIdL4P2A%3D,1,198082,1.99,19.99,1,90.045023,65,Mixed,58,132,339830,1564704000,1790875136,8.9,https://shared.fastly.steamstatic.com/store_item_assets/steam/apps/339830/capsule_231x87.jpg?t=1757570848,2019-08-02 00:00:00+00:00,2019,08/02/19
GIBBOUSACTHULHUADVENTURE,Gibbous - A Cthulhu Adventure,/game/gibbous-a-cthulhu-adventure/,YsimXoarnzWOlJDSqnXPAPZgA7I5Wmm%2FpomROIgt4os%3D,1,202775,1.99,19.99,1,90.045023,74,Very Positive,87,1057,914020,1565136000,1790882821,9.2,https://shared.fastly.steamstatic.com/store_item_assets/steam/apps/914020/capsule_231x87.jpg?t=1728035200,2019-08-07 00:00:00+00:00,2019,08/07/19
DEEPDIVINGVR,Deep Diving VR,/game/deep-diving-vr/,5ffgmrj6rgR2w4hWnwNa4C0sT0SnPUUM8PQ%2BNR4d69A%3D,1,204923,1.99,19.99,1,90.045023,0,Mixed,47,23,1104050,1568246400,1790875669,3.6,https://shared.fastly.steamstatic.com/store_item_assets/steam/apps/1104050/capsule_231x87.jpg?t=1770388215,2019-09-12 00:00:00+00:00,2019,09/12/19
MENOFWARASSAULTSQUAD2COLDWAR,Men of War: Assault Squad 2 - Cold War,/game/men-of-war-assault-squad-2-cold-war/,BeIvcDpP3wvGbtJ66t%2F4%2BrjNUdjM3j6ou3eBfmL6g14%3D,1,204919,1.99,19.99,1,90.045023,41,Mostly Negative,26,1135,1135240,1568246400,1790878140,8.3,https://shared.fastly.steamstatic.com/store_item_assets/steam/apps/1135240/3b983f7d06a587d09108e059ba0923cae5ae89ae/capsule_231x87.jpg?t=1773656381,2019-09-12 00:00:00+00:00,2019,09/12/19
BDSMBIGDRUNKSATANICMASSACRE,BDSM: Big Drunk Satanic Massacre,/game/bdsm-big-drunk-satanic-massacre/,CnlmVWJ9SHRo5J8Rp%2FT8P%2FL0oX8PTG1dLc1l3CnxmF8%3D,1,206145,1.99,19.99,1,90.045023,0,Very Positive,87,1114,669950,1570665600,1790886288,7.6,https://shared.fastly.steamstatic.com/store_item_assets/steam/apps/669950/capsule_231x87.jpg?t=1744107061,2019-10-10 00:00:00+00:00,2019,10/10/19
MORELSTHEHUNT,Morels: The Hunt,/game/morels-the-hunt/,kjd0EMEkitLGowFb7oGCDvmKr0%2FHwYO9U4VKo3Emgs4%3D,1,206237,1.99,19.99,1,90.045023,0,Very Positive,86,261,1156590,1571097600,1790886164,7.6,https://shared.fastly.steamstatic.com/store_item_assets/steam/apps/1156590/capsule_231x87.jpg?t=1726924872,2019-10-15 00:00:00+00:00,2019,10/15/19
BLACKFUTURE88,Black Future '88,/game/black-future-88/,7nQJ%2Bf7PukXBVroyeDdtBqBLkCRosyBZ0UL3Wer1a28%3D,1,206773,1.99,19.99,1,90.045023,74,Mostly Positive,74,494,751820,1574294400,1790886999,9.2,https://shared.fastly.steamstatic.com/store_item_assets/steam/apps/751820/capsule_231x87.jpg?t=1666052970,2019-11-21 00:00:00+00:00,2019,11/21/19
EDNAANDHARVEYTHEBREAKOUTANNIVERSARYEDITION,Edna and Harvey: The Breakout - Anniversary Edition,,SDT7RtZkDvgt5Bidxg6cuRe3I4nEh2U1HqRk9l4o87s%3D,1,207849,1.99,19.99,1,90.045023,0,Very Positive,90,840,959000,0,1790886086,7.6,https://shared.fastly.steamstatic.com/store_item_assets/steam/apps/959000/capsule_231x87.jpg?t=1789476586,1970-01-01 00:00:00+00:00,1970,01/01/70
OFFROADRACINGBUGGYXATVXMOTO,Offroad Racing - Buggy X ATV X Moto,/game/offroad-racing-buggy-x-atv-x-moto/,gpwg%2FiJWRd7vdZdkl2UGBAZSJeDSAylay04zUWUqLR4%3D,1,209397,1.99,19.99,1,90.045023,0,Mixed,65,63,1085520,1576800000,1790875283,3.6,https://shared.fastly.steamstatic.com/store_item_assets/steam/apps/1085520/capsule_231x87.jpg?t=1584469547,2019-12-20 00:00:00+00:00,2019,12/20/19
THEBLINDPROPHET,The Blind Prophet,/game/the-blind-prophet/,ssChgI1ZHzGLjLoZS0AK8bV86HdRpUu7kAYo9jtmpvE%3D,1,210690,1.99,19.99,1,90.045023,68,Very Positive,86,432,968370,1580860800,1790886838,9.0,https://shared.fastly.steamstatic.com/store_item_assets/steam/apps/968370/capsule_231x87.jpg?t=1781885200,2020-02-05 00:00:00+00:00,2020,02/05/20
TANKMECHANICSIMULATOR,Tank Mechanic Simulator,/game/tank-mechanic-simulator/,vhInsG6UBn2Qk4EHZ7ufiQPdKC8oU7ticPfRN3YjLJ0%3D,1,211185,1.99,19.99,1,90.045023,57,Very Positive,88,3492,407130,1582156800,1790447207,7.9,https://shared.fastly.steamstatic.com/store_item_assets/steam/apps/407130/capsule_231x87.jpg?t=1786619351,2020-02-20 00:00:00+00:00,2020,02/20/20
GENESISALPHAONEDELUXEEDITION,Genesis Alpha One Deluxe Edition,,YCCMWIcliFM1oMdV%2FANCY1c9Qc6%2Bpx%2FiBH62rhPf25w%3D,1,210870,1.99,19.99,1,90.045023,0,Mostly Positive,73,1570,712190,0,1789676632,5.6,https://shared.fastly.steamstatic.com/store_item_assets/steam/apps/712190/capsule_231x87.jpg?t=1763039190,1970-01-01 00:00:00+00:00,1970,01/01/70
RADIOGENERAL,Radio General,/game/radio-general/,9kWeTSOtBZCcmjlrpF1IWg%2Bs6gPnAqaJFFdbUhdK300%3D,1,213608,1.99,19.99,1,90.045023,0,Very Positive,82,517,1011610,1586390400,1790885982,7.6,https://shared.fastly.steamstatic.com/store_item_assets/steam/apps/1011610/capsule_231x87.jpg?t=1787344578,2020-04-09 00:00:00+00:00,2020,04/09/20
DRUGDEALERSIMULATOR,Drug Dealer Simulator,/game/drug-dealer-simulator/,1zn3gnxbiZzSj3THzTerATmN1IQaiyvk78AB5zGvJ9A%3D,1,213772,1.99,19.99,1,90.045023,59,Very Positive,84,9548,682990,1586995200,1790882314,8.7,https://shared.fastly.steamstatic.com/store_item_assets/steam/apps/682990/57f111ef33aaa1ecf27cea61960c5043b6cc8b0b/capsule_231x87.jpg?t=1775748556,2020-04-16 00:00:00+00:00,2020,04/16/20
SIGNSOFTHESOJOURNER,Signs of the Sojourner,/game/signs-of-the-sojourner/,ggc1IhrNTMilixOW8giKt2Q72FH4qHhsOZRmwkwzzZc%3D,1,215434,1.99,19.99,1,90.045023,77,Very Positive,88,181,1058690,1589414400,1790883189,9.4,https://shared.fastly.steamstatic.com/store_item_assets/steam/apps/1058690/capsule_231x87.jpg?t=1667328331,2020-05-14 00:00:00+00:00,2020,05/14/20
FAMILYMAN,Family Man,/game/family-man/,wWSZdyluLcpnX2q9BjZjP4d4hdIz%2FQtBJLZ4Z39uM9g%3D,1,216223,1.99,19.99,1,90.045023,0,Mostly Positive,76,332,904360,1590105600,1790363716,6.7,https://shared.fastly.steamstatic.com/store_item_assets/steam/apps/904360/capsule_231x87.jpg?t=1755249531,2020-05-22 00:00:00+00:00,2020,05/22/20
NECROMUNDAUNDERHIVEWARS,Necromunda: Underhive Wars,/game/necromunda-underhive-wars/,KkcYSwhZheLOoOHicq3hh7e76j2RDpbTp4NUftLfIiM%3D,1,216448,1.99,19.99,1,90.045023,53,Mixed,55,2037,566440,1599436800,1790886370,8.6,https://shared.fastly.steamstatic.com/store_item_assets/steam/apps/566440/capsule_231x87.jpg?t=1695820234,2020-09-07 00:00:00+00:00,2020,09/07/20
MAINASSEMBLY,Main Assembly,/game/main-assembly/,YV4u%2BVRiCJc%2FvRgVd6chklrO%2FV4guuEGtBMoYXQK7fI%3D,1,216858,1.99,19.99,1,90.045023,0,Very Positive,83,1003,1078920,1611619200,1790883183,7.6,https://shared.fastly.steamstatic.com/store_item_assets/steam/apps/1078920/capsule_231x87.jpg?t=1773052388,2021-01-26 00:00:00+00:00,2021,01/26/21
SUMMERINMARA,Summer in Mara,/game/summer-in-mara/,ong4xNhCWdXf4fHh3l%2Fm22vqfgUyL%2FWyVBys8JmQeSg%3D,1,217035,1.99,19.99,1,90.045023,63,Mostly Positive,75,1465,962580,1592265600,1790886101,8.8,https://shared.fastly.steamstatic.com/store_item_assets/steam/apps/962580/capsule_231x87.jpg?t=1768565254,2020-06-16 00:00:00+00:00,2020,06/16/20
ROKI,Roki,/game/roki/,haBmFYOLTY4Xi3U3oVnVJy135%2Bdbep10TLJayW2BIHA%3D,1,243884,1.99,19.99,1,90.045023,76,Very Positive,92,1081,1067540,1595462400,1790882823,9.3,https://shared.fastly.steamstatic.com/store_item_assets/steam/apps/1067540/capsule_231x87.jpg?t=1728376743,2020-07-23 00:00:00+00:00,2020,07/23/20
PAPERBEAST,Paper Beast,/game/paper-beast/,mJQW5%2B1Q6td1AZiKwYId7spHIVfO06K8B%2FHktenwdBk%3D,1,218597,1.99,19.99,1,90.045023,0,Very Positive,94,530,1232570,1595548800,1790883171,7.6,https://shared.fastly.steamstatic.com/store_item_assets/steam/apps/1232570/capsule_231x87.jpg?t=1748596337,2020-07-24 00:00:00+00:00,2020,07/24/20
RELICTA,Relicta,/game/relicta/,tRhFOOPN8NuSYp7drqNrz2CZ4LqkhKofmX6ZuxG9nic%3D,1,218934,1.99,19.99,1,90.045023,74,Mostly Positive,76,234,941570,1596412800,1789665314,7.2,https://shared.fastly.steamstatic.com/store_item_assets/steam/apps/941570/capsule_231x87.jpg?t=1709556945,2020-08-03 00:00:00+00:00,2020,08/03/20
STREAMERLIFESIMULATOR,Streamer Life Simulator,/game/streamer-life-simulator/,YNGWBtkOjqGaTlii3DtjopAwdwawCDufP5OXIlIm41I%3D,1,219491,1.99,19.99,1,90.045023,0,Mostly Positive,76,1984,1261040,1597968000,1790882923,7.6,https://shared.fastly.steamstatic.com/store_item_assets/steam/apps/1261040/capsule_231x87.jpg?t=1786957874,2020-08-21 00:00:00+00:00,2020,08/21/20
BOUNTYBATTLE,Bounty Battle,/game/bounty-battle/,RAZeKg4ddzEATfquSzr3yFTX9vk7fR6kPIpS3QP%2BNNo%3D,1,220375,1.99,19.99,1,90.045023,39,Mostly Negative,20,39,860900,1599696000,1790878286,4.3,https://shared.fastly.steamstatic.com/store_item_assets/steam/apps/860900/capsule_231x87.jpg?t=1628508063,2020-09-10 00:00:00+00:00,2020,09/10/20
GOINGUNDER,Going Under,/game/going-under/,ygMzTdXot%2FMjY%2BgmIr2NylohJ5Es60ry7Y1BFs1hWTU%3D,1,220706,1.99,19.99,1,90.045023,78,Very Positive,92,2159,1154810,1600905600,1790882025,9.4,https://shared.fastly.steamstatic.com/store_item_assets/steam/apps/1154810/capsule_231x87.jpg?t=1785949110,2020-09-24 00:00:00+00:00,2020,09/24/20
HOUSEFLIPPERVR,House Flipper VR,/game/house-flipper-vr/,uM5OdwoBtzAV39UcBqB6YWwz1WfbGD0SLulpTYaqBMs%3D,1,222476,1.99,19.99,1,90.045023,0,Mixed,52,262,1194700,1604534400,1790886470,7.6,https://shared.fastly.steamstatic.com/store_item_assets/steam/apps/1194700/capsule_231x87.jpg?t=1748436929,2020-11-05 00:00:00+00:00,2020,11/05/20
NOXARCHAIST,Nox Archaist,/game/nox-archaist/,oA9elgGJmEsDim0JHRcff0knKRzDMkU4YHwfJ0u8Zqg%3D,1,225583,1.99,19.99,1,90.045023,0,Very Positive,84,59,1509080,1611792000,1790886881,3.6,https://shared.fastly.steamstatic.com/store_item_assets/steam/apps/1509080/capsule_231x87.jpg?t=1682949304,2021-01-28 00:00:00+00:00,2021,01/28/21
ONESHELLSTRAIGHTTOHELL,One Shell Straight to Hell,/game/one-shell-straight-to-hell/,rjg5LcoUfNlncMPp0INWvCvyKzK%2FQGo%2BQDHgd7U9SgI%3D,1,226113,1.99,19.99,1,90.045023,0,Mostly Negative,35,14,1330370,1612828800,1790878281,3.6,https://shared.fastly.steamstatic.com/store_item_assets/steam/apps/1330370/capsule_231x87.jpg?t=1782992358,2021-02-09 00:00:00+00:00,2021,02/09/21
ROGUEHEROESRUINSOFTASOS,Rogue Heroes: Ruins of Tasos,/game/rogue-heroes-ruins-of-tasos/,PfB3OygTr76YPK4smiU0zX7CjRkbVsi7hMIBfj%2FFMss%3D,1,226124,1.99,19.99,1,90.045023,81,Very Positive,80,1485,787810,1614038400,1790882733,9.6,https://shared.fastly.steamstatic.com/store_item_assets/steam/apps/787810/capsule_231x87.jpg?t=1780480628,2021-02-23 00:00:00+00:00,2021,02/23/21
ANIMALDOCTOR,Animal Doctor,/game/animal-doctor/,ukDreFXTfaVbgoGSAcc%2F6GcvhYeodaXyqy3QLMmK8tU%3D,1,227731,1.99,19.99,1,90.045023,0,Mostly Negative,25,27,1033930,1616630400,1790878256,3.6,https://shared.fastly.steamstatic.com/store_item_assets/steam/apps/1033930/capsule_231x87.jpg?t=1642666774,2021-03-25 00:00:00+00:00,2021,03/25/21
HOUSECLEANINGSURVIVAL,House Cleaning Survival,/game/house-cleaning-survival/,L8DTdMVDGMUdH9Y4VuQ6bb991PEAKefHYt9zURHqPRQ%3D,1,230399,1.99,19.99,1,90.045023,0,Mixed,62,40,1564700,1622419200,1790875128,3.6,https://shared.fastly.steamstatic.com/store_item_assets/steam/apps/1564700/capsule_231x87.jpg?t=1656488493,2021-05-31 00:00:00+00:00,2021,05/31/21
CARMECHANICSIMULATORVR,Car Mechanic Simulator VR,/game/car-mechanic-simulator-vr/,barpy4fIGtdL7TOnXj0RLZp7sSMn%2BbZCZcRTAFtgQlc%3D,1,230716,1.99,19.99,1,90.045023,0,Mixed,58,331,1088770,1623110400,1790449962,6.9,https://shared.fastly.steamstatic.com/store_item_assets/steam/apps/1088770/capsule_231x87.jpg?t=1777979237,2021-06-08 00:00:00+00:00,2021,06/08/21
RISEETERNA,Rise Eterna,/game/rise-eterna/,FG98yIv5PP%2BPvUUtt5MIs5CAxjtAm1epDpi8xw3nXpc%3D,1,230542,1.99,19.99,1,90.045023,0,Mixed,40,186,995070,1623196800,1790874855,7.6,https://shared.fastly.steamstatic.com/store_item_assets/steam/apps/995070/capsule_231x87.jpg?t=1776750983,2021-06-09 00:00:00+00:00,2021,06/09/21
WAYOFTHESAMURAI3,Way of the Samurai 3,/game/way-of-the-samurai-3/,m6jA38IPrjRiNdU2%2FxDFsxtMvJCj%2FajAJc0iQoPliig%3D,1,230886,1.99,19.99,1,90.045023,0,Mostly Positive,73,878,427510,1458691200,1790882763,7.6,https://shared.fastly.steamstatic.com/store_item_assets/steam/apps/427510/012f8a7faf82cc33770bd0ea884b34bb1cf20e22/capsule_231x87.jpg?t=1757054196,2016-03-23 00:00:00+00:00,2016,03/23/16
DEATHSDOOR,Deaths Door,/game/deaths-door/,hnQsem1EUWLrYrNeWxzi3xidD5eYMgK4bOkOC7%2FTepA%3D,1,230921,1.99,19.99,1,90.045023,85,Very Positive,93,10759,894020,1626739200,1790881559,9.9,https://shared.fastly.steamstatic.com/store_item_assets/steam/apps/894020/capsule_231x87.jpg?t=1788311627,2021-07-20 00:00:00+00:00,2021,07/20/21
ALEXKIDDINMIRACLEWORLDDX,Alex Kidd in Miracle World DX,/game/alex-kidd-in-miracle-world-dx/,NaHLb9dECfsDDymdWC%2F3gwEWpLurr6rf87xMgO2kQ2A%3D,1,231291,1.99,19.99,1,90.045023,67,Very Positive,80,760,1333470,1624320000,1790886233,8.9,https://shared.fastly.steamstatic.com/store_item_assets/steam/apps/1333470/capsule_231x87.jpg?t=1769520399,2021-06-22 00:00:00+00:00,2021,06/22/21
REALFARMGOLDEDITION,Real Farm  Gold Edition,/game/real-farm-gold-edition/,278IyVCotxfcCiWZOiLv%2Bp%2FN52Q5kwb9r38vg8gWna0%3D,1,231358,1.99,19.99,1,90.045023,0,Mostly Negative,30,26,1321220,1624492800,1790878253,3.6,https://shared.fastly.steamstatic.com/store_item_assets/steam/apps/1321220/capsule_231x87.jpg?t=1751544247,2021-06-24 00:00:00+00:00,2021,06/24/21
URBANTRIALTRICKYDELUXEEDITION,Urban Trial Tricky Deluxe Edition,/game/pc/urban-trial-tricky-deluxe-edition,rwV6ZhWelrLUHdQkKgVb3%2FHr5uM6Sg9pijsUYdzk5uI%3D,1,231074,1.99,19.99,1,90.045023,0,Mixed,56,16,1380060,1626912000,1790875160,3.6,https://shared.fastly.steamstatic.com/store_item_assets/steam/apps/1380060/capsule_231x87.jpg?t=1712232460,2021-07-22 00:00:00+00:00,2021,07/22/21
ELDESTSOULS,Eldest Souls,/game/eldest-souls/,DbFKl3FLjU5LLbPaXRzpMSf0%2BTxgLibtu%2BEfGvz5pU8%3D,1,216847,1.99,19.99,1,90.045023,76,Mostly Positive,76,1097,1108590,1627516800,1790883031,9.3,https://shared.fastly.steamstatic.com/store_item_assets/steam/apps/1108590/capsule_231x87.jpg?t=1728376679,2021-07-29 00:00:00+00:00,2021,07/29/21
GLITCHPUNK,Glitchpunk,/game/pc/glitchpunk,cML8lmNf5lWclxwBXxAFapN6ffgpvPUhLr0mhyJNEEA%3D,1,233220,1.99,19.99,1,90.045023,0,Mixed,47,176,1459960,1628640000,1790874411,7.6,https://shared.fastly.steamstatic.com/store_item_assets/steam/apps/1459960/capsule_231x87.jpg?t=1789478600,2021-08-11 00:00:00+00:00,2021,08/11/21
RECOMPILE,Recompile,/game/recompile/,Yee4GSX5jqcAErZx1%2Fl8WuizONVntr851E6WTu5fP0I%3D,1,219608,1.99,19.99,1,90.045023,68,Mixed,67,145,986310,1629331200,1790875161,9.0,https://shared.fastly.steamstatic.com/store_item_assets/steam/apps/986310/capsule_231x87.jpg?t=1721835295,2021-08-19 00:00:00+00:00,2021,08/19/21
MURDERMYSTERYMACHINE,Murder Mystery Machine,/game/murder-mystery-machine/,mZV0Wr%2BDVO3BqL%2FAgBz%2BXhXAuI106y%2BKO5n%2FatCuuiU%3D,1,233738,1.99,19.99,1,90.045023,0,Mixed,53,129,930280,1629849600,1790874624,7.6,https://shared.fastly.steamstatic.com/store_item_assets/steam/apps/930280/capsule_231x87.jpg?t=1722245037,2021-08-25 00:00:00+00:00,2021,08/25/21
THESMURFSMISSIONVILEAF,The Smurfs - Mission Vileaf,/game/the-smurfs-mission-vileaf/,ocAxVNEdgkJ9Rayz8s9Aqxp71oywOCbdKf2VJS7bAtg%3D,1,233736,1.99,19.99,1,90.045023,73,Very Positive,82,431,1502560,1635206400,1790886112,9.2,https://shared.fastly.steamstatic.com/store_item_assets/steam/apps/1502560/capsule_231x87.jpg?t=1743167767,2021-10-26 00:00:00+00:00,2021,10/26/21
BEYONDMANKINDTHEAWAKENING,Beyond Mankind: The Awakening,/game/beyond-mankind-the-awakening/,YBtmFWbOersoQcWFUTPTm%2BnKwugT0Yc%2BWZPyiV%2BNUMo%3D,1,234076,1.99,19.99,1,90.045023,0,Mixed,42,94,1301590,1630368000,1790875454,3.6,https://shared.fastly.steamstatic.com/store_item_assets/steam/apps/1301590/capsule_231x87.jpg?t=1721371741,2021-08-31 00:00:00+00:00,2021,08/31/21
SURGEONSIMULATOR2,Surgeon Simulator 2,/game/pc/surgeon-simulator-2,xl624HXB9MmCLXejrZPjXZcPBWY2fy0Y9UAZTxHA0NE%3D,1,216941,1.99,19.99,1,90.045023,72,Mixed,40,819,774791,1598486400,1790882026,9.1,https://shared.fastly.steamstatic.com/store_item_assets/steam/apps/774791/capsule_231x87.jpg?t=1773072257,2020-08-27 00:00:00+00:00,2020,08/27/20
BEANSTALKER,Bean Stalker,/game/bean-stalker/,V9v4QX2TaCIvowptpGoZCXZa7XrEvdiiJ4N49MUlAp8%3D,1,234831,1.99,19.99,1,90.045023,0,Very Positive,87,191,1704080,1654473600,1790886975,7.6,https://shared.fastly.steamstatic.com/store_item_assets/steam/apps/1704080/capsule_231x87.jpg?t=1728301071,2022-06-06 00:00:00+00:00,2022,06/06/22
BEYONDCONTACT,Beyond Contact,/game/beyond-contact/,J2xVHGuYbf8Sqzd1Uhc2hVd77mU6%2FAaXVRYQ2IuS7Zc%3D,1,234869,1.99,19.99,1,90.045023,62,Mostly Positive,71,1005,877010,1680566400,1790886170,8.8,https://shared.fastly.steamstatic.com/store_item_assets/steam/apps/877010/capsule_231x87.jpg?t=1726630742,2023-04-04 00:00:00+00:00,2023,04/04/23
AGATHACHRISTIEHERCULEPOIROTTHEFIRSTCASES,Agatha Christie - Hercule Poirot: The First Cases,/game/agatha-christie-hercule-poirot-the-first-cases/,O3Ugc8GufSFB6KOgD8Iv8PBRGBcVSimVAprlCZD98UQ%3D,1,233737,1.99,19.99,1,90.045023,0,Mostly Positive,76,1172,1573720,1632787200,1790886153,7.6,https://shared.fastly.steamstatic.com/store_item_assets/steam/apps/1573720/capsule_231x87.jpg?t=1743171933,2021-09-28 00:00:00+00:00,2021,09/28/21
INDUSTRIA,INDUSTRIA,/game/industria/,SBf2Iq3CkVaSgkK9n30wQNC20I%2BR767e6IVhL60MEJQ%3D,1,233218,1.99,19.99,1,90.045023,67,Mostly Positive,73,1582,1172650,1632960000,1790886047,8.9,https://shared.fastly.steamstatic.com/store_item_assets/steam/apps/1172650/capsule_231x87.jpg?t=1788111865,2021-09-30 00:00:00+00:00,2021,09/30/21
AEONMUSTDIE,Aeon Must Die!,/game/aeon-must-die/,ej0066HfutdFzDyAczYoAbMFhQ%2BJO0GaEgrV5L81OCM%3D,1,235792,1.99,19.99,1,90.045023,0,Mixed,50,101,1089930,1634169600,1790875002,7.6,https://shared.fastly.steamstatic.com/store_item_assets/steam/apps/1089930/capsule_231x87.jpg?t=1695812090,2021-10-14 00:00:00+00:00,2021,10/14/21
HOURGLASS,Hourglass,/game/hourglass/,FRWAFPjQJ4ma%2FLpDvEkvJGu10b0FOKKJbTa04ZcSEaA%3D,1,236190,1.99,19.99,1,90.045023,0,Very Positive,88,332,1212410,1634860800,1790886952,7.6,https://shared.fastly.steamstatic.com/store_item_assets/steam/apps/1212410/capsule_231x87.jpg?t=1726819312,2021-10-22 00:00:00+00:00,2021,10/22/21
SONGOFFARCA,Song of Farca,/game/song-of-farca/,bpMw9P9ULqwaWUlgd1kyhwK4Hd1NojfRuXVAcPZE%2BeU%3D,1,228689,1.99,19.99,1,90.045023,0,Mostly Positive,78,1393,1435670,1626825600,1790886295,7.6,https://shared.fastly.steamstatic.com/store_item_assets/steam/apps/1435670/capsule_231x87.jpg?t=1769408189,2021-07-21 00:00:00+00:00,2021,07/21/21
STARSAND,Starsand,/game/starsand/,%2BZHbLFZUKvQbenal8h5Wr%2FztfW67k9oVc%2FvyQmC7uSY%3D,1,236709,1.99,19.99,1,90.045023,0,Mixed,69,808,1380220,1668643200,1790886073,7.6,https://shared.fastly.steamstatic.com/store_item_assets/steam/apps/1380220/capsule_231x87.jpg?t=1741771278,2022-11-17 00:00:00+00:00,2022,11/17/22
KINGDOMTWOCROWNS,Kingdom Two Crowns,/game/kingdom-two-crowns/,TkuEk1yFv81Tf%2B1oCBNdLYttRl00j8lOvcVXZf%2BRn2I%3D,1,196224,1.99,19.99,1,90.045023,0,Very Positive,89,10163,701160,1544486400,1790881498,7.6,https://shared.fastly.steamstatic.com/store_item_assets/steam/apps/701160/a6b90c7c7f4c869587a8fa91234ae0367526567d/capsule_231x87.jpg?t=1789557974,2018-12-11 00:00:00+00:00,2018,12/11/18
GRAVITATIONAL,Gravitational,/game/gravitational/,w3V%2B8jlTEvFCKAHCkn%2FvEETcX%2F1udO92GrYvgiyrlP4%3D,1,237010,1.99,19.99,1,90.045023,0,Mixed,63,11,1392690,1636588800,1790875829,3.6,https://shared.fastly.steamstatic.com/store_item_assets/steam/apps/1392690/capsule_231x87.jpg?t=1730128609,2021-11-11 00:00:00+00:00,2021,11/11/21
PUNKWARS,Punk Wars,/game/punk-wars/,oXYeZ5JH2sop9SamdIPg8MBSSoCg9wCi%2FoSEcOLeWqM%3D,1,237031,1.99,19.99,1,90.045023,0,Mixed,56,100,1541790,1636588800,1790886737,7.6,https://shared.fastly.steamstatic.com/store_item_assets/steam/apps/1541790/capsule_231x87.jpg?t=1770389235,2021-11-11 00:00:00+00:00,2021,11/11/21
MOTORCYCLEMECHANICSIMULATOR2021,Motorcycle Mechanic Simulator 2021,/game/motorcycle-mechanic-simulator-2021/,3wkldelUMJUrpdgtCVCunFmHVd6wQmGBVnDePPL%2B440%3D,1,237331,1.99,19.99,1,90.045023,0,Mixed,68,1582,1078760,1637107200,1790098369,6.3,https://shared.fastly.steamstatic.com/store_item_assets/steam/apps/1078760/capsule_231x87.jpg?t=1785342894,2021-11-17 00:00:00+00:00,2021,11/17/21
ALPINETHESIMULATIONGAME,Alpine - The Simulation Game,/game/alpine-the-simulation-game/,gcD06WRe9M00n2FWSl1lB0qGYSlNrm0Cy6VP9sa7PGw%3D,1,237554,1.99,19.99,1,90.045023,0,Mixed,47,34,1733610,1637625600,1789774637,1.7,https://shared.fastly.steamstatic.com/store_item_assets/steam/apps/1733610/capsule_231x87.jpg?t=1655716519,2021-11-23 00:00:00+00:00,2021,11/23/21
CLIDTHESNAIL,Clid The Snail,/game/clid-the-snail/,TqNxboSHLDveOHomAm1Id4yOcRSHhsycJ7u02c9%2FPQ8%3D,1,238305,1.99,19.99,1,90.045023,63,Mostly Positive,75,149,1597580,1639526400,1790279907,7.8,https://shared.fastly.steamstatic.com/store_item_assets/steam/apps/1597580/capsule_231x87.jpg?t=1709554613,2021-12-15 00:00:00+00:00,2021,12/15/21
ALFREDHITCHCOCKVERTIGO,Alfred Hitchcock - Vertigo,/game/alfred-hitchcock-vertigo/,pv3VWKvvmKoIKqdt85nK%2Bq8xG8ybKgabbgIBznQNEOA%3D,1,236786,1.99,19.99,1,90.045023,61,Very Positive,83,702,1449320,1639612800,1790882953,8.8,https://shared.fastly.steamstatic.com/store_item_assets/steam/apps/1449320/capsule_231x87.jpg?t=1736876975,2021-12-16 00:00:00+00:00,2021,12/16/21
SUPERDUNGEONMAKER,Super Dungeon Maker,/game/super-dungeon-maker/,uLNJJ7O14%2FZRYzsxdOGShpi%2BDT9v%2BUNlzrPHnR1Sn98%3D,1,240734,1.99,19.99,1,90.045023,0,Very Positive,82,388,1622800,1683072000,1790886082,7.6,https://shared.fastly.steamstatic.com/store_item_assets/steam/apps/1622800/capsule_231x87.jpg?t=1726814924,2023-05-03 00:00:00+00:00,2023,05/03/23
DOLMEN,Dolmen,/game/dolmen/,vz1%2BmDWdGPMaEZrFPD4tuxCUp99j%2FJfcPirPf2%2BAhkY%3D,1,241041,1.99,19.99,1,90.045023,55,Mixed,54,277,831050,1653004800,1789667668,6.6,https://shared.fastly.steamstatic.com/store_item_assets/steam/apps/831050/capsule_231x87.jpg?t=1709552096,2022-05-20 00:00:00+00:00,2022,05/20/22
ANIMADDICTS,Animaddicts,/game/animaddicts/,RJD085i83QQwLD7BTaQ7FYRp59drYJV2%2BPPd0y6n%2BAE%3D,1,241352,1.99,19.99,1,90.045023,0,Mostly Negative,27,22,1878300,1646006400,1790878257,3.6,https://shared.fastly.steamstatic.com/store_item_assets/steam/apps/1878300/capsule_231x87.jpg?t=1707512879,2022-02-28 00:00:00+00:00,2022,02/28/22
PHANTOMBREAKEROMNIA,Phantom Breaker: Omnia,/game/phantom-breaker-omnia/,OiV6J6xzMVxky2AiPHLJPwzAfLI14PVDEstciPTeCtI%3D,1,241961,1.99,19.99,1,90.045023,0,Mostly Positive,75,281,1184560,1647302400,1790886142,7.6,https://shared.fastly.steamstatic.com/store_item_assets/steam/apps/1184560/capsule_231x87.jpg?t=1778209319,2022-03-15 00:00:00+00:00,2022,03/15/22
IMPOFTHESUN,Imp of the Sun,/game/imp-of-the-sun/,mrkPJKf52y9nXEKGDIH4gwKUyM092kuyNQ5y54BpGXI%3D,1,242255,1.99,19.99,1,90.045023,0,Mixed,66,165,1535780,1625011200,1790874660,7.6,https://shared.fastly.steamstatic.com/store_item_assets/steam/apps/1535780/capsule_231x87.jpg?t=1715614778,2021-06-30 00:00:00+00:00,2021,06/30/21
THEDARKEYEMEMORIA,The Dark Eye: Memoria,/game/the-dark-eye-memoria/,HvH299Nab6TLjMpO2%2Fi96mQl5sGlPtyLsruYdVY3%2Byg%3D,1,242750,1.99,19.99,1,90.045023,0,Very Positive,89,955,243200,1377734400,1790886953,7.6,https://shared.fastly.steamstatic.com/store_item_assets/steam/apps/243200/capsule_231x87.jpg?t=1789474189,2013-08-29 00:00:00+00:00,2013,08/29/13
ANIMADDICTS4,Animaddicts 4,/game/animaddicts-4/,Sp0MLhPN8tqEWKpDwTKKVud65H5lO27G3HCLbnhQcoM%3D,1,243981,1.99,19.99,1,90.045023,0,Mostly Negative,37,16,1949930,1650412800,1790878278,3.6,https://shared.fastly.steamstatic.com/store_item_assets/steam/apps/1949930/capsule_231x87.jpg?t=1654099352,2022-04-20 00:00:00+00:00,2022,04/20/22
SUMMUMAETERNA,Summum Aeterna,/game/summum-aeterna/,19ECIRorP6%2FQ2THXVXdxjO1ZKjBXnDCkfoKQ5bYJGac%3D,1,247926,1.99,19.99,1,90.045023,71,Very Positive,83,312,1815230,1694649600,1790886271,9.1,https://shared.fastly.steamstatic.com/store_item_assets/steam/apps/1815230/capsule_231x87.jpg?t=1775570467,2023-09-14 00:00:00+00:00,2023,09/14/23
HOLLOW2,Hollow 2,/game/hollow-2/,pM5OJqkTm2SfprqQS4ArzlPNAZIjdSDcEjxa%2FTNPx6Y%3D,1,248649,1.99,19.99,1,90.045023,0,Mostly Negative,36,25,1055240,1657238400,1790878279,3.6,https://shared.fastly.steamstatic.com/store_item_assets/steam/apps/1055240/capsule_231x87.jpg?t=1775046761,2022-07-08 00:00:00+00:00,2022,07/08/22
NEONBLIGHT,Neon Blight,/game/neon-blight/,fFopzLv8bfnI7PvKK51vz05uA2wEHVB8L2fCkN61EfI%3D,1,248718,1.99,19.99,1,90.045023,48,Mostly Negative,37,83,1360660,1657497600,1790878251,4.4,https://shared.fastly.steamstatic.com/store_item_assets/steam/apps/1360660/capsule_231x87.jpg?t=1774489238,2022-07-11 00:00:00+00:00,2022,07/11/22
YEOMNATHELEGENDOFDONGBAEK,Yeomna : The Legend of Dongbaek,/game/yeomna-the-legend-of-dongbaek/,DLyZBxwg3jkdhRyzdWFcEZHtVNCvnyLagSnxBtzGBcY%3D,1,249451,1.99,19.99,1,90.045023,0,Mixed,42,61,1414470,1659225600,1790875479,3.6,https://shared.fastly.steamstatic.com/store_item_assets/steam/apps/1414470/capsule_231x87.jpg?t=1703563068,2022-07-31 00:00:00+00:00,2022,07/31/22
PLATEUP,PlateUp!,/game/plateup/,FUtGiVoLluxTxTeoV%2FJdVVQtUZL15waHeiI0hj4HbJo%3D,1,249340,1.99,19.99,1,90.045023,0,Overwhelmingly Positive,96,12388,1599600,1659571200,1790881499,7.6,https://shared.fastly.steamstatic.com/store_item_assets/steam/apps/1599600/b45a8bb9c0d9e675ddb62315f8178fadde491de1/capsule_231x87_alt_assets_7.jpg?t=1790150181,2022-08-04 00:00:00+00:00,2022,08/04/22
THEKNIGHTWITCH,The Knight Witch,/game/the-knight-witch/,MW0EcdyQsmhRGF1kVBljLrqclhy%2FLpJXtMUiV%2BLxX3M%3D,1,253714,1.99,19.99,1,90.045023,79,Mostly Positive,72,645,1872680,1669680000,1790882990,9.5,https://shared.fastly.steamstatic.com/store_item_assets/steam/apps/1872680/capsule_231x87.jpg?t=1778532415,2022-11-29 00:00:00+00:00,2022,11/29/22
SOCCERSTORY,Soccer Story,/game/soccer-story/,CqtPOMNYbKLPEDwhs9VSd0J5bm%2Bf%2F%2F9QokFiLozg8pA%3D,1,253965,1.99,19.99,1,90.045023,65,Mixed,53,123,1912380,1669680000,1790367700,8.0,https://shared.fastly.steamstatic.com/store_item_assets/steam/apps/1912380/capsule_231x87.jpg?t=1755258029,2022-11-29 00:00:00+00:00,2022,11/29/22
TTISLEOFMANRIDEONTHEEDGE,TT Isle of Man: Ride on the Edge,/game/tt-isle-of-man-ride-on-the-edge/,bnTD5UWZDzQffg3bwxY9cMU3O1xwAbcEaJwQ2xRo7%2BA%3D,1,255107,1.99,19.99,1,90.045023,68,Mostly Positive,74,1052,626610,1522108800,1790886318,9.0,https://shared.fastly.steamstatic.com/store_item_assets/steam/apps/626610/capsule_231x87.jpg?t=1725352905,2018-03-27 00:00:00+00:00,2018,03/27/18
DOODLEGOD8BITMANIACOLLECTORSITEM,Doodle God: 8-bit Mania - Collectors Item,,v3YFoG5hT7h%2FvYxzwaGwYvX8OGaPlXW1GFIUOVQPm7A%3D,1,255171,1.99,19.99,1,90.045023,0,Mixed,61,65,538060,0,1790875229,3.6,https://shared.fastly.steamstatic.com/store_item_assets/steam/apps/538060/capsule_231x87.jpg?t=1738059249,1970-01-01 00:00:00+00:00,1970,01/01/70
DECEIVEINC,Deceive Inc.,/game/deceive-inc/,%2BRx8eGYUNYTaM40k4VN8DNvSNUYSNCXw5KPCHMR3mb4%3D,1,256950,1.99,19.99,1,90.045023,75,Very Positive,84,3718,820520,1679356800,1790360937,8.4,https://shared.fastly.steamstatic.com/store_item_assets/steam/apps/820520/capsule_231x87.jpg?t=1789672974,2023-03-21 00:00:00+00:00,2023,03/21/23
INTERKOSMOS2000,Interkosmos 2000,/game/interkosmos-2000/,xPnJlBci0OVjvVrtz2RcDeCVW65MVDIU9Ch1XBuPu5E%3D,1,257309,1.99,19.99,1,90.045023,0,Mixed,69,36,2246550,1676505600,1790874632,3.6,https://shared.fastly.steamstatic.com/store_item_assets/steam/apps/2246550/capsule_231x87.jpg?t=1780168860,2023-02-16 00:00:00+00:00,2023,02/16/23
EXNATURANATURECORRUPTED,Ex Natura: Nature Corrupted,/game/ex-natura-nature-corrupted/,HpnAAQJ18fG1ibqUrQwIlLv0VPJoIWqSvmEM28GEAnA%3D,1,257476,1.99,19.99,1,90.045023,0,Mixed,68,156,1557180,1676851200,1790875482,7.6,https://shared.fastly.steamstatic.com/store_item_assets/steam/apps/1557180/capsule_231x87.jpg?t=1702588074,2023-02-20 00:00:00+00:00,2023,02/20/23
ACESANDADVENTURES,Aces and Adventures,/game/aces-and-adventures/,9TZMaGpmnmCL%2BcMhhVU%2BJw6UO9Qs%2BceKs5A%2Bk05E97Y%3D,1,256932,1.99,19.99,1,90.045023,84,Very Positive,88,623,1815570,1677110400,1790886014,9.8,https://shared.fastly.steamstatic.com/store_item_assets/steam/apps/1815570/capsule_231x87.jpg?t=1731955791,2023-02-23 00:00:00+00:00,2023,02/23/23
LIFEOFDELTA,Life of Delta,/game/life-of-delta/,VcbjebubaFeG2zHDwCg1aUep0E53Ch67e0LXw8fZma4%3D,1,258043,1.99,19.99,1,90.045023,71,Mixed,67,117,1376760,1678665600,1790875118,9.1,https://shared.fastly.steamstatic.com/store_item_assets/steam/apps/1376760/capsule_231x87.jpg?t=1789478028,2023-03-13 00:00:00+00:00,2023,03/13/23
GRIPPER,Gripper,/game/gripper/,x3qx16KWOgbp%2BGUXfSLjGneAdnKW1%2FOSxy4%2FEy8dNLA%3D,1,258912,1.99,19.99,1,90.045023,0,Very Positive,84,51,1336380,1680048000,1790886779,3.6,https://shared.fastly.steamstatic.com/store_item_assets/steam/apps/1336380/capsule_231x87.jpg?t=1680116768,2023-03-29 00:00:00+00:00,2023,03/29/23
GAMBIT,Gambit!,/game/gambit-2022/,AzOKU%2FGiDF5wlYE%2Buhm2dpeg7P7CkKirzrTWOiVN%2BHU%3D,1,259294,1.99,19.99,1,90.045023,0,Mostly Negative,26,38,1736120,1680739200,1790878255,3.6,https://shared.fastly.steamstatic.com/store_item_assets/steam/apps/1736120/capsule_231x87.jpg?t=1680800527,2023-04-06 00:00:00+00:00,2023,04/06/23
GLITCHBUSTERSSTUCKONYOU,Glitch Busters: Stuck on You,/game/glitch-busters-stuck-on-you/,PAGCKvgySJHGL3KEiqjaO2k5JSDa1zIxb5GDL2KghhI%3D,1,244734,1.99,19.99,1,90.045023,0,Mostly Positive,73,99,1616110,1684713600,1790886943,3.6,https://shared.fastly.steamstatic.com/store_item_assets/steam/apps/1616110/capsule_231x87.jpg?t=1692115292,2023-05-22 00:00:00+00:00,2023,05/22/23
FALLOFPORCUPINE,Fall of Porcupine,/game/fall-of-porcupine/,Q4rvqeIYYoDBZ3EvykZZRwO0BCbYGJ3f6Qc2H%2F6pa7Q%3D,1,264765,1.99,19.99,1,90.045023,72,Mostly Positive,74,529,1710540,1686787200,1790883154,9.1,https://shared.fastly.steamstatic.com/store_item_assets/steam/apps/1710540/capsule_231x87.jpg?t=1785148004,2023-06-15 00:00:00+00:00,2023,06/15/23
CRIMEOCLOCK,Crime OClock,/game/crime-oclock/,YiwldNfHQUPr23mPzhzZn4%2Fc190fUo%2BlaavNkccqLTY%3D,1,268126,1.99,19.99,1,90.045023,69,Mixed,66,403,1736290,1689897600,1790874616,9.0,https://shared.fastly.steamstatic.com/store_item_assets/steam/apps/1736290/capsule_231x87.jpg?t=1712675428,2023-07-21 00:00:00+00:00,2023,07/21/23
ASTERIXANDOBELIXHEROES,Asterix and Obelix: Heroes,/game/asterix-and-obelix-heroes/,q9Lz%2BHHG1BAB0B6UNehXFtpYKYHAIdegQMoboMw77ak%3D,1,274883,1.99,19.99,1,90.045023,0,Mixed,62,45,2374090,1696464000,1789842531,1.9,https://shared.fastly.steamstatic.com/store_item_assets/steam/apps/2374090/capsule_231x87.jpg?t=1764149582,2023-10-05 00:00:00+00:00,2023,10/05/23
THELASTORICRUFINALCUT,The Last Oricru - Final Cut,,8DL%2BBZmYmHTom6Fv8N5Y%2FEu9Dibv%2BtvS7646MbLF63k%3D,1,274942,1.99,19.99,1,90.045023,0,Mixed,67,557,1663640,0,1789665158,5.6,https://shared.fastly.steamstatic.com/store_item_assets/steam/apps/1663640/capsule_231x87.jpg?t=1695827126,1970-01-01 00:00:00+00:00,1970,01/01/70
HOTELARESORTSIMULATOR,Hotel: A Resort Simulator,/game/hotel-a-resort-simulator/,gnDSHCdQOEBiHmlOU0UNRGBxjNXV1%2BlQnox1zUn9AZ4%3D,1,275371,1.99,19.99,1,90.045023,0,Mostly Negative,27,165,1389840,1697068800,1789844983,5.9,https://shared.fastly.steamstatic.com/store_item_assets/steam/apps/1389840/capsule_231x87.jpg?t=1697532609,2023-10-12 00:00:00+00:00,2023,10/12/23
HEXARCHY,Hexarchy,/game/hexarchy/,F48MPTgYn1XKvtFpZrjll0i%2BrBUH0kDd%2BKY%2BENYCZeA%3D,1,274654,1.99,19.99,1,90.045023,0,Very Positive,83,1235,1356810,1697673600,1790882494,7.6,https://shared.fastly.steamstatic.com/store_item_assets/steam/apps/1356810/capsule_231x87.jpg?t=1787765052,2023-10-19 00:00:00+00:00,2023,10/19/23
DREADHAUNT,DreadHaunt,/game/dreadhaunt/,H9kRKk6FP3HvtU125M2Zv4tlj%2Fq4waGMhDvv43ZFEXc%3D,1,277966,1.99,19.99,1,90.045023,0,Mixed,64,39,1855580,1727049600,1790874638,3.6,https://shared.fastly.steamstatic.com/store_item_assets/steam/apps/1855580/13ce07e4ea508a13b1c2b55b6351174cd63c9da0/capsule_231x87.jpg?t=1790838172,2024-09-23 00:00:00+00:00,2024,09/23/24
TOEMAPHOTOADVENTURE,TOEM: A Photo Adventure,,S3D8h5a8Zj3s4rJN3yDaVRe4sZYiS9UGfpaVxoI524I%3D,1,283205,1.99,19.99,1,90.045023,0,Overwhelmingly Positive,99,3350,1307580,0,1789673604,5.6,https://shared.fastly.steamstatic.com/store_item_assets/steam/apps/1307580/capsule_231x87.jpg?t=1790712199,1970-01-01 00:00:00+00:00,1970,01/01/70
BEARSINSPACE,Bears in Space,/game/bears-in-space/,zjRvikcDOHB2oBlaYPGpZFkyl7PT7XiU1tIi9kh0phc%3D,1,284047,1.99,19.99,1,90.045023,79,Very Positive,87,485,1309620,1711065600,1789674318,7.5,https://shared.fastly.steamstatic.com/store_item_assets/steam/apps/1309620/capsule_231x87.jpg?t=1758953155,2024-03-22 00:00:00+00:00,2024,03/22/24
MONSTERSDOMAIN,Monsters Domain,/game/monsters-domain/,0IQTJdaApC%2BRq7Vh07zSqkl1tEwXZdCZ2J5FVf9%2FEDw%3D,1,284643,1.99,19.99,1,90.045023,0,Mostly Negative,34,273,1442450,1712275200,1790878161,7.6,https://shared.fastly.steamstatic.com/store_item_assets/steam/apps/1442450/capsule_231x87.jpg?t=1725435365,2024-04-05 00:00:00+00:00,2024,04/05/24
BRAIDANNIVERSARYEDITION,"Braid, Anniversary Edition",/game/braid-anniversary-edition/,ZId05RbZ2C%2BWoHAl1oIr3iP7VbHXo%2BpbLEQY14W8gww%3D,1,285313,1.99,19.99,1,90.045023,0,Very Positive,92,1766,499180,1715644800,1790882263,7.6,https://shared.fastly.steamstatic.com/store_item_assets/steam/apps/499180/capsule_231x87.jpg?t=1730925816,2024-05-14 00:00:00+00:00,2024,05/14/24
CRIMEBOSSROCKAYCITY,Crime Boss: Rockay City,/game/crime-boss-rockay-city/,ugm2dHf5u65qLOkuQVwhaMt9sUVnDcG3IOttwYrwy0Y%3D,1,257834,1.99,19.99,1,90.045023,52,Mostly Positive,73,4118,2933080,1679961600,1790881670,8.5,https://shared.fastly.steamstatic.com/store_item_assets/steam/apps/2933080/cd738ecfb5e5250a9abd76c2789e7017546d2b41/capsule_231x87.jpg?t=1789486079,2023-03-28 00:00:00+00:00,2023,03/28/23
AKIMBOT,Akimbot,/game/akimbot/,iU6xKtXKl12QspsaijS4%2F4omq0zqHDOsIqEoOl%2F77JA%3D,1,290689,1.99,19.99,1,90.045023,65,Very Positive,82,791,1843540,1724889600,1789673992,6.9,https://shared.fastly.steamstatic.com/store_item_assets/steam/apps/1843540/capsule_231x87.jpg?t=1732093384,2024-08-29 00:00:00+00:00,2024,08/29/24
DIGSTD,Digs TD,,7ZNnRaTV2lA%2BdssO9bWQ12udGSykhCrRcUtadd9UlUQ%3D,1,292279,1.99,19.99,1,90.045023,0,Mixed,67,76,2281870,0,1790875955,3.6,https://shared.fastly.steamstatic.com/store_item_assets/steam/apps/2281870/capsule_231x87.jpg?t=1785944989,1970-01-01 00:00:00+00:00,1970,01/01/70
FEUDALBARONKINGSLAND,Feudal Baron: Kings Land,/game/feudal-baron-kings-land/,B6t5fR2JWibUdpmUDRvXCS1OwNR4W8Zm9l8UoEDXkBk%3D,1,293708,1.99,19.99,1,90.045023,0,Mostly Negative,32,79,1674530,1729641600,1790444221,2.9,https://shared.fastly.steamstatic.com/store_item_assets/steam/apps/1674530/6852655455d1fee6adde0bb9770f11449dc64c78/capsule_231x87.jpg?t=1790332110,2024-10-23 00:00:00+00:00,2024,10/23/24
SINUNITGHOSTINVESTIGATIONANDREMOVAL,S.I.N. Unit: Ghost Investigation and Removal,,Jl8MhpmlbM2pSjJYuJOSeBfR7zOIs3320%2BJuunCHiH0%3D,1,295000,1.99,19.99,1,90.045023,0,Mixed,47,17,1724630,0,1790875616,3.6,https://shared.fastly.steamstatic.com/store_item_assets/steam/apps/1724630/5c808c647f370aaedf41da6cd1a520aae35b7918/capsule_231x87.jpg?t=1790569118,1970-01-01 00:00:00+00:00,1970,01/01/70
RISEETERNA2,Rise Eterna 2,/game/rise-eterna-2/,SKiPn%2BDplyMd%2BZVNnV9iOB%2BZ4aSi3NkbQ61Kg8ajem8%3D,1,309953,1.99,19.99,1,90.045023,0,Mixed,65,23,2821930,1759968000,1790874839,4.5,https://shared.fastly.steamstatic.com/store_item_assets/steam/apps/2821930/5e128b5485ce70bd1eb90d5932c19bf2b459f89b/capsule_231x87.jpg?t=1777454318,2025-10-09 00:00:00+00:00,2025,10/09/25
UNDEADRISEOFTHEBETRAYEDKING,Undead: Rise of the Betrayed King,/game/undead-rise-of-the-betrayed-king/,VjuQsiaevPGZPS9T0YkX2KHTt2MDamOoKDw7fu8bZC0%3D,1,313114,1.99,19.99,1,90.045023,0,Mostly Positive,70,17,2711180,1771459200,1790874445,5.1,https://shared.fastly.steamstatic.com/store_item_assets/steam/apps/2711180/54036f9ded730e3535a781ef60ca13a07bef08e9/capsule_231x87.jpg?t=1790762256,2026-02-19 00:00:00+00:00,2026,02/19/26
PALSGOONLYUP,Pals Go Only Up!,/game/pals-go-only-up/,%2Fohwxc%2BkBPlqYjM%2BIzqfvXqlUcUHHGLyIJu8wdJ6iPI%3D,1,326694,1.99,19.99,1,90.045023,0,,0,0,2912420,1713484800,1790878701,3.6,https://shared.fastly.steamstatic.com/store_item_assets/steam/apps/2912420/38d63642308cd7fb96ed5bdf48d5210c89d1e9a3/capsule_231x87.jpg?t=1790459659,2024-04-19 00:00:00+00:00,2024,04/19/24
VECTORSTRIKE,Vector Strike,/game/vector-strike/,rrRxdtmWKhHHePqvIj12TR9DbLjsJJwyS0Dr%2FhCUz2g%3D,1,314405,1.99,19.99,1,90.045023,0,,0,0,2678820,1741046400,1790878651,3.6,https://shared.fastly.steamstatic.com/store_item_assets/steam/apps/2678820/2397a7484731ce7b8731af04c07d690c4eb2a2a9/capsule_231x87.jpg?t=1783442220,2025-03-04 00:00:00+00:00,2025,03/04/25
PROJECTMANAGERINITIATION,Project Manager (Initiation),/game/project-manager-initiation/,2w5VhnK%2FSCCBixz6Wt1V3QBRLMqwh9dw0HPAP3BqJeg%3D,1,331687,1.99,19.99,1,90.045023,0,,0,0,3845820,1754265600,1790878669,4.2,https://shared.fastly.steamstatic.com/store_item_assets/steam/apps/3845820/35788f79333aa8422847ff003b8e327281fd94a5/capsule_231x87.jpg?t=1756374185,2025-08-04 00:00:00+00:00,2025,08/04/25
ALIENBREED3DESCENT,Alien Breed 3: Descent,/game/alien-breed-3-descent/,tGSBugvNKXt2p8oqgzks5BrNv%2BklHB98Lbp4pqwDqi0%3D,1,707,2.29,22.99,1,90.039147,64,Mostly Positive,77,395,22670,1289952000,1789665451,6.8,https://shared.fastly.steamstatic.com/store_item_assets/steam/apps/22670/capsule_231x87.jpg?t=1668769192,2010-11-17 00:00:00+00:00,2010,11/17/10
ALIENBREEDIMPACT,Alien Breed: Impact,/game/pc/alien-breed-impact,7czDSSkjHzm50ZgIzSzPSt9%2BAjXqgbDNH%2FwK4VyVQi0%3D,1,818,2.29,22.99,1,90.039147,64,Mostly Positive,78,1058,22610,1275523200,1789664721,6.8,https://shared.fastly.steamstatic.com/store_item_assets/steam/apps/22610/capsule_231x87.jpg?t=1741626879,2010-06-03 00:00:00+00:00,2010,06/03/10
THENIGHTOFTHERABBIT,The Night of the Rabbit,/game/the-night-of-the-rabbit/,o9Rx7JRHuFZuU59Iias%2BcEDCPAdM94bFsX1flJqGg58%3D,1,97671,2.49,24.99,1,90.036014,75,Very Positive,87,1114,230820,1369699200,1790882985,9.3,https://shared.fastly.steamstatic.com/store_item_assets/steam/apps/230820/capsule_231x87.jpg?t=1789474148,2013-05-28 00:00:00+00:00,2013,05/28/13
LORDSOFTHEBLACKSUN,Lords of the Black Sun,/game/lords-of-the-black-sun/,nxbNfDUu5fP9n1ekb7dktw4SF5dInxGXXSPLZI4ZhwI%3D,1,108599,2.49,24.99,1,90.036014,0,Very Negative,19,330,246940,1410480000,1790878367,7.6,https://shared.fastly.steamstatic.com/store_item_assets/steam/apps/246940/capsule_231x87.jpg?t=1772805684,2014-09-12 00:00:00+00:00,2014,09/12/14
THEESCAPISTS,The Escapists,/game/the-escapists/,EW6V%2BHdf2sNn%2FZAeJyIKsYQQ1eefiBNp%2BoQtsCpe%2Fbk%3D,1,122961,2.49,24.99,1,90.036014,71,Very Positive,89,9358,298630,1404864000,1789673701,7.1,https://shared.fastly.steamstatic.com/store_item_assets/steam/apps/298630/capsule_231x87.jpg?t=1784119044,2014-07-09 00:00:00+00:00,2014,07/09/14
VECTORTHRUST,Vector Thrust,/game/vector-thrust/,lcZzEEzUbXwQwVZl40cothlmUUV5x9gbuZLqLJ2GAiA%3D,1,122059,2.49,24.99,1,90.036014,57,Mixed,49,575,242130,1340668800,1790875070,8.6,https://shared.fastly.steamstatic.com/store_item_assets/steam/apps/242130/capsule_231x87.jpg?t=1772809009,2012-06-26 00:00:00+00:00,2012,06/26/12
WAYOFTHESAMURAI4,Way of the Samurai 4,/game/way-of-the-samurai-4/,b0zeaIUFSJP4uG55grClAqWYp1liJ5MJkQY4Zx7TnYg%3D,1,144938,2.49,24.99,1,90.036014,72,Mostly Positive,77,1946,312780,1437609600,1790882644,9.1,https://shared.fastly.steamstatic.com/store_item_assets/steam/apps/312780/0291ec608c6c0c6c337f3838606425b67c59dbbd/capsule_231x87.jpg?t=1757053932,2015-07-23 00:00:00+00:00,2015,07/23/15
BATTLEZONE98REDUX,Battlezone 98 Redux,/game/battlezone-98-redux/,IGgcrSzLHzZu43hxT4%2Bcs9nJutrPSQn3bhQjmyE4pi0%3D,1,151782,2.49,24.99,1,90.036014,75,Very Positive,91,1045,301650,1460937600,1790882859,9.3,https://shared.fastly.steamstatic.com/store_item_assets/steam/apps/301650/capsule_231x87.jpg?t=1579791137,2016-04-18 00:00:00+00:00,2016,04/18/16
INSIDE,INSIDE,/game/inside/,MNeCPwsOA2Ep3wim%2FLwY4C0rcPZGEkwjwOSlzBwXs8c%3D,1,153803,2.49,24.99,1,90.036014,87,Overwhelmingly Positive,96,24406,304430,1467849600,1790881918,10.0,https://shared.fastly.steamstatic.com/store_item_assets/steam/apps/304430/capsule_231x87.jpg?t=1761819581,2016-07-07 00:00:00+00:00,2016,07/07/16
RIDE2,Ride 2,/game/ride-2/,InnKKEIb%2FqfKouN%2Bax%2BjKaNmOL143Xpp1Rs7jiiLeFY%3D,1,153995,2.49,24.99,1,90.036014,67,Very Positive,84,907,477770,1475798400,1790882957,8.9,https://shared.fastly.steamstatic.com/store_item_assets/steam/apps/477770/capsule_231x87.jpg?t=1728470230,2016-10-07 00:00:00+00:00,2016,10/07/16
CLUBNAUGHTY,Club Naughty,/game/club-naughty/,WZdN5ejQH5xqJOBA%2BUB7uU6jhQQ92XTJnlT449OrQXg%3D,1,162729,2.49,24.99,1,90.036014,0,Mostly Negative,34,130,558870,1479427200,1790878321,7.6,https://shared.fastly.steamstatic.com/store_item_assets/steam/apps/558870/capsule_231x87.jpg?t=1630662247,2016-11-18 00:00:00+00:00,2016,11/18/16
THEWILDEIGHT,The Wild Eight,/game/the-wild-eight/,fYyAPvTJitbq2nmfvRNsacDgcP5OIQ4oJUpUxgKGI%2FI%3D,1,165891,2.49,24.99,1,90.036014,0,Mixed,68,1793,526160,1486512000,1790886438,7.6,https://shared.fastly.steamstatic.com/store_item_assets/steam/apps/526160/capsule_231x87.jpg?t=1749735284,2017-02-08 00:00:00+00:00,2017,02/08/17
2DARK,2Dark,/game/2dark/,oCKf9wX4NDzmq9B%2F8HdPrhnov%2FWYAsrOUBdrAKHnO%2F8%3D,1,166248,2.49,24.99,1,90.036014,68,Very Positive,82,543,435100,1489104000,1789850510,7.2,https://shared.fastly.steamstatic.com/store_item_assets/steam/apps/435100/capsule_231x87.jpg?t=1778169512,2017-03-10 00:00:00+00:00,2017,03/10/17
RISINGSTORM2VIETNAM,Rising Storm 2: Vietnam,/game/rising-storm-2-vietnam/,zyGVQe8lhbM3BcfjZLODkZm4KQCRHoyiKuQ8XS1wVF4%3D,1,168488,2.49,24.99,1,90.036014,81,Very Positive,89,26852,418460,1496102400,1790881972,9.6,https://shared.fastly.steamstatic.com/store_item_assets/steam/apps/418460/capsule_231x87.jpg?t=1789745392,2017-05-30 00:00:00+00:00,2017,05/30/17
RUTHLESSSAFARI,Ruthless Safari,/game/ruthless-safari/,YxwE84fTG0mh%2BmWsYNgB1FlF%2BsOF0z9XLQIiup%2Boyi4%3D,1,171954,2.49,24.99,1,90.036014,0,Mostly Positive,71,107,685790,1502496000,1790875053,7.6,https://shared.fastly.steamstatic.com/store_item_assets/steam/apps/685790/capsule_231x87.jpg?t=1565191711,2017-08-12 00:00:00+00:00,2017,08/12/17
BRIGHTBOB,Bright Bob,/game/bright-bob/,Ppjg06SCUmn%2BnDMeWAlIB%2FSgYnUBcKl2VY0kyLDV394%3D,1,177785,2.49,24.99,1,90.036014,0,Mostly Positive,72,11,789550,1517616000,1790875073,3.6,https://shared.fastly.steamstatic.com/store_item_assets/steam/apps/789550/capsule_231x87.jpg?t=1586207892,2018-02-03 00:00:00+00:00,2018,02/03/18
FUKTOPIA,FukTopia,/game/pc/fuktopia,U3ZAdbq8sL31uJUdicoCTM%2BR9m0dkanNyQ29Unu%2Fr1k%3D,1,178567,2.49,24.99,1,90.036014,0,Mostly Negative,25,12,795490,1519603200,1790878317,3.6,https://shared.fastly.steamstatic.com/store_item_assets/steam/apps/795490/capsule_231x87.jpg?t=1625016080,2018-02-26 00:00:00+00:00,2018,02/26/18
STARMANINSPACE,Starman in space,/game/starman-in-space/,L6w9ca56ddvIOCduL04Pbdh5OWuzOFSypDVns3oSXI4%3D,1,178597,2.49,24.99,1,90.036014,0,Mostly Positive,77,18,804440,1519689600,1790875362,3.6,https://shared.fastly.steamstatic.com/store_item_assets/steam/apps/804440/capsule_231x87.jpg?t=1546696554,2018-02-27 00:00:00+00:00,2018,02/27/18
SLOPPYGOAT,Sloppy Goat,/game/sloppy-goat/,ypoxe%2FgsVOSdJquX1FqfEOTlSNgqSxzqkkpCQQKB4Vc%3D,1,184432,2.49,24.99,1,90.036014,0,Mostly Positive,76,25,823360,1522281600,1790875074,3.6,https://shared.fastly.steamstatic.com/store_item_assets/steam/apps/823360/capsule_231x87.jpg?t=1689020521,2018-03-29 00:00:00+00:00,2018,03/29/18
CITYPATROLPOLICE,City Patrol: Police,,SH0VdTlNVBoBxhlrH2fbRCJMEeIQendefX0d37Q6EhE%3D,1,186844,2.49,24.99,1,90.036014,0,Mixed,42,21,789890,0,1790875229,3.6,https://shared.fastly.steamstatic.com/store_item_assets/steam/apps/789890/capsule_231x87.jpg?t=1728937002,1970-01-01 00:00:00+00:00,1970,01/01/70
PESTIS,Pestis,/game/pestis/,psv11UMgCsdo2Kmsl8yX2lplr6Bzh%2BLu%2FCzT%2BO17JlQ%3D,1,186902,2.49,24.99,1,90.036014,0,Mostly Positive,77,88,853480,1525910400,1790875052,3.6,https://shared.fastly.steamstatic.com/store_item_assets/steam/apps/853480/capsule_231x87.jpg?t=1603801303,2018-05-10 00:00:00+00:00,2018,05/10/18
GRAVITYJUMP,Gravity Jump,/game/gravity-jump/,zrd%2F5sRdrZdgYBwi%2FGbgtZIZ9aXnLU004WVPQuFmh3U%3D,1,188274,2.49,24.99,1,90.036014,0,Mostly Positive,78,23,867800,1528761600,1790875072,3.6,https://shared.fastly.steamstatic.com/store_item_assets/steam/apps/867800/capsule_231x87.jpg?t=1547498673,2018-06-12 00:00:00+00:00,2018,06/12/18
YOURDIARY,your diary,/game/your-diary-plus/,PFyFN0d%2FUoLNzxhC5Hn%2BCYWYIkUVZ9qebCAA3mYYnh8%3D,1,190837,2.49,24.99,1,90.036014,0,Very Positive,85,320,761700,1533859200,1790886755,7.6,https://shared.fastly.steamstatic.com/store_item_assets/steam/apps/761700/capsule_231x87.jpg?t=1658923502,2018-08-10 00:00:00+00:00,2018,08/10/18
GREENHELL,Green Hell,/game/green-hell/,iUVXeEDqxCFmRDPjCo1c%2BPX3LgmEOhKzlf5f8GcNcAM%3D,1,191469,2.49,24.99,1,90.036014,78,Very Positive,85,27351,815370,1567641600,1790881548,9.4,https://shared.fastly.steamstatic.com/store_item_assets/steam/apps/815370/11b2c1dd531149d24a276ea0abae5f05b966f781/capsule_231x87.jpg?t=1783077147,2019-09-05 00:00:00+00:00,2019,09/05/19
BREATHEDGE,Breathedge,/game/breathedge/,SMGfHCxnzZtKKtHt4RTq6dTh0PlspyqQn1CtYqeZra0%3D,1,191994,2.49,24.99,1,90.036014,71,Mostly Positive,72,5477,738520,1614211200,1790881786,9.1,https://shared.fastly.steamstatic.com/store_item_assets/steam/apps/738520/capsule_231x87.jpg?t=1788188445,2021-02-25 00:00:00+00:00,2021,02/25/21
BLIND,Blind,/game/blind-2020/,QrOXtu%2BAa%2F2C4yI%2FBbLEQIwGkXNnHfKOjiS%2B750e7XU%3D,1,192184,2.49,24.99,1,90.036014,0,Mixed,67,126,406860,1606348800,1790875074,7.6,https://shared.fastly.steamstatic.com/store_item_assets/steam/apps/406860/capsule_231x87.jpg?t=1761578314,2020-11-26 00:00:00+00:00,2020,11/26/20
VAMBRACECOLDSOUL,Vambrace: Cold Soul,/game/vambrace-cold-soul/,G426jFzuqtCspCA6uAZkBPqq8EJHlhk%2FCGT1aYgiaNo%3D,1,200759,2.49,24.99,1,90.036014,59,Mixed,65,693,904380,1559001600,1790874857,8.7,https://shared.fastly.steamstatic.com/store_item_assets/steam/apps/904380/capsule_231x87.jpg?t=1721908243,2019-05-28 00:00:00+00:00,2019,05/28/19
FORTBOYARD,Fort Boyard,/game/fort-boyard/,FJQi3FkHsSmgS0Jzxb8zjvakg5U2Hrp5Ok8unrnCWks%3D,1,202810,2.49,24.99,1,90.036014,0,Mixed,53,41,1058330,1561593600,1790875890,3.6,https://shared.fastly.steamstatic.com/store_item_assets/steam/apps/1058330/capsule_231x87.jpg?t=1568896654,2019-06-27 00:00:00+00:00,2019,06/27/19
WARHAMMER40000INQUISITORPROPHECY,"Warhammer 40,000: Inquisitor - Prophecy",,T68LoGAjXr%2FlpvRdpW7S8ZWyktxNKa4lqRoc3qHmw9U%3D,1,203658,2.49,24.99,1,90.036014,0,Very Positive,82,1455,1042800,0,1790886294,7.6,https://shared.fastly.steamstatic.com/store_item_assets/steam/apps/1042800/capsule_231x87.jpg?t=1689157339,1970-01-01 00:00:00+00:00,1970,01/01/70
MXGP2019THEOFFICIALMOTOCROSSVIDEOGAME,MXGP 2019 - The Official Motocross Videogame,,4rvZPmVLicujycsrl9yKwKWq595HK%2F5lJX5kzkiElF4%3D,1,204405,2.49,24.99,1,90.036014,0,Very Positive,91,982,1018160,0,1790882998,7.6,https://shared.fastly.steamstatic.com/store_item_assets/steam/apps/1018160/capsule_231x87.jpg?t=1728478762,1970-01-01 00:00:00+00:00,1970,01/01/70
BLASPHEMOUS,Blasphemous,/game/blasphemous/,ZSLJFGK%2FaxD5j5hNK7BA0qH9XeE1LPRUJ2TshhWAtxg%3D,1,204448,2.49,24.99,1,90.036014,77,Very Positive,90,19754,774361,1568073600,1790881607,9.4,https://shared.fastly.steamstatic.com/store_item_assets/steam/apps/774361/capsule_231x87.jpg?t=1780479368,2019-09-10 00:00:00+00:00,2019,09/10/19
THEBEASTINSIDE,The Beast Inside,/game/the-beast-inside/,Aodn4Z1X9WNkfNn7KCYKV8oENnwuUXA2DBByRgJA2sw%3D,1,206354,2.49,24.99,1,90.036014,74,Mostly Positive,77,2389,792300,1571270400,1790882862,9.2,https://shared.fastly.steamstatic.com/store_item_assets/steam/apps/792300/capsule_231x87.jpg?t=1669227434,2019-10-17 00:00:00+00:00,2019,10/17/19
DOCTORWHOTHEEDGEOFTIME,Doctor Who: The Edge Of Time,/game/doctor-who-the-edge-of-time/,z0LwGOmtIIYP1cetKK3r%2Fet4vzRpLgp6iI%2FicBOND%2Fw%3D,1,207118,2.49,24.99,1,90.036014,60,Mixed,60,226,1075400,1573516800,1790874987,8.7,https://shared.fastly.steamstatic.com/store_item_assets/steam/apps/1075400/capsule_231x87.jpg?t=1698340942,2019-11-12 00:00:00+00:00,2019,11/12/19
VRPINGPONGPRO,VR Ping Pong Pro,/game/vr-ping-pong-pro/,%2BoHnhhOl5BBjuR6CnRrf0jLAg8Q2F7sVnxUgomYxg68%3D,1,207125,2.49,24.99,1,90.036014,0,Mixed,47,46,1029730,1573516800,1790875274,3.6,https://shared.fastly.steamstatic.com/store_item_assets/steam/apps/1029730/capsule_231x87.jpg?t=1738070175,2019-11-12 00:00:00+00:00,2019,11/12/19
EVERREACHPROJECTEDEN,Everreach: Project Eden,/game/everreach-project-eden/,Fv9Jp2QF8mIIotwsvk6CWXMfMiQvBdacxShSESkh0P4%3D,1,207842,2.49,24.99,1,90.036014,43,Mixed,49,430,915670,1575417600,1790875138,8.3,https://shared.fastly.steamstatic.com/store_item_assets/steam/apps/915670/capsule_231x87.jpg?t=1784253603,2019-12-04 00:00:00+00:00,2019,12/04/19
MONSTERENERGYSUPERCROSSTHEOFFICIALVIDEOGAME3,Monster Energy Supercross - The Official Videogame 3,/game/monster-energy-supercross-the-official-videogame-3/,5JJgiV9vgTdyWN%2B7%2BCAikZgHtll0ajoollHb6JEz5Hs%3D,1,210638,2.49,24.99,1,90.036014,72,Very Positive,88,1038,1089830,1580774400,1790886015,9.1,https://shared.fastly.steamstatic.com/store_item_assets/steam/apps/1089830/capsule_231x87.jpg?t=1728478013,2020-02-04 00:00:00+00:00,2020,02/04/20
MOVINGOUT,Moving Out,/game/moving-out/,ALUxdSfwAck8ZH%2FIiQdQEb6jFxx8Wx4zUmb1CiDeobU%3D,1,212038,2.49,24.99,1,90.036014,79,Very Positive,82,1679,996770,1588032000,1789673672,7.5,https://shared.fastly.steamstatic.com/store_item_assets/steam/apps/996770/capsule_231x87.jpg?t=1781014487,2020-04-28 00:00:00+00:00,2020,04/28/20
MINERSMETTLE,Miner's Mettle,/game/miners-mettle/,pEUFa8WB1rj%2BOMDxoysRtat1cyUmlbvdX%2Bgh%2B6GCkiI%3D,1,215394,2.49,24.99,1,90.036014,0,Mixed,58,72,1058800,1635897600,1790107723,2.3,https://shared.fastly.steamstatic.com/store_item_assets/steam/apps/1058800/capsule_231x87.jpg?t=1721234837,2021-11-03 00:00:00+00:00,2021,11/03/21
PANZERDRAGOONREMAKE,Panzer Dragoon: Remake,/game/pc/panzer-dragoon-remake,USylvCWaSWwmBSLrv7mJY6%2B%2FWKpKbwd%2B8dir55GQqQs%3D,1,209172,2.49,24.99,1,90.036014,0,Mostly Positive,78,862,1178880,1600992000,1790882930,7.6,https://shared.fastly.steamstatic.com/store_item_assets/steam/apps/1178880/capsule_231x87.jpg?t=1777286000,2020-09-25 00:00:00+00:00,2020,09/25/20
WARPDRIVE,Warp Drive,/game/warp-drive/,DTL52nBABl0xnkBWR3ZTB6dy4kD7Yl6CuQR12b74aPY%3D,1,223496,2.49,24.99,1,90.036014,0,Mixed,56,57,1163500,1606435200,1790875905,3.6,https://shared.fastly.steamstatic.com/store_item_assets/steam/apps/1163500/capsule_231x87.jpg?t=1667314256,2020-11-27 00:00:00+00:00,2020,11/27/20
MORBIDTHESEVENACOLYTES,Morbid: The Seven Acolytes,/game/morbid-the-seven-acolytes/,zKqOGHlWSpVg%2FpW1bYtT4BunKxWK%2Bftg5XUSUuqk%2BdA%3D,1,223309,2.49,24.99,1,90.036014,71,Mostly Positive,75,966,1140890,1606953600,1790886265,9.1,https://shared.fastly.steamstatic.com/store_item_assets/steam/apps/1140890/capsule_231x87.jpg?t=1738068071,2020-12-03 00:00:00+00:00,2020,12/03/20
PEACEDUKE,Peace Duke,/game/peace-duke/,IZKbaGMu0zZGulTNnH1n7lhM42uBqL2837EL2d58PZc%3D,1,225037,2.49,24.99,1,90.036014,0,Mixed,61,21,823100,1522022400,1790875779,3.6,https://shared.fastly.steamstatic.com/store_item_assets/steam/apps/823100/capsule_231x87.jpg?t=1546693098,2018-03-26 00:00:00+00:00,2018,03/26/18
NUTS,NUTS,/game/nuts-2021/,qkxHABscWr3vFK%2Bvu1RzBeK091jGTAVqAoR2DbonqwY%3D,1,225773,2.49,24.99,1,90.036014,70,Very Positive,88,887,768450,1612396800,1790882916,9.0,https://shared.fastly.steamstatic.com/store_item_assets/steam/apps/768450/capsule_231x87.jpg?t=1787591196,2021-02-04 00:00:00+00:00,2021,02/04/21
SKULLGIRLS2NDENCORE,Skullgirls 2nd Encore,/game/skullgirls-2nd-encore/,EPeAfCjiQPK%2BNCbqqfYVm9lpeToGQyPqW%2B%2FBBkljwmM%3D,1,226776,2.49,24.99,1,90.036014,0,Very Positive,86,11941,245170,1460505600,1790881835,7.6,https://shared.fastly.steamstatic.com/store_item_assets/steam/apps/245170/capsule_231x87.jpg?t=1737508709,2016-04-13 00:00:00+00:00,2016,04/13/16
NARITABOY,Narita Boy,/game/narita-boy/,EATo6x%2BvlCeSxjZYwbktH%2BjTBQPiiHguZ143oDjx3%2Bk%3D,1,227411,2.49,24.99,1,90.036014,74,Mostly Positive,79,1164,1069530,1617062400,1789676989,7.2,https://shared.fastly.steamstatic.com/store_item_assets/steam/apps/1069530/capsule_231x87.jpg?t=1778534384,2021-03-30 00:00:00+00:00,2021,03/30/21
KINGOFSEAS,King of Seas,/game/king-of-seas/,1whKXlXxYrA3uYY8gie9wphf4oU5%2FIF77f68SsyylTs%3D,1,229027,2.49,24.99,1,90.036014,68,Mixed,57,606,1209410,1621900800,1789665119,7.0,https://shared.fastly.steamstatic.com/store_item_assets/steam/apps/1209410/capsule_231x87.jpg?t=1777283148,2021-05-25 00:00:00+00:00,2021,05/25/21
INSURMOUNTABLE,Insurmountable,/game/insurmountable/,FIvyvWiEC%2B0GW6CD8p8nAHw5mdNwKKvA7e2DLgkQcfc%3D,1,229104,2.49,24.99,1,90.036014,74,Mostly Positive,78,832,1385100,1619654400,1790886639,9.2,https://shared.fastly.steamstatic.com/store_item_assets/steam/apps/1385100/capsule_231x87.jpg?t=1789476911,2021-04-29 00:00:00+00:00,2021,04/29/21
SIEGESURVIVALGLORIAVICTIS,Siege Survival: Gloria Victis,/game/siege-survival-gloria-victis/,JAqN%2FMz%2FVNl1hiM9zoxqSjiC8mAzaE3F3XpaoSri8Fk%3D,1,220486,2.49,24.99,1,90.036014,69,Mostly Positive,79,1370,1167140,1621296000,1789676912,7.0,https://shared.fastly.steamstatic.com/store_item_assets/steam/apps/1167140/capsule_231x87.jpg?t=1726631358,2021-05-18 00:00:00+00:00,2021,05/18/21
SEVEREDSTEEL,Severed Steel,/game/severed-steel/,S7eyYnT2RWZEWSYW1c%2F08CehD1irOcyHMP%2B%2FUAEMnBY%3D,1,234475,2.49,24.99,1,90.036014,73,Overwhelmingly Positive,95,4767,1227690,1631836800,1789673664,7.2,https://shared.fastly.steamstatic.com/store_item_assets/steam/apps/1227690/capsule_231x87.jpg?t=1723920018,2021-09-17 00:00:00+00:00,2021,09/17/21
DYINGLIGHT,Dying Light,/game/dying-light/,WYRSpFnEq1ERqtEVD17doNjbxnm3a%2FEC8zFe1hamz6g%3D,1,128804,2.49,24.99,1,90.036014,75,Very Positive,94,99345,239140,1422316800,1790881482,9.3,https://shared.fastly.steamstatic.com/store_item_assets/steam/apps/239140/2f76ff4a0212ecf8d7a2096f91cd2a0e9235e3ee/capsule_231x87.jpg?t=1782913513,2015-01-27 00:00:00+00:00,2015,01/27/15
CHORUS,Chorus,/game/chorus/,JmTGuQGecpYUOTJZ31%2BNfpwhNu6rZ9%2B3VLR4wdITXNQ%3D,1,234880,2.49,24.99,1,90.036014,76,Very Positive,81,2356,1153640,1638489600,1790273557,8.3,https://shared.fastly.steamstatic.com/store_item_assets/steam/apps/1153640/capsule_231x87.jpg?t=1730478689,2021-12-03 00:00:00+00:00,2021,12/03/21
ROGUELORDS,Rogue Lords,/game/rogue-lords/,U6tWzT38I%2Bvt5Fz1A2cyGQbOQvNukLIAJR3xwpSLYPI%3D,1,235190,2.49,24.99,1,90.036014,72,Mostly Positive,71,1445,1069690,1632960000,1790886949,9.1,https://shared.fastly.steamstatic.com/store_item_assets/steam/apps/1069690/capsule_231x87.jpg?t=1778174409,2021-09-30 00:00:00+00:00,2021,09/30/21
THEREDLANTERN,The Red Lantern,/game/the-red-lantern/,%2BdZojXDqzMBOd6iCgADwHRCjsNHlhkG9Ngo%2FT%2FWbDQE%3D,1,221241,2.49,24.99,1,90.036014,69,Very Positive,83,940,1053710,1603324800,1790882319,9.0,https://shared.fastly.steamstatic.com/store_item_assets/steam/apps/1053710/capsule_231x87.jpg?t=1782202640,2020-10-22 00:00:00+00:00,2020,10/22/20
BANGBANGPEWPEW,BangBang PewPew,/game/bangbang-pewpew/,5jwLM7VuBdenYsyaHIXHraLh%2FJ%2BGp9wKAxys%2BFpM71c%3D,1,243093,2.49,24.99,1,90.036014,0,,0,0,1818880,1649376000,1790878419,3.6,https://shared.fastly.steamstatic.com/store_item_assets/steam/apps/1818880/capsule_231x87.jpg?t=1651725000,2022-04-08 00:00:00+00:00,2022,04/08/22
THEHOUSEOFTHEDEADREMAKE,THE HOUSE OF THE DEAD: Remake,/game/the-house-of-the-dead-remake/,QWHe63cXs6EHj1H%2Baa0fL4%2Fjjzrz%2FfOsvaxma2lXl2w%3D,1,244741,2.49,24.99,1,90.036014,0,Mixed,68,1348,1694600,1651104000,1790882379,7.6,https://shared.fastly.steamstatic.com/store_item_assets/steam/apps/1694600/capsule_231x87.jpg?t=1784895759,2022-04-28 00:00:00+00:00,2022,04/28/22
CONSTRUCTIONSIMULATOR,Construction Simulator,/game/construction-simulator/,mOH4flXLo1bwYqswh34m2kDwWMQ1IhIC%2B0G%2FHRyHKX0%3D,1,248124,2.49,24.99,1,90.036014,0,Mostly Positive,79,3534,1273400,1320883200,1790881513,7.6,https://shared.fastly.steamstatic.com/store_item_assets/steam/apps/1273400/capsule_231x87.jpg?t=1784210925,2011-11-10 00:00:00+00:00,2011,11/10/11
ZOMBIESINVASION,Zombies Invasion,/game/zombies-invasion/,k6KGbOQa0mCmCj4c0vzQG64ekOXXREwdAjQwG4LdrBo%3D,1,248163,2.49,24.99,1,90.036014,0,Mostly Negative,39,23,2027570,1655942400,1790878287,3.6,https://shared.fastly.steamstatic.com/store_item_assets/steam/apps/2027570/capsule_231x87.jpg?t=1655979344,2022-06-23 00:00:00+00:00,2022,06/23/22
HAZELSKY,Hazel Sky,/game/hazel-sky/,8Zi8N7y9hMDun89O6EjJOG%2Ftvj6wsFiqD9dq1DERbsk%3D,1,249025,2.49,24.99,1,90.036014,0,Mixed,68,243,1094920,1658275200,1790874913,7.6,https://shared.fastly.steamstatic.com/store_item_assets/steam/apps/1094920/capsule_231x87.jpg?t=1779871713,2022-07-20 00:00:00+00:00,2022,07/20/22
HELLPIE,Hell Pie,/game/hell-pie/,EWCWRdJCZ%2BEF8cUCE32v1VCqy7BC7CJU0ujmEZJDizQ%3D,1,249066,2.49,24.99,1,90.036014,78,Very Positive,91,1129,889910,1658361600,1790882793,9.4,https://shared.fastly.steamstatic.com/store_item_assets/steam/apps/889910/capsule_231x87.jpg?t=1764867573,2022-07-21 00:00:00+00:00,2022,07/21/22
THECHANT,The Chant,/game/the-chant/,1Zt9NhKBypuSM6XKrwtKJ5b%2FUOERFNFu022A6Zx6h64%3D,1,251090,2.49,24.99,1,90.036014,71,Mostly Positive,75,882,1577250,1667433600,1790886101,9.1,https://shared.fastly.steamstatic.com/store_item_assets/steam/apps/1577250/capsule_231x87.jpg?t=1736492763,2022-11-03 00:00:00+00:00,2022,11/03/22
NEWJOEANDMACCAVEMANNINJA,New Joe and Mac - Caveman Ninja,/game/new-joe-and-mac-caveman-ninja/,Xra1cr4CIkASp%2BfGKegN5N282awnIoPkmrTGrxp2WQM%3D,1,254050,2.49,24.99,1,90.036014,0,Mixed,55,79,1492320,1669852800,1790874443,3.6,https://shared.fastly.steamstatic.com/store_item_assets/steam/apps/1492320/capsule_231x87.jpg?t=1683877233,2022-12-01 00:00:00+00:00,2022,12/01/22
BEYONDTHEEDGEOFOWLSGARD,Beyond The Edge Of Owlsgard,/game/beyond-the-edge-of-owlsgard/,10w0XFsQ603jZzuTdRtEkEkuu6duf0sPolZlDBohOnA%3D,1,255257,2.49,24.99,1,90.036014,0,Very Positive,95,294,1709730,1671753600,1790885986,7.6,https://shared.fastly.steamstatic.com/store_item_assets/steam/apps/1709730/capsule_231x87.jpg?t=1728898463,2022-12-23 00:00:00+00:00,2022,12/23/22
NOBODYWANTSTODIE,Nobody Wants to Die,/game/nobody-wants-to-die/,KNslEfCGATnodYZcJjOf3wPC0KLjNkwRhsb8nk7Gqng%3D,1,289253,2.49,24.99,1,90.036014,75,Very Positive,82,3216,1939970,1721174400,1790881840,9.3,https://shared.fastly.steamstatic.com/store_item_assets/steam/apps/1939970/capsule_231x87.jpg?t=1780926708,2024-07-17 00:00:00+00:00,2024,07/17/24
PHANTOMBREAKERBATTLEGROUNDSULTIMATE,Phantom Breaker: Battle Grounds Ultimate,/game/phantom-breaker-battle-grounds-ultimate/,FvT%2BkliqHzhVqlz1ehIQaYMwjD%2FSyY7ZnvOo02At10Q%3D,1,300974,2.49,24.99,1,90.036014,66,Very Positive,84,205,2067350,1744848000,1790882775,9.0,https://shared.fastly.steamstatic.com/store_item_assets/steam/apps/2067350/capsule_231x87.jpg?t=1784659798,2025-04-17 00:00:00+00:00,2025,04/17/25
SUPERSPYROXOADVENTURESISLANDOFDNFOO,Super Spyroxo Adventures: Island of Dnfoo,/game/super-spyroxo-adventures-island-of-dnfoo/,zcIZ0mnR1u%2FlWDgjJ4w6g8TSuxIxsw%2BV5nNDli5QgAc%3D,1,327320,2.49,24.99,1,90.036014,0,,0,0,2089750,1704412800,1790878705,3.6,https://shared.fastly.steamstatic.com/store_item_assets/steam/apps/2089750/1e41fa593bb046e0c7231bf9d377ffcbf8a0caaa/capsule_231x87.jpg?t=1780886056,2024-01-05 00:00:00+00:00,2024,01/05/24
PLURALYS,Pluralys,/game/pluralys/,6RPii7rE8UOiiF3sDVEDzC0LqgZmZ96E3XyqUwHzlfc%3D,1,316755,1.49,14.95,1,90.033445,0,Positive,92,40,3275440,1775692800,1790886210,2.8,https://shared.fastly.steamstatic.com/store_item_assets/steam/apps/3275440/be156a4fec573eaca41a573c6f6705ecbea59b6c/capsule_231x87.jpg?t=1790708235,2026-04-09 00:00:00+00:00,2026,04/09/26
THEDARKNESSII,The Darkness II,/game/the-darkness-ii/,4VGW4ix4gorvRoqMdDrM%2FGPsr4Bfnb7Y7CsjdKijUFU%3D,1,21,2.99,29.99,1,90.030010,77,Very Positive,89,3759,67370,1328486400,1790882134,9.3,https://shared.fastly.steamstatic.com/store_item_assets/steam/apps/67370/capsule_231x87.jpg?t=1728674715,2012-02-06 00:00:00+00:00,2012,02/06/12
STRONGHOLD3GOLD,Stronghold 3 Gold,,m5%2B%2FR89vdP4A5vEvcRKPZmU0dagQAzF6ox4Dgn%2FVdY4%3D,1,87751,2.99,29.99,1,90.030010,0,Mostly Negative,26,1646,47400,0,1790878138,7.5,https://shared.fastly.steamstatic.com/store_item_assets/steam/apps/47400/capsule_231x87.jpg?t=1758726085,1970-01-01 00:00:00+00:00,1970,01/01/70
XREBIRTH,X Rebirth,/game/x-rebirth/,zWIS1QfSWqEsrRXkUimOyQju%2FsgSU0iMrNA2X6DSVbM%3D,1,101097,2.99,29.99,1,90.030010,33,Mostly Negative,37,3401,2870,1384473600,1790886914,8.1,https://shared.fastly.steamstatic.com/store_item_assets/steam/apps/2870/capsule_231x87.jpg?t=1762271301,2013-11-15 00:00:00+00:00,2013,11/15/13
SHADOWWARRIOR,Shadow Warrior,/game/shadow-warrior/,nvuRQLm4I3kG3uAOicvOuPijJv7lj0m%2B0LmcDRbUSLA%3D,1,101413,2.99,29.99,1,90.030010,73,Very Positive,93,8113,233130,1380153600,1790882251,9.1,https://shared.fastly.steamstatic.com/store_item_assets/steam/apps/233130/capsule_231x87.jpg?t=1710246206,2013-09-26 00:00:00+00:00,2013,09/26/13
SHERLOCKHOLMESCRIMESANDPUNISHMENTS,Sherlock Holmes: Crimes and Punishments,/game/crimes-and-punishments/,OAQUg%2BEUSa12yQ4l1fQHIxcmFosoe4kMs56lo%2F8Ihgw%3D,1,112131,2.99,29.99,1,90.030010,77,Very Positive,89,2400,241260,1411948800,1790882359,9.3,https://shared.fastly.steamstatic.com/store_item_assets/steam/apps/241260/capsule_231x87.jpg?t=1758523035,2014-09-29 00:00:00+00:00,2014,09/29/14
DEPONIATHECOMPLETEJOURNEY,Deponia  The Complete Journey,/game/deponia-the-complete-journey/,C8p2oAtApvqRph4usdGweBnGJYO%2FeK6bLwYE0GJ7IW0%3D,1,111457,2.99,29.99,1,90.030010,0,Very Positive,80,1335,292910,1404777600,1790882747,7.5,https://shared.fastly.steamstatic.com/store_item_assets/steam/apps/292910/capsule_231x87.jpg?t=1789474654,2014-07-08 00:00:00+00:00,2014,07/08/14
GLOBALATCSIMULATOR,Global ATC Simulator,/game/global-atc-simulator/,pZxJNIdzog60y207u%2FIaVmgAO%2BWQ%2BAA4GklO%2FGjXfM4%3D,1,136926,2.99,29.99,1,90.030010,0,Mixed,62,133,270830,1415577600,1789763083,5.7,https://shared.fastly.steamstatic.com/store_item_assets/steam/apps/270830/capsule_231x87.jpg?t=1667920620,2014-11-10 00:00:00+00:00,2014,11/10/14
KILLINGFLOOR2,Killing Floor 2,/game/killing-floor-2/,TfaviHH8M0SQS18DdCF2%2FRLC5MeS%2BNU8YS9HpOY16hU%3D,1,143325,2.99,29.99,1,90.030010,75,Very Positive,88,42264,232090,1479427200,1790881617,9.2,https://shared.fastly.steamstatic.com/store_item_assets/steam/apps/232090/capsule_231x87.jpg?t=1774538987,2016-11-18 00:00:00+00:00,2016,11/18/16
DEUSEXMANKINDDIVIDED,Deus Ex: Mankind Divided,/game/deus-ex-mankind-divided/,Ppi1hduzzSTTcVfyap53KkMwyHbwS8In80ZKCDLt3I4%3D,1,143165,2.99,29.99,1,90.030010,83,Mostly Positive,75,16497,337000,1471910400,1789673442,7.7,https://shared.fastly.steamstatic.com/store_item_assets/steam/apps/337000/96fc2a82c1820c77aae26304c62388841c2a93be/capsule_231x87.jpg?t=1780670420,2016-08-23 00:00:00+00:00,2016,08/23/16
WARHAMMERENDTIMESVERMINTIDE,Warhammer: End Times - Vermintide,/game/warhammer-end-times-vermintide/,IFYr9AIXHCkSKU0rkj1Tl2V1Cvk%2BWPz%2FmGaH2%2F%2BufYc%3D,1,145156,2.99,29.99,1,90.030010,79,Very Positive,83,7875,235540,1445558400,1790882138,9.4,https://shared.fastly.steamstatic.com/store_item_assets/steam/apps/235540/13b1be07e53f1febe5c229b8539e5a964dfbecc5/capsule_231x87.jpg?t=1761316136,2015-10-23 00:00:00+00:00,2015,10/23/15
TOMCLANCYSTHEDIVISION,Tom Clancys The Division,/game/tom-clancys-the-division/,LZXyEAGk%2B9IVGVQKblt%2B5AP85sg4kgnJdqR5fa4LJGU%3D,1,119363,2.99,29.99,1,90.030010,79,Mostly Positive,73,27641,365590,1457308800,1789673298,7.4,https://shared.fastly.steamstatic.com/store_item_assets/steam/apps/365590/669d04e17f4f30a6e1eaab016956dc09ab23ea0d/capsule_231x87.jpg?t=1782421726,2016-03-07 00:00:00+00:00,2016,03/07/16
SHERLOCKHOLMESTHEDEVILSDAUGHTER,Sherlock Holmes: The Devil's Daughter,/game/sherlock-holmes-the-devils-daughter/,jPN6Tv4iVo%2BZDFToR9lHcSZsytK%2BmJPsPksDKBEdmUQ%3D,1,153106,2.99,29.99,1,90.030010,65,Mostly Positive,78,2929,350640,1464307200,1790882544,8.8,https://shared.fastly.steamstatic.com/store_item_assets/steam/apps/350640/capsule_231x87.jpg?t=1758522993,2016-05-27 00:00:00+00:00,2016,05/27/16
FORHONOR,For Honor,/game/for-honor/,ZDm2IOa8i4W9PVLT8y1ykf6Xf%2BJXiXuP8GGpfKTFw9M%3D,1,145088,2.99,29.99,1,90.030010,76,Mixed,68,59614,304390,1486944000,1789673183,7.3,https://shared.fastly.steamstatic.com/store_item_assets/steam/apps/304390/71e05e5cc0e04b93466aacbdb10525d0be730dd3/capsule_231x87_alt_assets_11.jpg?t=1790349530,2017-02-13 00:00:00+00:00,2017,02/13/17
URBANEMPIRE,Urban Empire,/game/urban-empire/,Jg6zpVYOuyZKaLh0GMx0WtMTFkyVUeCG4guvftYy%2Bso%3D,1,155077,2.99,29.99,1,90.030010,62,Mostly Negative,34,1903,352550,1484870400,1790878163,8.7,https://shared.fastly.steamstatic.com/store_item_assets/steam/apps/352550/capsule_231x87.jpg?t=1730815714,2017-01-20 00:00:00+00:00,2017,01/20/17
SHADOWWARRIOR2,Shadow Warrior 2,/game/shadow-warrior-2/,T3Pzc5jXK5dowunw8M%2FAuI%2BWa%2BScjQIsvA5k2hMB%2BR0%3D,1,144515,2.99,29.99,1,90.030010,78,Very Positive,87,8751,324800,1476316800,1790882067,9.4,https://shared.fastly.steamstatic.com/store_item_assets/steam/apps/324800/capsule_231x87.jpg?t=1728689727,2016-10-13 00:00:00+00:00,2016,10/13/16
TRANSPORTFEVER,Transport Fever,/game/transport-fever/,mq6ba6E3DoxM8k7EpdFsH27ff9l78o7wILhD8W7Wa3k%3D,1,160182,2.99,29.99,1,90.030010,71,Very Positive,80,4180,446800,1478563200,1790882670,9.1,https://shared.fastly.steamstatic.com/store_item_assets/steam/apps/446800/capsule_231x87.jpg?t=1709312016,2016-11-08 00:00:00+00:00,2016,11/08/16
AVENCOLONY,Aven Colony,/game/aven-colony/,Tjqm9QphnIiGRwweXIcnWiXAf3Qb3zChjifBGmhMmJ8%3D,1,169930,2.99,29.99,1,90.030010,65,Mostly Positive,72,1229,484900,1500940800,1789674223,6.8,https://shared.fastly.steamstatic.com/store_item_assets/steam/apps/484900/capsule_231x87.jpg?t=1778534245,2017-07-25 00:00:00+00:00,2017,07/25/17
SNIPERGHOSTWARRIOR3SEASONPASSEDITION,Sniper: Ghost Warrior 3 Season Pass Edition,,7jA8%2BW6yliRRTNxIhsnXVO9TfqBprPW9DZ0jd2V%2F0mU%3D,1,165580,2.99,29.99,1,90.030010,0,Mixed,67,15632,166591,0,1790875920,7.5,https://shared.fastly.steamstatic.com/store_item_assets/steam/subs/166591/capsule_231x87.jpg?t=1504764681,1970-01-01 00:00:00+00:00,1970,01/01/70
ABSOLVER,Absolver,/game/absolver/,GYeCNABAQrMoL%2FQTbd7eCC2x9XHvx5mlRxspaHwTaeU%3D,1,171016,2.99,29.99,1,90.030010,75,Mostly Positive,74,7363,473690,1503964800,1790013358,7.8,https://shared.fastly.steamstatic.com/store_item_assets/steam/apps/473690/capsule_231x87.jpg?t=1728689155,2017-08-29 00:00:00+00:00,2017,08/29/17
WARHAMMERVERMINTIDE2,Warhammer: Vermintide 2,/game/warhammer-vermintide-2/,WsGdr8u7VzKVcEhPy%2BuEqhvHQegMgCeyKlIthyE7rWI%3D,1,174250,2.99,29.99,1,90.030010,82,Very Positive,90,44022,552500,1520467200,1790881536,9.6,https://shared.fastly.steamstatic.com/store_item_assets/steam/apps/552500/capsule_231x87.jpg?t=1764008361,2018-03-08 00:00:00+00:00,2018,03/08/18
SHADOWSAWAKENING,Shadows: Awakening,/game/shadows-awakening/,EC7l%2BDjC5a2ua9%2FxaPm9dnQ04qqHgPjryUxXJllDUP8%3D,1,185655,2.99,29.99,1,90.030010,77,Mostly Positive,75,1540,585450,1535673600,1790882623,9.3,https://shared.fastly.steamstatic.com/store_item_assets/steam/apps/585450/capsule_231x87.jpg?t=1730810569,2018-08-31 00:00:00+00:00,2018,08/31/18
EXTINCTION,Extinction,/game/extinction/,rzvICtEHlF%2F00pEJtLwFkSlswiKZVJT%2FT8MXtzi63Yg%3D,1,179126,2.99,29.99,1,90.030010,51,Mostly Negative,39,132,570710,1523232000,1790878245,8.5,https://shared.fastly.steamstatic.com/store_item_assets/steam/apps/570710/capsule_231x87.jpg?t=1696285967,2018-04-09 00:00:00+00:00,2018,04/09/18
FROSTPUNK,Frostpunk,/game/frostpunk/,yiJ%2B%2BQm1oghJrTjJJ7BUKdpTlOrbBKCkOYw67UHarPE%3D,1,173596,2.99,29.99,1,90.030010,84,Very Positive,92,39094,323190,1524528000,1790881619,9.8,https://shared.fastly.steamstatic.com/store_item_assets/steam/apps/323190/45bfdc7f6b60b2acab44cc96c488f938219c42fd/capsule_231x87.jpg?t=1784897899,2018-04-24 00:00:00+00:00,2018,04/24/18
SPACEHULKDEATHWINGENHANCEDEDITION,Space Hulk: Deathwing - Enhanced Edition,,UNqfBZ8f3HL4HrEUPYw%2BTdMjLnKP2M1bDoIg7TlK3pY%3D,1,187358,2.99,29.99,1,90.030010,0,Mostly Positive,74,5974,816090,0,1790886792,7.5,https://shared.fastly.steamstatic.com/store_item_assets/steam/apps/816090/capsule_231x87.jpg?t=1757163044,1970-01-01 00:00:00+00:00,1970,01/01/70
TENNISWORLDTOUR,Tennis World Tour,/game/tennis-world-tour/,Aip5gcNTJTlZwj5PCHTyz0Na%2BgKbgOI%2FDhoFvr2rvsE%3D,1,188244,2.99,29.99,1,90.030010,0,Mixed,49,325,692030,1526947200,1790875095,7.5,https://shared.fastly.steamstatic.com/store_item_assets/steam/apps/692030/capsule_231x87.jpg?t=1725352509,2018-05-22 00:00:00+00:00,2018,05/22/18
DAKAR18,Dakar 18,/game/dakar-18/,dP6brmEsqHh9iBazBHvbdR2XgRGeVI8trUpvNex2YFM%3D,1,189652,2.99,29.99,1,90.030010,59,Mixed,69,830,767390,1537833600,1789665368,6.7,https://shared.fastly.steamstatic.com/store_item_assets/steam/apps/767390/capsule_231x87.jpg?t=1730387307,2018-09-25 00:00:00+00:00,2018,09/25/18
GRIPCOMBATRACING,GRIP: Combat Racing,/game/grip-combat-racing/,FYkc9rJX1dCWV3lNGrIJGadw3hNLLiEkZQwxmMCYzL8%3D,1,189948,2.99,29.99,1,90.030010,74,Very Positive,86,2291,396900,1541462400,1790882386,9.2,https://shared.fastly.steamstatic.com/store_item_assets/steam/apps/396900/capsule_231x87.jpg?t=1782221226,2018-11-06 00:00:00+00:00,2018,11/06/18
TORN,Torn,/game/pc/torn,MIdJr8RRPzF%2BTNywM87W8gnLf41sT6hTyo0%2BEZ1JGNU%3D,1,190938,2.99,29.99,1,90.030010,74,Mixed,61,188,557520,1535414400,1790874643,9.2,https://shared.fastly.steamstatic.com/store_item_assets/steam/apps/557520/capsule_231x87.jpg?t=1680629664,2018-08-28 00:00:00+00:00,2018,08/28/18
VRALLY4,V-Rally 4,/game/v-rally-4/,Oldo0fKnDYyc6KPPGEA8XnF%2B%2BD7%2Fj8THZiDELpcrzdo%3D,1,191971,2.99,29.99,1,90.030010,0,Mostly Positive,72,718,658700,1537833600,1790883041,7.5,https://shared.fastly.steamstatic.com/store_item_assets/steam/apps/658700/capsule_231x87.jpg?t=1725353911,2018-09-25 00:00:00+00:00,2018,09/25/18
EDGEOFETERNITY,Edge Of Eternity,/game/edge-of-eternity/,v74M6ORIYdn7Rv8ifBbjJu2ypCk6arSSQvuxtekEoEg%3D,1,195962,2.99,29.99,1,90.030010,67,Mostly Positive,72,1791,269190,1623110400,1790882936,8.9,https://shared.fastly.steamstatic.com/store_item_assets/steam/apps/269190/capsule_231x87.jpg?t=1776162130,2021-06-08 00:00:00+00:00,2021,06/08/21
HERODEFENSE,HERO DEFENSE,/game/hero-defense/,%2F18TkMABdLOS%2BzjvHhw7Bsj2Z01B9rKxeJDy4qTwhgI%3D,1,199019,2.99,29.99,1,90.030010,0,Mixed,67,485,423620,1534377600,1790875140,7.5,https://shared.fastly.steamstatic.com/store_item_assets/steam/apps/423620/capsule_231x87.jpg?t=1722258666,2018-08-16 00:00:00+00:00,2018,08/16/18
TRUBERBROOKTRUBERBROOK,Truberbrook / Truberbrook,,f0eFZhQv%2FzZO72RVBKRBPXunpWjKyCl6qvLM9cnrMnc%3D,1,199372,2.99,29.99,1,90.030010,0,Mostly Positive,73,1476,757300,0,1790886594,7.5,https://shared.fastly.steamstatic.com/store_item_assets/steam/apps/757300/capsule_231x87.jpg?t=1717681834,1970-01-01 00:00:00+00:00,1970,01/01/70
MORDHAU,MORDHAU,/game/mordhau/,qInAA1g4mwRkH4z4X25COihYaOkKLgXqwWs9y1MjF9Y%3D,1,200997,2.99,29.99,1,90.030010,81,Very Positive,81,59027,629760,1556496000,1790881839,9.6,https://shared.fastly.steamstatic.com/store_item_assets/steam/apps/629760/a3c23c764d4e2184322980bc8e40f69dafb99e2a/capsule_231x87.jpg?t=1777933284,2019-04-29 00:00:00+00:00,2019,04/29/19
THESURGE2,The Surge 2,/game/the-surge-2/,RiqZhwYKBMI19Ie9jf5aU%2BK%2BLylEac4wJpDYi7%2BRy%2Fk%3D,1,202170,2.99,29.99,1,90.030010,76,Mostly Positive,79,3278,644830,1569196800,1790882153,9.3,https://shared.fastly.steamstatic.com/store_item_assets/steam/apps/644830/capsule_231x87.jpg?t=1727794351,2019-09-23 00:00:00+00:00,2019,09/23/19
FIAEUROPEANTRUCKRACINGCHAMPIONSHIP,FIA European Truck Racing Championship,/game/pc/fia-european-truck-racing-championship,9pUsx38Q0AZvmbNL5M8tWzoE2nINtJjWGfKUiN43xz8%3D,1,203290,2.99,29.99,1,90.030010,68,Mixed,68,246,940580,1563408000,1789840041,7.2,https://shared.fastly.steamstatic.com/store_item_assets/steam/apps/940580/capsule_231x87.jpg?t=1725351040,2019-07-18 00:00:00+00:00,2019,07/18/19
IRATUSLORDOFTHEDEAD,Iratus Lord of the Dead,/game/iratus-lord-of-the-dead/,SmXMJ7X56qNckO4YU4wJ%2FTYblQtK7tqTrlmxwv%2FNJq8%3D,1,203450,2.99,29.99,1,90.030010,78,Very Positive,84,2969,807120,1587600000,1790882539,9.4,https://shared.fastly.steamstatic.com/store_item_assets/steam/apps/807120/capsule_231x87.jpg?t=1789476763,2020-04-23 00:00:00+00:00,2020,04/23/20
ROOTLETTERLASTANSWER,Root Letter Last Answer,/game/root-letter-last-answer/,J156PpVdx0rifSCKAaspkTGZ0%2Fe%2B3bXpfgS3FrK7UDU%3D,1,204595,2.99,29.99,1,90.030010,0,Very Positive,82,150,1056510,1567382400,1789664457,5.5,https://shared.fastly.steamstatic.com/store_item_assets/steam/apps/1056510/capsule_231x87.jpg?t=1700020023,2019-09-02 00:00:00+00:00,2019,09/02/19
DAYMARE1998,Daymare: 1998,/game/daymare-1998/,Sx3mLdhFp%2FSmppWVogjo%2B1efPv6CcLIy3EUh2GHsFnM%3D,1,205006,2.99,29.99,1,90.030010,62,Mixed,67,1299,842100,1568678400,1790886694,8.7,https://shared.fastly.steamstatic.com/store_item_assets/steam/apps/842100/capsule_231x87.jpg?t=1777303655,2019-09-17 00:00:00+00:00,2019,09/17/19
ENCASEDASCIFIPOSTAPOCALYPTICRPG,Encased: A Sci-Fi Post-Apocalyptic RPG,/game/encased-a-sci-fi-post-apocalyptic-rpg/,6X%2BZiogQII6Q9JaxEWtbszALJcujeCkvBJengVU%2B1kY%3D,1,204946,2.99,29.99,1,90.030010,73,Mostly Positive,74,2096,921800,1630972800,1790274166,8.1,https://shared.fastly.steamstatic.com/store_item_assets/steam/apps/921800/capsule_231x87.jpg?t=1669389314,2021-09-07 00:00:00+00:00,2021,09/07/21
SNIPERGHOSTWARRIORCONTRACTS,Sniper Ghost Warrior Contracts,/game/sniper-ghost-warrior-contracts/,wqlGfOrEOd4lceJVEzklveWk4hg8rlZbi4jNUTwAwes%3D,1,206721,2.99,29.99,1,90.030010,71,Mostly Positive,76,3678,973580,1574380800,1790882079,9.1,https://shared.fastly.steamstatic.com/store_item_assets/steam/apps/973580/capsule_231x87.jpg?t=1741954017,2019-11-22 00:00:00+00:00,2019,11/22/19
ORIANDTHEWILLOFTHEWISPS,Ori and the Will of the Wisps,/game/ori-and-the-will-of-the-wisps/,cOZmIEjtHzMQo8aqwzYPZvrEN%2BKt2as61wN%2FqbdxBJc%3D,1,209143,2.99,29.99,1,90.030010,88,Overwhelmingly Positive,96,31338,1057090,1583884800,1790272970,9.1,https://shared.fastly.steamstatic.com/store_item_assets/steam/apps/1057090/capsule_231x87.jpg?t=1759530749,2020-03-11 00:00:00+00:00,2020,03/11/20
METROEXODUS,Metro Exodus,/game/metro-exodus/,l7KtB1naNb4PDbjpECJuOfLqnBxx9O%2BMEJjGGZd7u84%3D,1,191008,2.99,29.99,1,90.030010,82,Very Positive,87,34880,412020,1550188800,1790272901,8.6,https://shared.fastly.steamstatic.com/store_item_assets/steam/apps/412020/capsule_231x87.jpg?t=1750772804,2019-02-15 00:00:00+00:00,2019,02/15/19
TTISLEOFMANRIDEONTHEEDGE2,TT Isle of Man - Ride on the Edge 2,/game/tt-isle-of-man-ride-on-the-edge-2/,crkJ2W2U%2BAt%2FtMLY4datlF0FRCCrUjoIdEiTczW3lUk%3D,1,211128,2.99,29.99,1,90.030010,70,Very Positive,83,1118,1082180,1584576000,1790882848,9.0,https://shared.fastly.steamstatic.com/store_item_assets/steam/apps/1082180/capsule_231x87.jpg?t=1725352899,2020-03-19 00:00:00+00:00,2020,03/19/20
KATANAKAMIAWAYOFTHESAMURAISTORY,KATANA KAMI: A Way of the Samurai Story,/game/katana-kami-a-way-of-the-samurai-story/,BUpgYMRqGfuaXTGxX0Z6ev7Er1VLehCXezKKYKhuJMw%3D,1,211473,2.99,29.99,1,90.030010,61,Mixed,59,407,1062340,1582156800,1790886268,8.7,https://shared.fastly.steamstatic.com/store_item_assets/steam/apps/1062340/capsule_231x87.jpg?t=1715700860,2020-02-20 00:00:00+00:00,2020,02/20/20
DESTROYALLHUMANS,Destroy All Humans!,/game/destroy-all-humans/,zZLN4quVftLe%2Fm8%2BbcwkIpiUiWQZ5j8vsTT%2B1J%2BS71g%3D,1,214829,2.99,29.99,1,90.030010,71,Very Positive,93,6564,803330,1595894400,1790273141,8.1,https://shared.fastly.steamstatic.com/store_item_assets/steam/apps/803330/capsule_231x87.jpg?t=1696424223,2020-07-28 00:00:00+00:00,2020,07/28/20
OTHERCIDE,Othercide,/game/othercide/,%2BUknIY2lvVByPckQF2hXDTkMFNU0VdoErwudXk5HoVo%3D,1,217049,2.99,29.99,1,90.030010,78,Very Positive,82,2510,798490,1595808000,1790882565,9.4,https://shared.fastly.steamstatic.com/store_item_assets/steam/apps/798490/capsule_231x87.jpg?t=1789047990,2020-07-27 00:00:00+00:00,2020,07/27/20
WRC8FIAWORLDRALLYCHAMPIONSHIP,WRC 8 FIA World Rally Championship,/game/wrc-8-fia-world-rally-championship/,8XDw%2FS456jlKkVNjgE%2FacR3voVCFNrEAH%2FipVFLnu1Q%3D,1,204666,2.99,29.99,1,90.030010,77,Mostly Positive,76,428,1004750,1567641600,1789848681,7.6,https://shared.fastly.steamstatic.com/store_item_assets/steam/apps/1004750/capsule_231x87.jpg?t=1725354099,2019-09-05 00:00:00+00:00,2019,09/05/19
SOLASTACROWNOFTHEMAGISTER,Solasta: Crown of the Magister,/game/solasta-crown-of-the-magister/,U4D73wXb5rw%2BZvwl9YklR6%2F8F4h%2ByEs3SeUWLre5XQ8%3D,1,221671,2.99,29.99,1,90.030010,77,Very Positive,87,13730,1096530,1622073600,1790881486,9.3,https://shared.fastly.steamstatic.com/store_item_assets/steam/apps/1096530/9d503135a2215550c93b5f5117a19b7ac34d8830/capsule_231x87.jpg?t=1772029038,2021-05-27 00:00:00+00:00,2021,05/27/21
WHOWANTSTOBEAMILLIONAIRE,Who Wants To Be A Millionaire,/game/who-wants-to-be-a-millionaire-2020/,s%2BTEOxKSuNDxsTCwOeriz80vWSG6%2FK7mY81miQEwp0U%3D,1,222043,2.99,29.99,1,90.030010,0,Mixed,51,409,1356240,1603929600,1790882597,7.5,https://shared.fastly.steamstatic.com/store_item_assets/steam/apps/1356240/capsule_231x87.jpg?t=1761572696,2020-10-29 00:00:00+00:00,2020,10/29/20
MXGP2020THEOFFICIALMOTOCROSSVIDEOGAME,MXGP 2020 - The Official Motocross Videogame,/game/mxgp-2020-the-official-motocross-videogame/,GiXHIGhtYlz7gcUb8fI4aJhLGkO6pHFz%2BNAzNli1lWc%3D,1,224156,2.99,29.99,1,90.030010,0,Very Positive,83,707,1259800,1608076800,1790886072,7.5,https://shared.fastly.steamstatic.com/store_item_assets/steam/apps/1259800/capsule_231x87.jpg?t=1726479800,2020-12-16 00:00:00+00:00,2020,12/16/20
SERIOUSSAM3BFE,Serious Sam 3: BFE,/game/serious-sam-3-bfe/,ptUz1hQH61FzusS0R5A9wR9bdmuuybFtEDcCOlpyuHY%3D,1,38,2.99,29.99,1,90.030010,72,Very Positive,86,5918,41070,1321920000,1790882166,0.0,https://shared.fastly.steamstatic.com/store_item_assets/steam/apps/41070/capsule_231x87.jpg?t=1728688460,2011-11-22 00:00:00+00:00,2011,11/22/11
THEASCENT,The Ascent,/game/the-ascent/,b7Co1Q0zgKDX9MpDkZ9ULa3ocavvtFpJSLwBnrBGAKQ%3D,1,229919,2.99,29.99,1,90.030010,74,Mostly Positive,76,12438,979690,1627516800,1790881488,9.2,https://shared.fastly.steamstatic.com/store_item_assets/steam/apps/979690/capsule_231x87.jpg?t=1772590323,2021-07-29 00:00:00+00:00,2021,07/29/21
SAINTSROWTHETHIRDREMASTERED,Saints Row The Third Remastered,/game/saints-row-the-third-remastered/,GebldmbRh78mQm7j2Z0uUxdW9Y%2FqwVXlHYGTmHvMkE0%3D,1,216211,2.99,29.99,1,90.030010,70,Mostly Positive,70,2208,978300,1590105600,1790881792,9.0,https://shared.fastly.steamstatic.com/store_item_assets/steam/apps/978300/capsule_231x87.jpg?t=1764671001,2020-05-22 00:00:00+00:00,2020,05/22/20
WINGOFDARKNESS,Wing of Darkness,/game/wing-of-darkness/,RJ97CwE7i8TxVKy6GgEC3GZ5AhDlhbgTKuYjxUTGCLM%3D,1,230523,2.99,29.99,1,90.030010,0,Mixed,42,232,1179060,1622678400,1790875170,7.5,https://shared.fastly.steamstatic.com/store_item_assets/steam/apps/1179060/capsule_231x87.jpg?t=1707360971,2021-06-03 00:00:00+00:00,2021,06/03/21
WRC9FIAWORLDRALLYCHAMPIONSHIP,WRC 9 FIA World Rally Championship,/game/wrc-9-fia-world-rally-championship/,DDrPikONqnsaoo%2BvSNpTRn%2FwjZncJs8B85qbBOQUSQg%3D,1,217962,2.99,29.99,1,90.030010,80,Mostly Positive,79,544,1267540,1599091200,1790882545,9.5,https://shared.fastly.steamstatic.com/store_item_assets/steam/apps/1267540/capsule_231x87.jpg?t=1725354407,2020-09-03 00:00:00+00:00,2020,09/03/20
SPIRITFARERFAREWELLEDITION,Spiritfarer: Farewell Edition,,w8WnBrfDqn2BFj%2F%2BSgYBIiWMRWo0pAmQHkOnMVWSALA%3D,1,238390,2.99,29.99,1,90.030010,0,Very Positive,94,18904,972660,0,1790881811,7.5,https://shared.fastly.steamstatic.com/store_item_assets/steam/apps/972660/capsule_231x87.jpg?t=1752503178,1970-01-01 00:00:00+00:00,1970,01/01/70
AETERNANOCTIS,Aeterna Noctis,/game/aeterna-noctis/,dgjlOvUohLPp9d00UZGMh0spoWDa1QGHQwlNsXJf%2F9E%3D,1,236418,2.99,29.99,1,90.030010,72,Mostly Positive,76,1704,1517970,1639526400,1790882630,9.1,https://shared.fastly.steamstatic.com/store_item_assets/steam/apps/1517970/124356c891f1afb8e685f5ac514959332a51f564/capsule_231x87.jpg?t=1782413330,2021-12-15 00:00:00+00:00,2021,12/15/21
TWOPOINTCAMPUS,Two Point Campus,/game/two-point-campus/,IlYgXmiECqjShU%2FcRzwDdIPlnJ5A7p%2FWBqZHz81D7Zc%3D,1,239973,2.99,29.99,1,90.030010,83,Very Positive,89,2817,1649080,1660003200,1790881681,9.7,https://shared.fastly.steamstatic.com/store_item_assets/steam/apps/1649080/capsule_231x87.jpg?t=1763646611,2022-08-09 00:00:00+00:00,2022,08/09/22
WEREWOLFTHEAPOCALYPSEEARTHBLOOD,Werewolf: The Apocalypse  Earthblood,/game/werewolf-the-apocalypse-earthblood/,sbcut4G95d4C3p%2FPMAmyecevgBotZPyORuSpgq45HTQ%3D,1,223830,2.99,29.99,1,90.030010,56,Mixed,69,1486,679110,1612396800,1789848310,6.9,https://shared.fastly.steamstatic.com/store_item_assets/steam/apps/679110/capsule_231x87.jpg?t=1778175292,2021-02-04 00:00:00+00:00,2021,02/04/21
SUBMERGEDHIDDENDEPTHS,Submerged: Hidden Depths,/game/submerged-hidden-depths/,z17pDGFK%2Blx%2BCxV3E7kRLhVYdkTX6XVl4%2BZjQhSC7G0%3D,1,241733,2.99,29.99,1,90.030010,66,Very Positive,90,744,1614270,1646870400,1790883080,8.9,https://shared.fastly.steamstatic.com/store_item_assets/steam/apps/1614270/capsule_231x87.jpg?t=1669095408,2022-03-10 00:00:00+00:00,2022,03/10/22
SOUNDFALL,Soundfall,/game/soundfall/,Y%2F%2BlVvBcayK0CCO9cxFywjLM%2BQet943kgCSE3wlO1ms%3D,1,246058,2.99,29.99,1,90.030010,66,Mostly Positive,73,997,1608700,1652227200,1790886464,8.9,https://shared.fastly.steamstatic.com/store_item_assets/steam/apps/1608700/capsule_231x87.jpg?t=1756143198,2022-05-11 00:00:00+00:00,2022,05/11/22
AREYOUSMARTERTHANA5THGRADER,Are You Smarter than a 5th Grader?,/game/are-you-smarter-than-a-5th-grader/,mXFOqpSG2Zc7QjIlW79eMmXCJ%2BwBT7XGBAVJCaN11kk%3D,1,248361,2.99,29.99,1,90.030010,0,Mixed,64,150,1521160,1661212800,1790882208,7.5,https://shared.fastly.steamstatic.com/store_item_assets/steam/apps/1521160/22c4c7a5a256aefb7f622bbbf67cb52282cd4513/capsule_231x87.jpg?t=1790092147,2022-08-23 00:00:00+00:00,2022,08/23/22
GUNGRAVEGORE,Gungrave G.O.R.E,/game/gungrave-gore/,ptx3qJR%2BiqJiSuOKXKCpuWZyC5RSHXQWG1t%2FnU4%2BJPA%3D,1,251033,2.99,29.99,1,90.030010,57,Mostly Positive,71,753,1630110,1669075200,1789674017,6.6,https://shared.fastly.steamstatic.com/store_item_assets/steam/apps/1630110/capsule_231x87.jpg?t=1728053351,2022-11-22 00:00:00+00:00,2022,11/22/22
LORDSOFTHEFALLEN2014,Lords Of The Fallen 2014,/game/lords-of-the-fallen-2014/,k1UZ2Oj9UY73ss%2FqrQgChUzE%2B3KgHIPm5a3aomvnPuY%3D,1,255076,2.99,29.99,1,90.030010,73,Mixed,51,5004,265300,1414454400,1790886805,9.1,https://shared.fastly.steamstatic.com/store_item_assets/steam/apps/265300/capsule_231x87.jpg?t=1728377554,2014-10-28 00:00:00+00:00,2014,10/28/14
TOMCLANCYSTHEDIVISION2,Tom Clancy's The Division 2,/game/tom-clancys-the-division-2/,9cOp32Bo4jQkBptOXaetZ8rhp%2BXmtI%2BwU52tGqeqzPM%3D,1,191185,2.99,29.99,1,90.030010,84,Mostly Positive,79,17872,2221490,1552608000,1789673185,7.8,https://shared.fastly.steamstatic.com/store_item_assets/steam/apps/2221490/b2f44aea52cf5883831d65ced110a528fbbecbb8/capsule_231x87_alt_assets_11.jpg?t=1790341038,2019-03-15 00:00:00+00:00,2019,03/15/19
SCARSABOVE,Scars Above,/game/scars-above/,n57MZeWspJ%2B4s4tXVJnfXVzcdDeedZ7iGmrTFwP4Xa0%3D,1,257815,2.99,29.99,1,90.030010,69,Mostly Positive,77,1383,1196090,1677542400,1790882604,9.0,https://shared.fastly.steamstatic.com/store_item_assets/steam/apps/1196090/capsule_231x87.jpg?t=1681942670,2023-02-28 00:00:00+00:00,2023,02/28/23
CLASHARTIFACTSOFCHAOS,Clash - Artifacts of Chaos,/game/clash-artifacts-of-chaos/,uCrOLYf2X4HlxI2qT99LwEyMekyHTJcnO0cSlR5%2BmnQ%3D,1,258161,2.99,29.99,1,90.030010,69,Very Positive,90,1367,1430680,1678320000,1790881940,9.0,https://shared.fastly.steamstatic.com/store_item_assets/steam/apps/1430680/capsule_231x87.jpg?t=1778170033,2023-03-09 00:00:00+00:00,2023,03/09/23
GODOFROCK,God of Rock,/game/god-of-rock/,4rWwqgZp4PglD0%2BWX01zkc5p9%2BmrmqT2hR32cdPjj88%3D,1,259683,2.99,29.99,1,90.030010,62,Mixed,50,54,1851030,1681776000,1790875457,4.7,https://shared.fastly.steamstatic.com/store_item_assets/steam/apps/1851030/capsule_231x87.jpg?t=1725489162,2023-04-18 00:00:00+00:00,2023,04/18/23
LABYRINTHOFZANGETSU,Labyrinth of Zangetsu,/game/labyrinth-of-zangetsu/,kb4oB4bfw9zT9evXO1vXjtUyrv1lYKzAUd4sMX35xag%3D,1,259776,2.99,29.99,1,90.030010,0,Mostly Positive,70,71,1922960,1681948800,1790886027,3.5,https://shared.fastly.steamstatic.com/store_item_assets/steam/apps/1922960/capsule_231x87.jpg?t=1758572051,2023-04-20 00:00:00+00:00,2023,04/20/23
MYFANTASTICRANCHUNICORNSANDDRAGONS,My Fantastic Ranch: Unicorns and Dragons,,wevFKXyoWpGpfFdF5svn0uVoI1TQU0NWr0b3dwd7dh8%3D,1,260387,2.99,29.99,1,90.030010,0,Mixed,50,18,1949100,0,1789842394,1.8,https://shared.fastly.steamstatic.com/store_item_assets/steam/apps/1949100/capsule_231x87.jpg?t=1764149494,1970-01-01 00:00:00+00:00,1970,01/01/70
AGATHACHRISTIEHERCULEPOIROTTHELONDONCASE,Agatha Christie - Hercule Poirot: The London Case,/game/agatha-christie-hercule-poirot-the-london-case/,7ggFnERPFW7XkesHiiKikx2kZXvF%2BDHHHSYgwqmpxEk%3D,1,260016,2.99,29.99,1,90.030010,67,Mixed,54,250,2223740,1693267200,1790886122,8.9,https://shared.fastly.steamstatic.com/store_item_assets/steam/apps/2223740/capsule_231x87.jpg?t=1743171937,2023-08-29 00:00:00+00:00,2023,08/29/23
THETALOSPRINCIPLE2,The Talos Principle 2,/game/the-talos-principle-2/,4W2IDqAbHg4yctS9Us4GlOqtb0fVPszTyd4D96iNHi8%3D,1,274143,2.99,29.99,1,90.030010,88,Very Positive,94,8474,835960,1698883200,1790881527,10.0,https://shared.fastly.steamstatic.com/store_item_assets/steam/apps/835960/capsule_231x87.jpg?t=1775138468,2023-11-02 00:00:00+00:00,2023,11/02/23
CRYBABIESMAGICTEARSTHEBIGGAME,Cry Babies Magic Tears: The Big Game,/game/cry-babies-magic-tears-the-big-game/,5tEoZ7eR2C6v3TcQcPaQ%2FW47c4BqVUptY194qQ9Ffwo%3D,1,274223,2.99,29.99,1,90.030010,0,Positive,80,15,2458250,1695772800,1790886928,3.5,https://shared.fastly.steamstatic.com/store_item_assets/steam/apps/2458250/capsule_231x87.jpg?t=1738065375,2023-09-27 00:00:00+00:00,2023,09/27/23
KONAIIBRUME,Kona II: Brume,/game/kona-ii-brume/,Gt1uFIi%2BPC6RQRFXyW%2F9rW8NzcU%2F2HDbQdBiJh%2B4G%2Fo%3D,1,276118,2.99,29.99,1,90.030010,79,Very Positive,80,437,1229020,1697587200,1790273788,8.4,https://shared.fastly.steamstatic.com/store_item_assets/steam/apps/1229020/capsule_231x87.jpg?t=1697633991,2023-10-18 00:00:00+00:00,2023,10/18/23
HITMANWORLDOFASSASSINATION,HITMAN World of Assassination,/game/hitman-world-of-assassination/,WKXYbUm03WSq%2Bi5qHj3MtlOJhflbkq%2BTVBoPW1uCBtI%3D,1,256538,2.99,29.99,1,90.030010,0,Very Positive,87,31293,1659040,1674691200,1790881428,7.5,https://shared.fastly.steamstatic.com/store_item_assets/steam/apps/1659040/0253c27a9d2fc6151633ab02bddd977816767dfb/capsule_231x87_alt_assets_14.jpg?t=1790674941,2023-01-26 00:00:00+00:00,2023,01/26/23
HARRYPOTTERQUIDDITCHCHAMPIONS,Harry Potter: Quidditch Champions,/game/harry-potter-quidditch-champions/,jM4%2F%2BNCq%2F8fuT5GpNfcB1ujWqVKal3DjmzlCeCboyUw%3D,1,289695,2.99,29.99,1,90.030010,63,Mostly Positive,72,1706,2878600,1725321600,1790881920,8.8,https://shared.fastly.steamstatic.com/store_item_assets/steam/apps/2878600/1c00b145aaaab51c65299b824e8dee60262d895d/capsule_231x87.jpg?t=1733419991,2024-09-03 00:00:00+00:00,2024,09/03/24
FANTASYFRIENDSDREAMWORLDS,Fantasy Friends Dream Worlds,/game/fantasy-friends-dream-worlds/,czbW1qjbFN7%2B3V5UE2xMNNKRhW5fJfyTj84W3sz8X%2Fw%3D,1,293606,2.99,29.99,1,90.030010,0,,0,0,2916590,1729555200,1790878678,3.5,https://shared.fastly.steamstatic.com/store_item_assets/steam/apps/2916590/capsule_231x87.jpg?t=1729612865,2024-10-22 00:00:00+00:00,2024,10/22/24
WAROFGODS2,WarOfGods 2,/game/warofgods-2/,qz2DD3ycMza9SFbH6LojtCt%2FA5AmvKk6DfVgDO6Z0Mk%3D,1,300686,2.99,29.99,1,90.030010,0,Mostly Positive,76,13,2967700,1744243200,1790875594,3.6,https://shared.fastly.steamstatic.com/store_item_assets/steam/apps/2967700/capsule_231x87.jpg?t=1744771745,2025-04-10 00:00:00+00:00,2025,04/10/25
MATH,MATH,/game/math/,SuPDLWugoXpZG6egkUnyiCXEcBSQxQRs3t9l%2F3KgsmM%3D,1,323141,2.99,29.99,1,90.030010,0,,0,0,3328520,1732406400,1790878543,3.5,https://shared.fastly.steamstatic.com/store_item_assets/steam/apps/3328520/a1b1e92b92d94f0e6f5ffc2cd8a07abf182db2d5/capsule_231x87.jpg?t=1739999939,2024-11-24 00:00:00+00:00,2024,11/24/24
GREEDFALL,GreedFall,/game/greedfall/,4NBUQBV9kCMxyQo6W%2BLjoSPZo7RuDPXwhSxyjNhw4E4%3D,1,202608,3.49,34.99,1,90.025722,72,Mostly Positive,75,10800,606880,1567987200,1790882063,9.1,https://shared.fastly.steamstatic.com/store_item_assets/steam/apps/606880/capsule_231x87.jpg?t=1786381206,2019-09-09 00:00:00+00:00,2019,09/09/19
MRCHENFOREST,Mrchen Forest,,w921svrYiay2PFbjIwnnnrKQ7lfhP5H2t%2B8nx232Szo%3D,1,225544,3.49,34.99,1,90.025722,0,Mostly Positive,79,384,1507720,0,1786289839,0.0,https://shared.fastly.steamstatic.com/store_item_assets/steam/apps/1507720/capsule_231x87.jpg?t=1667189191,1970-01-01 00:00:00+00:00,1970,01/01/70
GORD,Gord,/game/gord/,Zwkv4aQM0OlJjqOGeFpCkv4ViUlju%2BRO8HJtZN7RmVA%3D,1,247652,3.49,34.99,1,90.025722,59,Mixed,53,809,1351210,1692230400,1790886792,8.6,https://shared.fastly.steamstatic.com/store_item_assets/steam/apps/1351210/capsule_231x87.jpg?t=1761835797,2023-08-17 00:00:00+00:00,2023,08/17/23
FRONTMISSION1STREMAKE,FRONT MISSION 1st: Remake,/game/front-mission-1st-remake/,w0BiKp3jY5V%2FMDKyUegQFZypObWOLzlCATXgNuHWSs4%3D,1,266298,3.49,34.99,1,90.025722,0,Mostly Positive,77,748,2399730,1687996800,1790882377,7.5,https://shared.fastly.steamstatic.com/store_item_assets/steam/apps/2399730/capsule_231x87.jpg?t=1777273277,2023-06-29 00:00:00+00:00,2023,06/29/23
ADINFINITUM,Ad Infinitum,/game/ad-infinitum/,UOpuw3u1%2FomHITCq57PZQ2eBjiTO%2B76tUgUOwsWnjHQ%3D,1,265819,3.49,34.99,1,90.025722,68,Mostly Positive,77,1052,1234430,1694649600,1790882386,8.9,https://shared.fastly.steamstatic.com/store_item_assets/steam/apps/1234430/capsule_231x87.jpg?t=1778169586,2023-09-14 00:00:00+00:00,2023,09/14/23
HEADBANGERSRHYTHMROYALE,Headbangers: Rhythm Royale,/game/headbangers-rhythm-royale/,pttI6q6PhpgGSf5HkDy0U8USKuLRUHz3oFMbnyrZ0zs%3D,1,274317,3.49,34.99,1,90.025722,0,Mixed,69,985,1761620,1698710400,1790886208,7.5,https://shared.fastly.steamstatic.com/store_item_assets/steam/apps/1761620/capsule_231x87.jpg?t=1761838683,2023-10-31 00:00:00+00:00,2023,10/31/23
IMMORTALREDNECK,Immortal Redneck,/game/immortal-redneck/,WSbKUl9mNYonYoPamUJUzhkH%2BLYr6T%2FYDfa1MuBMYcU%3D,1,168443,1.99,19.95,1,90.025063,70,Very Positive,89,1185,595140,1493078400,1790883117,9.1,https://shared.fastly.steamstatic.com/store_item_assets/steam/apps/595140/48bf2691a4caa3b4fe524c34ccd1b67fe083c078/capsule_231x87.jpg?t=1757661381,2017-04-25 00:00:00+00:00,2017,04/25/17
DIVINITYDRAGONCOMMANDER,Divinity: Dragon Commander,/game/divinity-dragon-commander/,%2FG9POmc2zv7gtDSsmqeiihpYsjbdau3NW981fc1F3AY%3D,1,97052,3.99,39.99,1,90.022506,76,Mostly Positive,73,1976,243950,1375747200,1790882961,9.2,https://shared.fastly.steamstatic.com/store_item_assets/steam/apps/243950/capsule_231x87.jpg?t=1765504697,2013-08-06 00:00:00+00:00,2013,08/06/13
STRONGHOLDCRUSADER2,Stronghold Crusader 2,,y9LQ8LDGHSSSCE40pROZ6WPC4W%2BzESeqaf%2B7bwTf2UM%3D,1,117495,3.99,39.99,1,90.022506,0,Mixed,68,4325,232890,0,1790882364,7.5,https://shared.fastly.steamstatic.com/store_item_assets/steam/apps/232890/capsule_231x87.jpg?t=1758725885,1970-01-01 00:00:00+00:00,1970,01/01/70
BORDERLANDSTHEPRESEQUEL,Borderlands: The Pre-Sequel,/game/borderlands-the-pre-sequel/,MMTKpgFFpjanMzaUVCze4ETCgy6FtTebuJZfYUptveQ%3D,1,108359,3.99,39.99,1,90.022506,75,Mostly Positive,75,19076,261640,1413158400,1790272970,8.2,https://shared.fastly.steamstatic.com/store_item_assets/steam/apps/261640/capsule_231x87.jpg?t=1750081341,2014-10-13 00:00:00+00:00,2014,10/13/14
DRAGONBALLXENOVERSE,DRAGON BALL XENOVERSE,/game/dragon-ball-xenoverse/,F6HrjRUOmJhbF9lvCVRiTSNSPpEwBq6%2FqNEROFHKAy0%3D,1,139972,3.99,39.99,1,90.022506,0,Very Positive,85,6945,323470,1424995200,1789673450,5.5,https://shared.fastly.steamstatic.com/store_item_assets/steam/apps/323470/capsule_231x87.jpg?t=1701323766,2015-02-27 00:00:00+00:00,2015,02/27/15
ONEPIECEPIRATEWARRIORS3,One Piece Pirate Warriors 3,/game/one-piece-pirate-warriors-3/,xLRlDUqpJ%2BICFVwPmTOJrbJkUaQocb5xDBg%2BnbxWisA%3D,1,144832,3.99,39.99,1,90.022506,62,Mostly Positive,74,2811,331600,1440633600,1789673859,6.7,https://shared.fastly.steamstatic.com/store_item_assets/steam/apps/331600/capsule_231x87.jpg?t=1701307253,2015-08-27 00:00:00+00:00,2015,08/27/15
DIVINITYORIGINALSINENHANCEDEDITION,Divinity: Original Sin - Enhanced Edition,/game/divinity-original-sin-enhanced-edition/,vTZ81A14wUS99zrsTQ2UVPE%2BbPMgndYC%2BNJbOgQZ7Fs%3D,1,146697,3.99,39.99,1,90.022506,94,Very Positive,86,11880,373420,1445904000,1790881560,10.0,https://shared.fastly.steamstatic.com/store_item_assets/steam/apps/373420/capsule_231x87.jpg?t=1765505119,2015-10-27 00:00:00+00:00,2015,10/27/15
THEWITNESS,The Witness,/game/the-witness/,MAljH8oVeVdzz%2BELsmGFvqL3KPUAp90bgNWF0g%2BQ4MU%3D,1,148013,3.99,39.99,1,90.022506,87,Very Positive,82,9043,210970,1453766400,1790881653,10.0,https://shared.fastly.steamstatic.com/store_item_assets/steam/apps/210970/capsule_231x87.jpg?t=1720810823,2016-01-26 00:00:00+00:00,2016,01/26/16
THEELDERSCROLLSVSKYRIMSPECIALEDITION,The Elder Scrolls V: Skyrim Special Edition,/game/the-elder-scrolls-v-skyrim-special-edition/,eFgvdTEs%2FBpSwSI0gdUw60kqw5i5cSIEV4DJuJaDN%2BU%3D,1,160759,3.99,39.99,1,90.022506,74,Very Positive,94,131402,489830,1477526400,1790881415,9.1,https://shared.fastly.steamstatic.com/store_item_assets/steam/apps/489830/capsule_231x87.jpg?t=1786648247,2016-10-27 00:00:00+00:00,2016,10/27/16
BULLETSTORMFULLCLIPEDITION,Bulletstorm: Full Clip Edition,/game/bulletstorm-full-clip-edition/,EqUFpXd6Cbqgz7n7namFrBVEH3pJn3cL8DgXQz%2B5J9A%3D,1,163507,3.99,39.99,1,90.022506,76,Very Positive,86,3620,501590,1491523200,1789673589,7.2,https://shared.fastly.steamstatic.com/store_item_assets/steam/apps/501590/capsule_231x87.jpg?t=1782157737,2017-04-07 00:00:00+00:00,2017,04/07/17
SHADOWTACTICSBLADESOFTHESHOGUN,Shadow Tactics: Blades of the Shogun,/game/shadow-tactics-blades-of-the-shogun/,j2lexFQ%2Fx%2FOeqECYZgxWgBxj7YX3hcQs0N3Y8mn8kHk%3D,1,158443,3.99,39.99,1,90.022506,85,Very Positive,94,9077,418240,1480982400,1790882250,9.8,https://shared.fastly.steamstatic.com/store_item_assets/steam/apps/418240/capsule_231x87.jpg?t=1789475696,2016-12-06 00:00:00+00:00,2016,12/06/16
VAMPYR,Vampyr,/game/vampyr/,xQ5clE04BULgyqqjuejZo4wide4b1FJL5mJTuVQdsJU%3D,1,169980,3.99,39.99,1,90.022506,72,Mostly Positive,76,9199,427290,1528070400,1790881844,9.1,https://shared.fastly.steamstatic.com/store_item_assets/steam/apps/427290/capsule_231x87.jpg?t=1773669973,2018-06-04 00:00:00+00:00,2018,06/04/18
LEGOTHEINCREDIBLES,LEGO The Incredibles,/game/lego-the-incredibles/,iLyOOl%2FU2SSJX%2F6bQKO0yiED8bR4L0%2BLjxALyPvYb0A%3D,1,184424,3.99,39.99,1,90.022506,0,Very Positive,90,1588,818320,1529020800,1790882060,7.5,https://shared.fastly.steamstatic.com/store_item_assets/steam/apps/818320/capsule_231x87.jpg?t=1780600400,2018-06-15 00:00:00+00:00,2018,06/15/18
PHANTOMDOCTRINE,Phantom Doctrine,/game/phantom-doctrine/,i26N%2FFRkHHAPE2geXec4NncwCUM1u%2B9dTeGPcYkVdz8%3D,1,175234,3.99,39.99,1,90.022506,74,Mostly Positive,74,2056,559100,1534204800,1790883156,9.1,https://shared.fastly.steamstatic.com/store_item_assets/steam/apps/559100/capsule_231x87.jpg?t=1728639836,2018-08-14 00:00:00+00:00,2018,08/14/18
APLAGUETALEINNOCENCE,A Plague Tale: Innocence,/game/a-plague-tale-innocence/,t1lqDapKKHV6EtRdJhAg1Z8KdKx1dZfykebFM5MWgfA%3D,1,198016,3.99,39.99,1,90.022506,81,Very Positive,92,22614,752590,1557705600,1790881655,9.5,https://shared.fastly.steamstatic.com/store_item_assets/steam/apps/752590/capsule_231x87.jpg?t=1784712345,2019-05-13 00:00:00+00:00,2019,05/13/19
BATTLEFIELD1,Battlefield 1,/game/battlefield-1/,ICV0L0NmwniVHpc4NjfQsDO5gRILOIkqPz05jfxFtCM%3D,1,152332,3.99,39.99,1,90.022506,88,Very Positive,86,46796,1238840,1477008000,1790881522,10.0,https://shared.fastly.steamstatic.com/store_item_assets/steam/apps/1238840/capsule_231x87.jpg?t=1777324289,2016-10-21 00:00:00+00:00,2016,10/21/16
BATTLEFIELD4,Battlefield 4,/game/battlefield-4/,jorrBw%2B6tBsGXOvIN8XZmHUu3u3GwkMbrIugL3Qo4rE%3D,1,96380,3.99,39.99,1,90.022506,81,Very Positive,83,29630,1238860,1382140800,1790881654,9.5,https://shared.fastly.steamstatic.com/store_item_assets/steam/apps/1238860/capsule_231x87.jpg?t=1777391884,2013-10-19 00:00:00+00:00,2013,10/19/13
BATTLEFIELD3,Battlefield 3,/game/battlefield-3/,FhBKK4XJ0dmqH9xN1YideiIrjTWPk6dXxgGVFlJzO7s%3D,1,1684,3.99,39.99,1,90.022506,89,Mostly Positive,70,5484,1238820,1319500800,1790881849,10.0,https://shared.fastly.steamstatic.com/store_item_assets/steam/apps/1238820/capsule_231x87.jpg?t=1777326004,2011-10-25 00:00:00+00:00,2011,10/25/11
BATTLEFIELDHARDLINE,Battlefield Hardline,/game/battlefield-hardline/,OsUSZuoIkuUAYaVA5nTsnE6DUo5kTEgIQKSyHDsINTA%3D,1,111328,3.99,39.99,1,90.022506,71,Mixed,68,1506,1238880,1426550400,1790882195,9.0,https://shared.fastly.steamstatic.com/store_item_assets/steam/apps/1238880/capsule_231x87.jpg?t=1777391940,2015-03-17 00:00:00+00:00,2015,03/17/15
STARWARSSQUADRONS,Star Wars Squadrons,/game/star-wars-squadrons/,uHEX1%2BFHsCFkAUasLFyJxOzfIrn%2FBIocF2rPbKn7pQ8%3D,1,216984,3.99,39.99,1,90.022506,79,Mixed,68,19118,1222730,1601510400,1790881846,9.4,https://shared.fastly.steamstatic.com/store_item_assets/steam/apps/1222730/capsule_231x87.jpg?t=1781890166,2020-10-01 00:00:00+00:00,2020,10/01/20
DETROITBECOMEHUMAN,Detroit: Become Human,/game/detroit-become-human/,NPefYyfzS6YK5wFPNPdTqj5w6I3%2F62eTCYBdRBwbrWs%3D,1,206736,3.99,39.99,1,90.022506,80,Overwhelmingly Positive,95,58621,1222140,1576108800,1790881463,9.5,https://shared.fastly.steamstatic.com/store_item_assets/steam/apps/1222140/capsule_231x87.jpg?t=1667468479,2019-12-12 00:00:00+00:00,2019,12/12/19
HUNTINGSIMULATOR2,Hunting Simulator 2,/game/hunting-simulator-2/,KnP%2FH6IAg5TiWTAQjM3kXR%2Bfg%2BBtXusZN28zyd%2Fo3hI%3D,1,218281,3.99,39.99,1,90.022506,63,Mostly Positive,70,952,1135910,1594857600,1790881999,8.7,https://shared.fastly.steamstatic.com/store_item_assets/steam/apps/1135910/capsule_231x87.jpg?t=1778174003,2020-07-16 00:00:00+00:00,2020,07/16/20
MONSTERTRUCKCHAMPIONSHIP,Monster Truck Championship,/game/monster-truck-championship/,aCJNEYzzkLqa1VzO0YumxK%2Bdo%2FRL31LV2do7GRVVFqw%3D,1,221477,3.99,39.99,1,90.022506,0,Mostly Positive,75,143,1209360,1602720000,1789850558,5.8,https://shared.fastly.steamstatic.com/store_item_assets/steam/apps/1209360/capsule_231x87.jpg?t=1725351205,2020-10-15 00:00:00+00:00,2020,10/15/20
HANDBALL21,Handball 21,/game/handball-21/,6i2gY%2BufcNTnn043emb2EyyH6uxFV71bKDDbYE9FYoM%3D,1,222962,3.99,39.99,1,90.022506,0,Mixed,46,108,891020,1605139200,1790874971,7.5,https://shared.fastly.steamstatic.com/store_item_assets/steam/apps/891020/capsule_231x87.jpg?t=1725351739,2020-11-12 00:00:00+00:00,2020,11/12/20
EVILGENIUS2WORLDDOMINATION,Evil Genius 2: World Domination,/game/evil-genius-2-world-domination/,TFMsHY8yEXTTxChVjffLd7JqTV24nShS0ZsChthQZGg%3D,1,226366,3.99,39.99,1,90.022506,75,Mixed,68,7559,700600,1617062400,1790882315,9.2,https://shared.fastly.steamstatic.com/store_item_assets/steam/apps/700600/capsule_231x87.jpg?t=1734453187,2021-03-30 00:00:00+00:00,2021,03/30/21
STRONGHOLDWARLORDS,Stronghold: Warlords,/game/stronghold-warlords/,J8pf1YGHEylieZ%2B5oE0iFX021rQoNypn%2BiU%2Fmta4f9U%3D,1,225497,3.99,39.99,1,90.022506,65,Mixed,64,1932,907650,1615248000,1790886088,8.8,https://shared.fastly.steamstatic.com/store_item_assets/steam/apps/907650/capsule_231x87.jpg?t=1758725945,2021-03-09 00:00:00+00:00,2021,03/09/21
SNIPERGHOSTWARRIORCONTRACTS2,Sniper Ghost Warrior Contracts 2,/game/sniper-ghost-warrior-contracts-2/,I3aQQIoYu2DyNcpZSRJlD5R9ucgpPRe1992sd3nu5oA%3D,1,228533,3.99,39.99,1,90.022506,73,Very Positive,84,4509,1338770,1622764800,1790881794,9.1,https://shared.fastly.steamstatic.com/store_item_assets/steam/apps/1338770/capsule_231x87.jpg?t=1747413239,2021-06-04 00:00:00+00:00,2021,06/04/21
KINGSBOUNTYII,Kings Bounty II,/game/kings-bounty-ii/,LYOxAoOQn%2Bxd%2FANPPiMm5j6Fc952WbysVWWioF9gppk%3D,1,230512,3.99,39.99,1,90.022506,63,Mixed,56,1090,1135300,1629763200,1789664438,6.7,https://shared.fastly.steamstatic.com/store_item_assets/steam/apps/1135300/capsule_231x87.jpg?t=1784309763,2021-08-24 00:00:00+00:00,2021,08/24/21
MONSTERHUNTERRISE,MONSTER HUNTER RISE,/game/monster-hunter-rise/,xzXjz2pXvWpSiaoh0UPpzEJjM6oAju2S3KZ23oV0tXw%3D,1,235239,3.99,39.99,1,90.022506,86,Very Positive,87,34675,1446780,1641945600,1790881459,9.9,https://shared.fastly.steamstatic.com/store_item_assets/steam/apps/1446780/capsule_231x87.jpg?t=1768870444,2022-01-12 00:00:00+00:00,2022,01/12/22
MXGP2021THEOFFICIALMOTOCROSSVIDEOGAME,MXGP 2021 - The Official Motocross Videogame,/game/mxgp-2021-the-official-motocross-videogame/,1UPsoitpVGwcQG%2Brn3VbfYyouRle14N770Bkq6gyi8I%3D,1,237774,3.99,39.99,1,90.022506,0,Very Positive,85,1172,1610470,1638230400,1790882568,7.5,https://shared.fastly.steamstatic.com/store_item_assets/steam/apps/1610470/capsule_231x87.jpg?t=1725035312,2021-11-30 00:00:00+00:00,2021,11/30/21
MONSTERENERGYSUPERCROSSTHEOFFICIALVIDEOGAME5,Monster Energy Supercross - The Official Videogame 5,/game/monster-energy-supercross-the-official-videogame-5/,oeg78xzMvBA31tG6aAaUnaxVrIp77PUHlof7yclDopo%3D,1,242071,3.99,39.99,1,90.022506,65,Mostly Positive,71,494,1610460,1647475200,1790886580,8.8,https://shared.fastly.steamstatic.com/store_item_assets/steam/apps/1610460/capsule_231x87.jpg?t=1744270609,2022-03-17 00:00:00+00:00,2022,03/17/22
OLDWORLD,Old World,/game/old-world/,VZNqIkRYQZOr5OfgRmFAOC1qW%2BixTY7yt%2B5v0iHCPJI%3D,1,246569,3.99,39.99,1,90.022506,80,Very Positive,84,3963,597180,1625097600,1790881606,9.5,https://shared.fastly.steamstatic.com/store_item_assets/steam/apps/597180/283817ee3881aaf6af93ee7c08b0bc5412e3b4fa/capsule_231x87.jpg?t=1790847023,2021-07-01 00:00:00+00:00,2021,07/01/21
SOULSTICE,Soulstice,/game/soulstice/,DT6%2BuTtSHPRe%2F%2BLZdgCbxt%2BRk9Cg68BHr6yQX9N2DVs%3D,1,251157,3.99,39.99,1,90.022506,68,Mostly Positive,76,1848,1602080,1663632000,1790882800,8.9,https://shared.fastly.steamstatic.com/store_item_assets/steam/apps/1602080/capsule_231x87.jpg?t=1746539339,2022-09-20 00:00:00+00:00,2022,09/20/22
WRCGENERATIONSTHEFIAWRCOFFICIALGAME,WRC Generations  The FIA WRC Official Game,,xg%2FrVW0Bjum8RvGbUNCTPCuHfCjC2kg8Gyt65kAbaC4%3D,1,252908,3.99,39.99,1,90.022506,0,Mixed,65,1105,1953520,0,1790882309,7.5,https://shared.fastly.steamstatic.com/store_item_assets/steam/apps/1953520/capsule_231x87.jpg?t=1764149287,1970-01-01 00:00:00+00:00,1970,01/01/70
IMMORTALSFENYXRISING,Immortals Fenyx Rising,/game/immortals-fenyx-rising/,KjhT0URCq9H42v7C%2FGwBRlyTvPBDnt2YhVmuVgjJPiw%3D,1,220398,3.99,39.99,1,90.022506,79,Mostly Positive,72,2120,2221920,1606953600,1789673310,7.4,https://shared.fastly.steamstatic.com/store_item_assets/steam/apps/2221920/capsule_231x87.jpg?t=1778099749,2020-12-03 00:00:00+00:00,2020,12/03/20
SHERLOCKHOLMESTHEAWAKENED,Sherlock Holmes The Awakened,/game/sherlock-holmes-the-awakened/,8kAyiE%2B3XEc%2Fw9HHWeXszTE%2BeNxl%2BfkZpGdBIY%2Brjbg%3D,1,250665,3.99,39.99,1,90.022506,72,Very Positive,81,1145,1949030,1681171200,1790882038,9.1,https://shared.fastly.steamstatic.com/store_item_assets/steam/apps/1949030/capsule_231x87.jpg?t=1787840980,2023-04-11 00:00:00+00:00,2023,04/11/23
THEOUTLASTTRIALS,The Outlast Trials,/game/the-outlast-trials/,efYGr4J094zgRg4Vobiiu5BcinaEOGM%2BHnmNk1JmY1k%3D,1,260874,3.99,39.99,1,90.022506,69,Very Positive,93,42463,1304930,1709596800,1790881422,8.9,https://shared.fastly.steamstatic.com/store_item_assets/steam/apps/1304930/115ccc74cf2a3951184659a5f953c8db1a48e499/capsule_231x87_alt_assets_3.jpg?t=1784123708,2024-03-05 00:00:00+00:00,2024,03/05/24
WARHAMMER40000GLADIUSRELICSOFWAR,"Warhammer 40,000: Gladius - Relics of War",/game/warhammer-40000-gladius-relics-of-war/,v%2BiCL66O3C4RNXMMs%2Bym74Nt0CV7OEVHVmloCZRVtS8%3D,1,187817,3.99,39.99,1,90.022506,71,Very Positive,81,5267,489630,1531353600,1790881559,9.0,https://shared.fastly.steamstatic.com/store_item_assets/steam/apps/489630/7db6a6cc6410a5d9e0c3c3b40a9ddb2b74bf575c/capsule_231x87.jpg?t=1779382255,2018-07-12 00:00:00+00:00,2018,07/12/18
RIDERSREPUBLIC,Riders Republic,/game/riders-republic/,4sQHxgPMHVP%2B9mdvtUlnYzY6EvW4pRB%2FaB13bXSoHbA%3D,1,220402,3.99,39.99,1,90.022506,78,Very Positive,82,7818,2290180,1635379200,1789673264,7.3,https://shared.fastly.steamstatic.com/store_item_assets/steam/apps/2290180/08b6b879baa6e345bd4f57ef656b35dffd4dc828/capsule_231x87.jpg?t=1790170359,2021-10-28 00:00:00+00:00,2021,10/28/21
LITTLEFRIENDSPUPPYISLAND,Little Friends: Puppy Island,/game/little-friends-puppy-island/,OdPkgWQ5aJcMRHxbyXQbIYKK%2FJGPJLqzan%2Bbn3ybxCs%3D,1,260534,3.99,39.99,1,90.022506,0,Very Positive,95,237,2172900,1687824000,1790882855,7.5,https://shared.fastly.steamstatic.com/store_item_assets/steam/apps/2172900/capsule_231x87.jpg?t=1715615515,2023-06-27 00:00:00+00:00,2023,06/27/23
OVERPASS2,Overpass 2,/game/overpass-2/,C6TdAIf5rij69e%2BVeKPhhPZdb6fLh9LqNWlXUOnPGOA%3D,1,273051,3.99,39.99,1,90.022506,63,Mixed,56,53,1830630,1695859200,1790886283,4.7,https://shared.fastly.steamstatic.com/store_item_assets/steam/apps/1830630/capsule_231x87.jpg?t=1725351831,2023-09-28 00:00:00+00:00,2023,09/28/23
ROBOCOPROGUECITY,RoboCop: Rogue City,/game/robocop-rogue-city/,d%2FXXjbO7jDIH8lSTy2bcGxzfizt4ks30TNnN9hb7Zss%3D,1,265818,3.99,39.99,1,90.022506,76,Very Positive,86,15299,1681430,1698883200,1790881595,9.2,https://shared.fastly.steamstatic.com/store_item_assets/steam/apps/1681430/capsule_231x87.jpg?t=1778174302,2023-11-02 00:00:00+00:00,2023,11/02/23
GANGSOFSHERWOOD,Gangs of Sherwood,/game/gangs-of-sherwood/,0trH76SDNpPwXaB8oBHIi5IXRGAxM4qNM7DECCoofIg%3D,1,274261,3.99,39.99,1,90.022506,49,Mostly Negative,38,189,1351000,1701302400,1790878155,8.4,https://shared.fastly.steamstatic.com/store_item_assets/steam/apps/1351000/capsule_231x87.jpg?t=1778173468,2023-11-30 00:00:00+00:00,2023,11/30/23
TRANSFORMERSEARTHSPARKEXPEDITION,TRANSFORMERS: EARTHSPARK - Expedition,/game/transformers-earthspark-expedition/,djylUaaKuKpA06wZInosM8DRWmvnWSmzbnB95WwbS50%3D,1,275594,3.99,39.99,1,90.022506,0,Mostly Positive,70,54,1955800,1697155200,1790882866,3.5,https://shared.fastly.steamstatic.com/store_item_assets/steam/apps/1955800/capsule_231x87.jpg?t=1727088547,2023-10-13 00:00:00+00:00,2023,10/13/23
CROWNWARSTHEBLACKPRINCE,Crown Wars: The Black Prince,/game/crown-wars-the-black-prince/,oCf5eaDpo95kNJZomDmKUOaVy00bo5v1yoz8p5PG4nE%3D,1,282430,3.99,39.99,1,90.022506,59,Mixed,59,542,1658920,1716422400,1790882338,8.6,https://shared.fastly.steamstatic.com/store_item_assets/steam/apps/1658920/capsule_231x87.jpg?t=1778173233,2024-05-23 00:00:00+00:00,2024,05/23/24
ZOMBIEARMYTRILOGY,Zombie Army Trilogy,/game/zombie-army-trilogy/,RYDSfgnP3tOfW9JdeyprwR4HqiV%2FbZMOC7sZe9uTYG0%3D,1,140941,4.49,44.99,1,90.020004,72,Very Positive,84,5174,301640,1425600000,1790881891,9.0,https://shared.fastly.steamstatic.com/store_item_assets/steam/apps/301640/capsule_231x87.jpg?t=1734453776,2015-03-06 00:00:00+00:00,2015,03/06/15
BADGUYADVENTURE,Bad Guy Adventure,/game/bad-guy-adventure/,va7ALOmUFn%2FNAci4nx%2BpFbcPuyfTACNq8q94ITRW920%3D,1,226426,4.49,44.99,1,90.020004,0,Mostly Positive,72,11,1541520,1613520000,1790875594,3.5,https://shared.fastly.steamstatic.com/store_item_assets/steam/apps/1541520/capsule_231x87.jpg?t=1740168646,2021-02-17 00:00:00+00:00,2021,02/17/21
SHERLOCKHOLMESCHAPTERONE,Sherlock Holmes: Chapter One,/game/sherlock-holmes-chapter-one/,JkQU1gJ%2FQJ8ncSzD9OjINEp0bLGFO9x6SAWUifhWEaI%3D,1,216305,4.49,44.99,1,90.020004,77,Mostly Positive,75,1703,1137300,1637020800,1790882137,9.3,https://shared.fastly.steamstatic.com/store_item_assets/steam/apps/1137300/capsule_231x87.jpg?t=1758522920,2021-11-16 00:00:00+00:00,2021,11/16/21
JAGGEDALLIANCE3,Jagged Alliance 3,/game/jagged-alliance-3/,grkz73%2Fa3MqVkLyvL0YAK%2FZ%2FlQghRYUZLaudI2Ljjdg%3D,1,253729,4.49,44.99,1,90.020004,81,Very Positive,87,5372,1084160,1689292800,1790273024,8.5,https://shared.fastly.steamstatic.com/store_item_assets/steam/apps/1084160/capsule_231x87.jpg?t=1725000793,2023-07-14 00:00:00+00:00,2023,07/14/23
EUROPAUNIVERSALISIV,Europa Universalis IV,/game/europa-universalis-iv/,vL71CK2%2FNgPmTBqXjYF5%2FVAHB6DCrQlEfO3HmfpDjQU%3D,1,98151,4.99,49.99,1,90.018004,87,Very Positive,87,47479,236850,1376352000,1790881466,9.9,https://shared.fastly.steamstatic.com/store_item_assets/steam/apps/236850/f4e714d0f5a6be6b76e4b7cfddd692ccc689884a/capsule_231x87.jpg?t=1790873960,2013-08-13 00:00:00+00:00,2013,08/13/13
HOMEWORLDDESERTSOFKHARAK,Homeworld: Deserts of Kharak,/game/homeworld-deserts-of-kharak/,enB7vcM3WeqX7sWJYM4CPAkkpfQx7nLQJflmDLTuKks%3D,1,147543,4.99,49.99,1,90.018004,79,Mostly Positive,78,5355,281610,1453248000,1790882361,9.4,https://shared.fastly.steamstatic.com/store_item_assets/steam/apps/281610/capsule_231x87.jpg?t=1781819254,2016-01-20 00:00:00+00:00,2016,01/20/16
GODEATER2RAGEBURST,GOD EATER 2 Rage Burst,/game/god-eater-2-rage-burst/,A54sZ0mIpV9QjFsYSRukWzFVh%2FSBQehhzyBzdzud2PE%3D,1,155097,4.99,49.99,1,90.018004,73,Very Positive,85,1823,438490,1472428800,1790882177,9.0,https://shared.fastly.steamstatic.com/store_item_assets/steam/apps/438490/capsule_231x87.jpg?t=1781646071,2016-08-29 00:00:00+00:00,2016,08/29/16
ONEPIECEBURNINGBLOOD,ONE PIECE BURNING BLOOD,/game/one-piece-burning-blood/,I8mUNuhX%2FwwJVApltsLygU%2Fzz0qx12IlMcapkhRGwAo%3D,1,157071,4.99,49.99,1,90.018004,0,Mostly Positive,79,906,425220,1472688000,1790882158,7.4,https://shared.fastly.steamstatic.com/store_item_assets/steam/apps/425220/capsule_231x87.jpg?t=1701310074,2016-09-01 00:00:00+00:00,2016,09/01/16
MIDDLEEARTHSHADOWOFWAR,Middle-earth: Shadow of War,/game/middle-earth-shadow-of-war/,QJzf3CsWhKekh7u1RiqqT%2FinkoKzj926ryKkqQCK140%3D,1,166717,4.99,49.99,1,90.018004,75,Very Positive,88,36876,356190,1507507200,1790881500,9.1,https://shared.fastly.steamstatic.com/store_item_assets/steam/apps/356190/capsule_231x87.jpg?t=1780594801,2017-10-09 00:00:00+00:00,2017,10/09/17
WARHAMMER40000INQUISITORMARTYR,"Warhammer 40,000: Inquisitor - Martyr",/game/warhammer-40000-inquisitor-martyr/,IJWIu5sxCL51U4mQt4sm3r8kHyYmdAZ7LfodLbwx%2Bic%3D,1,172589,4.99,49.99,1,90.018004,67,Mostly Positive,78,10186,527430,1528156800,1790881812,8.8,https://shared.fastly.steamstatic.com/store_item_assets/steam/apps/527430/capsule_231x87.jpg?t=1731442765,2018-06-05 00:00:00+00:00,2018,06/05/18
HACKGULASTRECODE,.Hack//G.U. Last Recode,/game/hack-gu-last-recode/,8wD7X%2FC7b5VF7XvI9h%2BXA1FGUnQ%2FDzR2IpMIfaNCAtc%3D,1,174819,4.99,49.99,1,90.018004,69,Very Positive,87,2333,525480,1509667200,1790882063,8.9,https://shared.fastly.steamstatic.com/store_item_assets/steam/apps/525480/capsule_231x87.jpg?t=1701322437,2017-11-03 00:00:00+00:00,2017,11/03/17
INJUSTICE2,Injustice 2,/game/injustice-2/,3Z4THVFnoVlZCAuD20HvK0GVRSsN0lYUx2brrp%2FgHu0%3D,1,174988,4.99,49.99,1,90.018004,86,Very Positive,85,6927,627270,1512000000,1790881790,9.8,https://shared.fastly.steamstatic.com/store_item_assets/steam/apps/627270/capsule_231x87.jpg?t=1745536404,2017-11-30 00:00:00+00:00,2017,11/30/17
STRANGEBRIGADE,Strange Brigade,/game/strange-brigade/,Fm2nkqQtnrAC%2B9prvbg8QS0zazFH0xX4l9DM7wdImLM%3D,1,186375,4.99,49.99,1,90.018004,68,Very Positive,85,3550,312670,1535414400,1790882422,8.8,https://shared.fastly.steamstatic.com/store_item_assets/steam/apps/312670/capsule_231x87.jpg?t=1589878497,2018-08-28 00:00:00+00:00,2018,08/28/18
BLACKCLOVERQUARTETKNIGHTS,BLACK CLOVER: QUARTET KNIGHTS,/game/black-clover-quartet-knights/,1ou%2FeCxKS8zVSgSIpqoW2nHGHJEvxIN3wzRC6qtB9xo%3D,1,192018,4.99,49.99,1,90.018004,0,Mostly Positive,75,836,714080,1536883200,1790882863,7.4,https://shared.fastly.steamstatic.com/store_item_assets/steam/apps/714080/capsule_231x87.jpg?t=1718967334,2018-09-14 00:00:00+00:00,2018,09/14/18
MORTALKOMBAT11,Mortal Kombat11,/game/mortal-kombat-11/,LC4E%2BARf7Ilc9Y%2ByK5ObmKRrtjxEwY5%2Bu97zrBdi%2Bj8%3D,1,196050,4.99,49.99,1,90.018004,82,Very Positive,86,25983,976310,1555977600,1790881590,9.5,https://shared.fastly.steamstatic.com/store_item_assets/steam/apps/976310/capsule_231x87.jpg?t=1780429525,2019-04-23 00:00:00+00:00,2019,04/23/19
DIGIMONSTORYCYBERSLEUTHCOMPLETEEDITION,Digimon Story: Cyber Sleuth Complete Edition,/game/digimon-story-cyber-sleuth-complete-edition/,aznVp8bmnMWJyQIBJmYLg91xsvVvjECJTutRvVg%2F6ME%3D,1,206359,4.99,49.99,1,90.018004,0,Very Positive,89,4865,1042550,1571356800,1790881814,7.4,https://shared.fastly.steamstatic.com/store_item_assets/steam/apps/1042550/capsule_231x87.jpg?t=1785896576,2019-10-18 00:00:00+00:00,2019,10/18/19
BATTLEFIELDV,Battlefield V,/game/battlefield-v/,O7Yl3vwvEd6Ol0inPOrUwMbigxJLR0xB%2BnoCjQcTCP8%3D,1,187449,4.99,49.99,1,90.018004,81,Mostly Positive,71,35599,1238810,1542672000,1790881591,9.5,https://shared.fastly.steamstatic.com/store_item_assets/steam/apps/1238810/capsule_231x87.jpg?t=1772707365,2018-11-20 00:00:00+00:00,2018,11/20/18
ZOMBIEARMY4DEADWAR,Zombie Army 4: Dead War,/game/zombie-army-4-dead-war/,WNn7APgAQ9Qt08TxH%2BHXwdYqY0mPaQdpO2rFeaZ%2FzbI%3D,1,206403,4.99,49.99,1,90.018004,74,Very Positive,86,3183,694280,1566864000,1790881531,9.1,https://shared.fastly.steamstatic.com/store_item_assets/steam/apps/694280/capsule_231x87.jpg?t=1786965015,2019-08-27 00:00:00+00:00,2019,08/27/19
WRC10FIAWORLDRALLYCHAMPIONSHIP,WRC 10 FIA World Rally Championship,/game/pc/wrc-10-fia-world-rally-championship,btP63LTOxoL6lLKFs6apIvTrE%2Fz49HM9ZsA8j6fbUW4%3D,1,234140,4.99,49.99,1,90.018004,74,Mostly Positive,74,867,1462810,1630540800,1790882241,9.1,https://shared.fastly.steamstatic.com/store_item_assets/steam/apps/1462810/capsule_231x87.jpg?t=1725353913,2021-09-02 00:00:00+00:00,2021,09/02/21
STEELRISING,Steelrising,/game/steelrising/,A3qoCYgCeYmC6hxqmqotzsgHKmrS24vo2utO38weIxc%3D,1,247590,4.99,49.99,1,90.018004,68,Mostly Positive,73,1815,1283400,1662595200,1790881816,8.8,https://shared.fastly.steamstatic.com/store_item_assets/steam/apps/1283400/capsule_231x87.jpg?t=1778174679,2022-09-08 00:00:00+00:00,2022,09/08/22
MONSTERENERGYSUPERCROSSTHEOFFICIALVIDEOGAME6,Monster Energy Supercross - The Official Videogame 6,/game/monster-energy-supercross-the-official-videogame-6/,hBF4F%2Be9zWzU4e7%2F0ISD7WDUW0AdOUFixnuihwY5D4k%3D,1,258192,4.99,49.99,1,90.018004,0,Mostly Positive,71,515,2058750,1678320000,1790882837,7.4,https://shared.fastly.steamstatic.com/store_item_assets/steam/apps/2058750/capsule_231x87.jpg?t=1744270559,2023-03-09 00:00:00+00:00,2023,03/09/23
TTISLEOFMANRIDEONTHEEDGE3,TT Isle of Man: Ride on the Edge 3,/game/tt-isle-of-man-ride-on-the-edge-3/,NxNkKIzOFpqjhVp4hsr3UzXQyJDCVn4HJm%2FqJOPAo1o%3D,1,259173,4.99,49.99,1,90.018004,0,Mostly Positive,73,807,1924170,1683763200,1790881936,7.4,https://shared.fastly.steamstatic.com/store_item_assets/steam/apps/1924170/capsule_231x87.jpg?t=1764149285,2023-05-11 00:00:00+00:00,2023,05/11/23
SUPERMEGABASEBALL4,Super Mega Baseball 4,/game/super-mega-baseball-4/,%2FGKcfss2nXXCvXi0tYcKhvXZWjCaaj6Ns%2B1WWsMBQDM%3D,1,260299,4.99,49.99,1,90.018004,79,Very Positive,80,1333,1487210,1685664000,1790881852,9.4,https://shared.fastly.steamstatic.com/store_item_assets/steam/apps/1487210/capsule_231x87.jpg?t=1779987212,2023-06-02 00:00:00+00:00,2023,06/02/23
DEADISLAND2,Dead Island 2,/game/dead-island-2/,v7EH1SnDRul8URzSgIhj5R5BKW9AGdiecSsiIzFpMc0%3D,1,259837,4.99,49.99,1,90.018004,75,Mostly Positive,76,10858,934700,1682035200,1790881518,9.1,https://shared.fastly.steamstatic.com/store_item_assets/steam/apps/934700/a247bbfb249b71dfed4d6e582e5bea2b1dbd4358/capsule_231x87.jpg?t=1790170542,2023-04-21 00:00:00+00:00,2023,04/21/23
LEGOBATMANTRILOGY,LEGO Batman Trilogy,,q1kAXQLJ1godH985RrhaNjv4HoCcdtyUxtlf98qwagE%3D,1,136751,4.99,49.99,1,90.018004,0,Very Positive,90,27924,53403,0,1790882508,7.4,https://shared.fastly.steamstatic.com/store_item_assets/steam/subs/53403/capsule_231x87.jpg?t=1775492998,1970-01-01 00:00:00+00:00,1970,01/01/70
MXGP24THEOFFICIALGAME,MXGP 24: The Official Game,/game/mxgp-24-the-official-game/,Lz27Bk6BfSM22olzrpuFc%2B9nARLkO5zHeULqr0XFQ8E%3D,1,294285,4.99,49.99,1,90.018004,0,Mostly Negative,27,103,2603040,1732752000,1789844963,5.7,https://shared.fastly.steamstatic.com/store_item_assets/steam/apps/2603040/4d1771a8bffffbbfd6313907a7b68ec21c34f6d2/capsule_231x87.jpg?t=1764149745,2024-11-28 00:00:00+00:00,2024,11/28/24
ONEPIECEPIRATEWARRIORS3GOLDEDITION,ONE PIECE PIRATE WARRIORS 3 Gold Edition,,rYM7YfmDssv08eWeYiPYItWkZPZ7HbdnSD4f3VrPkUg%3D,1,145041,5.19,51.98,1,90.015391,0,Mostly Positive,79,8531,70503,0,1790875584,7.4,https://shared.fastly.steamstatic.com/store_item_assets/steam/subs/70503/capsule_231x87.jpg?t=1726526146,1970-01-01 00:00:00+00:00,1970,01/01/70
SIDMEIERSCIVILIZATIONVI,Sid Meiers Civilization VI,/game/sid-meiers-civilization-vi/,5xRuVIgFiH0TW2PTPJPlTN4NYMjAt4bg3p1CvKMMJv8%3D,1,152578,5.99,59.99,1,90.015003,88,Very Positive,85,107723,289070,1476921600,1790881459,10.0,https://shared.fastly.steamstatic.com/store_item_assets/steam/apps/289070/capsule_231x87.jpg?t=1784651829,2016-10-20 00:00:00+00:00,2016,10/20/16
SNIPERELITE4,Sniper Elite 4,/game/sniper-elite-4/,PB0QwRBuCWGkI%2FCzoZhoPZTz8MIJ7yTTVLbztoRr24g%3D,1,158730,5.99,59.99,1,90.015003,78,Very Positive,91,15884,312660,1487030400,1790881583,9.3,https://shared.fastly.steamstatic.com/store_item_assets/steam/apps/312660/capsule_231x87.jpg?t=1681207252,2017-02-14 00:00:00+00:00,2017,02/14/17
SOULCALIBURVI,Soul Calibur VI,/game/soulcalibur-vi/,LG2g7Gkt2pcNX16hUqv%2Bf%2BZSNpUvCwWrfPeRiQqdHeQ%3D,1,176105,5.99,59.99,1,90.015003,80,Very Positive,83,5791,544750,1539820800,1790881572,9.4,https://shared.fastly.steamstatic.com/store_item_assets/steam/apps/544750/capsule_231x87.jpg?t=1718967845,2018-10-18 00:00:00+00:00,2018,10/18/18
LEFTALIVE,LEFT ALIVE,/game/left-alive/,svjYyBuYzI%2BhLDm1nmP2X2y8y7PgDDQbBrNVos5o%2BAA%3D,1,193227,5.99,59.99,1,90.015003,40,Mostly Negative,31,623,714370,1551744000,1789751770,6.3,https://shared.fastly.steamstatic.com/store_item_assets/steam/apps/714370/capsule_231x87.jpg?t=1775120208,2019-03-05 00:00:00+00:00,2019,03/05/19
GODEATER3,GOD EATER 3,/game/god-eater-3/,l61LlxlIJRaGasxQg0fvLhTFLB%2FtRMoXSdKljeKBXzM%3D,1,197413,5.99,59.99,1,90.015003,71,Very Positive,86,3201,899440,1549584000,1790882015,8.9,https://shared.fastly.steamstatic.com/store_item_assets/steam/apps/899440/capsule_231x87.jpg?t=1701317278,2019-02-08 00:00:00+00:00,2019,02/08/19
ONEPIECEWORLDSEEKER,One Piece: World Seeker,/game/one-piece-world-seeker/,sNjjAsmWVARUbN250ptG6vSm7yWa8lQPJE52QU63c%2Fk%3D,1,186659,5.99,59.99,1,90.015003,51,Mostly Positive,78,2168,755500,1552608000,1790881939,8.3,https://shared.fastly.steamstatic.com/store_item_assets/steam/apps/755500/capsule_231x87.jpg?t=1701311545,2019-03-15 00:00:00+00:00,2019,03/15/19
ZANKIZEROLASTBEGINNING,Zanki Zero: Last Beginning,/game/zanki-zero-last-beginning/,Qt%2F1wpDEdsPdoNAjPoZv0FP07M%2Bm1VnydeHpqduwuDA%3D,1,200638,5.99,59.99,1,90.015003,0,Mostly Positive,77,653,819020,1554768000,1790882835,7.4,https://shared.fastly.steamstatic.com/store_item_assets/steam/apps/819020/capsule_231x87.jpg?t=1706515086,2019-04-09 00:00:00+00:00,2019,04/09/19
CODEVEIN,Code Vein,/game/code-vein/,4aBFpr5XkQr4t7GXhfhkf70N0D%2B%2BKgzKwOseCqpao5k%3D,1,170170,5.99,59.99,1,90.015003,72,Very Positive,86,19263,678960,1569456000,1790273028,8.0,https://shared.fastly.steamstatic.com/store_item_assets/steam/apps/678960/capsule_231x87.jpg?t=1766015412,2019-09-26 00:00:00+00:00,2019,09/26/19
ONEPUNCHMANAHERONOBODYKNOWS,ONE PUNCH MAN: A HERO NOBODY KNOWS,/game/one-punch-man-a-hero-nobody-knows/,BRBtceKDNVdmYYmqwzYXhR6R7AXGnXuevopDh%2Fy1yQE%3D,1,210036,5.99,59.99,1,90.015003,0,Mixed,53,1703,991560,1582848000,1790882891,7.4,https://shared.fastly.steamstatic.com/store_item_assets/steam/apps/991560/capsule_231x87.jpg?t=1686067129,2020-02-28 00:00:00+00:00,2020,02/28/20
BACK4BLOOD,Back 4 Blood,/game/back-4-blood/,ESIIJCjm9wUuaO1hhZLZLgd7OS3qorpPmT44E70YSas%3D,1,224258,5.99,59.99,1,90.015003,77,Mostly Positive,72,25403,924970,1633996800,1790881787,9.2,https://shared.fastly.steamstatic.com/store_item_assets/steam/apps/924970/capsule_231x87.jpg?t=1780594976,2021-10-12 00:00:00+00:00,2021,10/12/21
REZEROSTARTINGLIFEINANOTHERWORLDTHEPROPHECYOFTHETHRONE,Re:ZERO -Starting Life in Another World- The Prophecy of the Throne,/game/rezero-starting-life-in-another-world-the-prophecy/,sJqUQDYqOFD2Dwet08iJu%2FckR%2FcRnZTlP1oRXWJZSdI%3D,1,225553,5.99,59.99,1,90.015003,0,Very Positive,87,1066,1277510,1611705600,1790882130,7.4,https://shared.fastly.steamstatic.com/store_item_assets/steam/apps/1277510/capsule_231x87.jpg?t=1715700857,2021-01-27 00:00:00+00:00,2021,01/27/21
BATTLEFIELD2042,Battlefield 2042,/game/battlefield-2042/,j%2FU246DXHntGdAHE%2Bs7L9vf3eG5hSlaKgdTMffprrdE%3D,1,230756,5.99,59.99,1,90.015003,68,Mixed,46,106609,1517290,1637280000,1790881669,8.8,https://shared.fastly.steamstatic.com/store_item_assets/steam/apps/1517290/capsule_231x87.jpg?t=1777324359,2021-11-19 00:00:00+00:00,2021,11/19/21
THEQUARRY,The Quarry,/game/the-quarry/,tHQL3kGtXSlIgYfUcq2wrG2rQt6FL6eEviYWf4cgyug%3D,1,242111,5.99,59.99,1,90.015003,79,Very Positive,83,8258,1577120,1654819200,1790881481,9.3,https://shared.fastly.steamstatic.com/store_item_assets/steam/apps/1577120/capsule_231x87.jpg?t=1730303267,2022-06-10 00:00:00+00:00,2022,06/10/22
HOGWARTSLEGACY,Hogwarts Legacy,/game/hogwarts-legacy/,ItzaKCtDAPDq8RCrn48ObsYBlbZFBaoCNeZ9gTSPvrY%3D,1,249998,5.99,59.99,1,90.015003,83,Very Positive,91,143811,990080,1675987200,1790881458,9.6,https://shared.fastly.steamstatic.com/store_item_assets/steam/apps/990080/4617336bf98ab04289173328838f18303673457f/capsule_231x87.jpg?t=1790708992,2023-02-10 00:00:00+00:00,2023,02/10/23
IMMORTALSOFAVEUM,Immortals of Aveum,/game/immortals-of-aveum/,AWkDXPDH1mPKnnLuezrpGHMYY7ptdQRSAbnKjnvW1Os%3D,1,259543,5.99,59.99,1,90.015003,65,Mostly Positive,72,1848,2009100,1692662400,1790882366,8.7,https://shared.fastly.steamstatic.com/store_item_assets/steam/apps/2009100/capsule_231x87.jpg?t=1777395412,2023-08-22 00:00:00+00:00,2023,08/22/23
FARCRY6,Far Cry 6,/game/far-cry-6/,VhZ6wUfFw1LAWPXBnT3cSBarTRx1aYorAFmkw1lMdos%3D,1,218106,5.99,59.99,1,90.015003,74,Mixed,66,13400,2369390,1633564800,1789673209,7.0,https://shared.fastly.steamstatic.com/store_item_assets/steam/apps/2369390/0155dcf6a44343b85e682b48648d95716f92a5c6/capsule_231x87.jpg?t=1790173132,2021-10-07 00:00:00+00:00,2021,10/07/21
BORDERLANDS3,Borderlands 3,/game/borderlands-3/,vS1xuwVUUlwbII1yuCEqdOCxRHNlV2%2F6fnhSikmNFGA%3D,1,200621,5.99,59.99,1,90.015003,81,Very Positive,81,60285,397540,1568332800,1790881440,9.4,https://shared.fastly.steamstatic.com/store_item_assets/steam/apps/397540/capsule_231x87.jpg?t=1750802377,2019-09-13 00:00:00+00:00,2019,09/13/19
MATRIXBRAINTWISTER,Matrix Brain Twister,,YpcALdgZdQmr6ED8m%2BeG340%2BZMoMqwICEVpBO8o%2Bm44%3D,1,329459,5.99,59.99,1,90.015003,0,,0,0,1210960,0,1790878519,3.4,https://shared.fastly.steamstatic.com/store_item_assets/steam/apps/1210960/capsule_231x87.jpg?t=1771773363,1970-01-01 00:00:00+00:00,1970,01/01/70
NEEDFORSPEEDHEAT,Need for Speed Heat,/game/need-for-speed-heat/,I%2BKyFHIkqTza%2FEM3EEeICP%2F0UyJGfB%2FXej9zQ%2BxEf6I%3D,1,204096,6.99,69.99,1,90.012859,72,Very Positive,85,52824,1222680,1573171200,1790881518,8.9,https://shared.fastly.steamstatic.com/store_item_assets/steam/apps/1222680/capsule_231x87.jpg?t=1777414224,2019-11-08 00:00:00+00:00,2019,11/08/19
MIDDLEEARTHTHESHADOWBUNDLE,Middle-earth: The Shadow Bundle,,ybCuW3Nd2LwD9Y6X5Q%2FKPX3lVeNncVfnBA41GKYvU%2B4%3D,1,237067,6.99,69.99,1,90.012859,0,Very Positive,90,152459,648168,0,1790882652,7.4,https://shared.fastly.steamstatic.com/store_item_assets/steam/subs/648168/capsule_231x87.jpg?t=1773778564,1970-01-01 00:00:00+00:00,1970,01/01/70
NEEDFORSPEEDUNBOUND,Need for Speed Unbound,/game/need-for-speed-unbound/,ZzJ5c7WnXezZx5fGFv%2BK8fvfpUh9lZQAEDfAq1zQgSk%3D,1,251767,6.99,69.99,1,90.012859,73,Mixed,63,21118,1846380,1669939200,1790881557,9.0,https://shared.fastly.steamstatic.com/store_item_assets/steam/apps/1846380/47534db1bb0532e01853242282f85ddfd37dee1a/capsule_231x87.jpg?t=1777394467,2022-12-02 00:00:00+00:00,2022,12/02/22
WILDHEARTS,WILD HEARTS,/game/wild-hearts/,y2QRGWk70Votq%2F1IDY%2F1Rc8Y4%2FAAd17W7zfyJQ788j8%3D,1,254393,6.99,69.99,1,90.012859,75,Mixed,55,4088,1938010,1676592000,1790882208,9.1,https://shared.fastly.steamstatic.com/store_item_assets/steam/apps/1938010/capsule_231x87.jpg?t=1779987655,2023-02-17 00:00:00+00:00,2023,02/17/23
EASPORTSPGATOUR,EA SPORTS PGA TOUR,/game/ea-sports-pga-tour/,VObcZQfKAjtGX7q60dD91dJtV%2FnC6XKzpPJaZt1q4ok%3D,1,256277,6.99,69.99,1,90.012859,72,Mixed,55,1969,1677350,1680739200,1790882146,8.9,https://shared.fastly.steamstatic.com/store_item_assets/steam/apps/1677350/capsule_231x87.jpg?t=1777395708,2023-04-06 00:00:00+00:00,2023,04/06/23
DRAGONBALLXENOVERSEBUNDLEEDITION,DRAGONBALL XENOVERSE Bundle Edition,,6y0ZXTCW%2Bsbs4KOwveN3toCaJr%2BHuhVllGpXYXPHAPk%3D,1,165747,6.49,64.98,1,90.012311,0,Very Positive,89,17991,59191,0,1790886950,7.4,https://shared.fastly.steamstatic.com/store_item_assets/steam/subs/59191/capsule_231x87.jpg?t=1726526282,1970-01-01 00:00:00+00:00,1970,01/01/70
WORDLE,Wordle,,2yiqMfesgLYjlhgFs3kMU3e2b4ySoRmY02TuBRdWr%2Fc%3D,1,217020,3.06,30.62,1,90.006532,0,Very Positive,80,1148,1334000,0,1790886714,7.5,https://shared.fastly.steamstatic.com/store_item_assets/steam/apps/1334000/capsule_231x87.jpg?t=1726133031,1970-01-01 00:00:00+00:00,1970,01/01/70
WORDLE2,Wordle 2,/game/wordle-2/,mmchX6Hl0GfnHUztWNjuMYfd0uX6u6gswNcxNDlHcnI%3D,1,219944,3.06,30.62,1,90.006532,0,Mixed,61,394,1386730,1598832000,1790874683,7.5,https://shared.fastly.steamstatic.com/store_item_assets/steam/apps/1386730/capsule_231x87.jpg?t=1676735185,2020-08-31 00:00:00+00:00,2020,08/31/20
HELLFULLTHELASTHOPE,HellFull - The Last Hope,,3ucB6fTzOs%2BP0qMIURlsCYBBnkEpGafHnUORUsV%2BxSk%3D,1,325385,2.50,25.00,1,90.000000,0,,0,0,1903130,0,1790878538,3.5,https://shared.fastly.steamstatic.com/store_item_assets/steam/apps/1903130/9ef630b3998498c0ece6878693daa324bd1646ba/capsule_231x87.jpg?t=1766422110,1970-01-01 00:00:00+00:00,1970,01/01/70
ROBOTEX,Robotex,/game/robotex/,dmjDSXzOl0kcZBncouKdJ1ojI5UTE78oNHfxSI11CBk%3D,1,140072,0.54,4.99,1,89.178357,0,Mostly Negative,30,745,330350,1416355200,1790878279,5.0,https://shared.fastly.steamstatic.com/store_item_assets/steam/apps/330350/capsule_231x87.jpg?t=1726270553,2014-11-19 00:00:00+00:00,2014,11/19/14
THELOSTBATTALIONALLOUTWARFARE,The Lost Battalion: All Out Warfare,/game/the-lost-battalion-all-out-warfare/,1v0EvMdi%2FHFLHyUSlX7s5r%2BsjlLVt%2FB9xiFQqsqVp9g%3D,1,143376,0.54,4.99,1,89.178357,0,Mixed,50,77,364890,1429747200,1790875737,1.0,https://shared.fastly.steamstatic.com/store_item_assets/steam/apps/364890/capsule_231x87.jpg?t=1696715773,2015-04-23 00:00:00+00:00,2015,04/23/15
PRESIDENTFORADAYCORRUPTION,President for a Day: Corruption,/game/president-for-a-day-corruption/,tFtKsCn9yqC0jZwTV2hmwGLUUekCCobRqEJRF54aktg%3D,1,126218,0.54,4.99,1,89.178357,0,Mixed,65,73,368780,1409961600,1790875683,1.0,https://shared.fastly.steamstatic.com/store_item_assets/steam/apps/368780/capsule_231x87.jpg?t=1686136206,2014-09-06 00:00:00+00:00,2014,09/06/14
PRESIDENTFORADAYFLOODINGS,President for a Day - Floodings,,bIppqj4ibBE6Ng1Tthtbm2sMs%2FtVrJlFf68Z%2BtJwZbc%3D,1,145364,0.54,4.99,1,89.178357,0,Mostly Positive,72,81,368770,0,1790874983,1.0,https://shared.fastly.steamstatic.com/store_item_assets/steam/apps/368770/capsule_231x87.jpg?t=1686136183,1970-01-01 00:00:00+00:00,1970,01/01/70
PLAYINGHISTORY2SLAVETRADE,Playing History 2 - Slave Trade,,%2BK4r9%2FJybtlx1hKEDmaB4wyMnXPgyiPnXO4GBetmYp8%3D,1,145640,0.54,4.99,1,89.178357,0,Mixed,65,185,386870,0,1790875121,5.0,https://shared.fastly.steamstatic.com/store_item_assets/steam/apps/386870/capsule_231x87.jpg?t=1686169707,1970-01-01 00:00:00+00:00,1970,01/01/70
ZOMBIEWARSINVASION,Zombie Wars: Invasion,/game/zombie-wars-invasion/,2S%2Bst7KYO4CJv%2Ba4XovEiFIfa6bmik26tU7q8VGQ4Og%3D,1,147923,0.54,4.99,1,89.178357,0,Mixed,62,129,429060,1452729600,1790875759,5.0,https://shared.fastly.steamstatic.com/store_item_assets/steam/apps/429060/capsule_231x87.jpg?t=1696715276,2016-01-14 00:00:00+00:00,2016,01/14/16
MINDGAMES,Mind Games,/game/mind-games/,u1t3npz0qpEkVv6Yu5L3S2VBLlEfaRK1Bz9gkTUCXvU%3D,1,150755,0.54,4.99,1,89.178357,0,Mixed,64,155,448560,1457049600,1790875295,5.0,https://shared.fastly.steamstatic.com/store_item_assets/steam/apps/448560/capsule_231x87.jpg?t=1731068094,2016-03-04 00:00:00+00:00,2016,03/04/16
3COINSATSCHOOL,3 Coins At School,/game/3-coins-at-school/,l%2BQ0J9w9y9D8TGgjiCKCgMW7rrXXktHjM0WBFlVbDH4%3D,1,151981,0.54,4.99,1,89.178357,0,Mixed,66,87,462110,1461110400,1790793454,0.8,https://shared.fastly.steamstatic.com/store_item_assets/steam/apps/462110/capsule_231x87.jpg?t=1461464764,2016-04-20 00:00:00+00:00,2016,04/20/16
KINGSGUARDTD,King's Guard TD,/game/kings-guard-td/,932ujrVpGsZ6bb%2FjUw0JO5avGcBgScTNBtKlY%2B7mXrA%3D,1,153689,0.54,4.99,1,89.178357,0,Mixed,52,102,466730,1465344000,1790875739,5.0,https://shared.fastly.steamstatic.com/store_item_assets/steam/apps/466730/capsule_231x87.jpg?t=1768141119,2016-06-08 00:00:00+00:00,2016,06/08/16
MADCOMBATMARINES,Mad Combat Marines,/game/mad-combat-marines/,nmnuLT%2Fdgza7%2Bx4vtrliCeGgSJW8KudtLB8SkYFom44%3D,1,154858,0.54,4.99,1,89.178357,0,Mixed,68,327,485370,1468368000,1790875765,5.0,https://shared.fastly.steamstatic.com/store_item_assets/steam/apps/485370/capsule_231x87.jpg?t=1768141042,2016-07-13 00:00:00+00:00,2016,07/13/16
TWISTYSASYLUMESCAPADES,Twisty's Asylum Escapades,/game/twistys-asylum-escapades/,IZk4aZNmGOJWVv0XVBMokSrUg6opNq%2FleNagT%2BZRQAw%3D,1,159257,0.54,4.99,1,89.178357,0,Mixed,61,54,506760,1475020800,1790875780,1.0,https://shared.fastly.steamstatic.com/store_item_assets/steam/apps/506760/capsule_231x87.jpg?t=1708947655,2016-09-28 00:00:00+00:00,2016,09/28/16
MASKEDFORCES,Masked Forces,/game/masked-forces/,3ekH4H36asHF%2B8rYkXmQ0KgO7REHSbcwFK5g9DX5Q1s%3D,1,163030,0.54,4.99,1,89.178357,0,Mixed,67,433,555750,1479859200,1790875422,5.0,https://shared.fastly.steamstatic.com/store_item_assets/steam/apps/555750/capsule_231x87.jpg?t=1768141032,2016-11-23 00:00:00+00:00,2016,11/23/16
ZOMBIEBALLZ,Zombie Ballz,/game/zombie-ballz/,%2B04XxwHN6IoGXuSH77AsIyHTIKR39BtruqtVFyTsFrE%3D,1,165966,0.54,4.99,1,89.178357,0,Mostly Positive,74,106,581970,1486684800,1790874978,5.0,https://shared.fastly.steamstatic.com/store_item_assets/steam/apps/581970/capsule_231x87.jpg?t=1754224866,2017-02-10 00:00:00+00:00,2017,02/10/17
BROCCOLIBOB,Broccoli Bob,/game/broccoli-bob/,23hjNiG9xudA0xHq09LPT8FPk0fqC23YDrzTCQxwzvY%3D,1,167585,0.54,4.99,1,89.178357,0,Mixed,67,79,604140,1490140800,1790875733,1.0,https://shared.fastly.steamstatic.com/store_item_assets/steam/apps/604140/97598837400c2c25aa58b9ec509e0f8e8dc4f2cb/capsule_231x87.jpg?t=1790829809,2017-03-22 00:00:00+00:00,2017,03/22/17
BREACHIT,BREACH IT,,4qnvVEwm1Av%2FYhOJR96EKt0SBBDkmJRTsyB6Usji26w%3D,1,169724,0.54,4.99,1,89.178357,0,Mixed,52,182,591790,0,1790875600,5.0,https://shared.fastly.steamstatic.com/store_item_assets/steam/apps/591790/capsule_231x87.jpg?t=1733347956,1970-01-01 00:00:00+00:00,1970,01/01/70
TRIVIANIGHT,Trivia Night,/game/pc/trivia-night,NpNpRfrmSrapz59dFFFVhcprMMAY1s%2Fah7F%2BNAQa55Y%3D,1,170414,0.54,4.99,1,89.178357,0,Mixed,63,65,628570,1498262400,1790875227,1.0,https://shared.fastly.steamstatic.com/store_item_assets/steam/apps/628570/capsule_231x87.jpg?t=1652470286,2017-06-24 00:00:00+00:00,2017,06/24/17
MASKEDFORCESZOMBIESURVIVAL,Masked Forces: Zombie Survival,/game/masked-forces-zombie-survival/,0oWljXw5NrRzntgSbAPThmiDzaO5XWpSWm4qcYblCdc%3D,1,170918,0.54,4.99,1,89.178357,0,Mostly Positive,70,358,654850,1499990400,1790874672,5.0,https://shared.fastly.steamstatic.com/store_item_assets/steam/apps/654850/capsule_231x87.jpg?t=1768140800,2017-07-14 00:00:00+00:00,2017,07/14/17
INSANECOLDBACKTOTHEICEAGE,Insane Cold: Back to the Ice Age,/game/insane-cold-back-to-the-ice-age/,H3yP%2Bks%2FiAUh3RAM4NlJmDrSlmHBdvrGI9D2FDIfUCo%3D,1,176409,0.54,4.99,1,89.178357,0,Mixed,49,140,764010,1409097600,1790875613,5.0,https://shared.fastly.steamstatic.com/store_item_assets/steam/apps/764010/capsule_231x87.jpg?t=1763414885,2014-08-27 00:00:00+00:00,2014,08/27/14
THEWARRIOROFTREASURES,The Warrior Of Treasures,/game/the-warrior-of-treasures/,NnTIxafrliO7NEMNj31JBeMYpiqvGEmrFHJWrGJyaw0%3D,1,176885,0.54,4.99,1,89.178357,0,Mixed,65,23,768060,1514937600,1790875793,1.0,https://shared.fastly.steamstatic.com/store_item_assets/steam/apps/768060/capsule_231x87.jpg?t=1749548222,2018-01-03 00:00:00+00:00,2018,01/03/18
HORRORFISHSIMULATOR,Horror Fish Simulator,/game/horror-fish-simulator/,Ni0II9aEihZ8zJ0I58bTrJ1NEJRInSWEDSFyraKjqj4%3D,1,186044,0.54,4.99,1,89.178357,0,Mixed,61,34,835510,1523750400,1790875691,1.0,https://shared.fastly.steamstatic.com/store_item_assets/steam/apps/835510/capsule_231x87.jpg?t=1749548200,2018-04-15 00:00:00+00:00,2018,04/15/18
SOLDIERSLOSTFOREVER19141918,Soldiers Lost Forever (1914-1918),/game/soldiers-lost-forever-1914-1918/,AvP70wQRu6p1o4Y41H9c8Fv87Ep%2FaWGgWfRNCoi9Ez8%3D,1,189309,0.54,4.99,1,89.178357,0,Mixed,60,35,508630,1530835200,1790875751,1.0,https://shared.fastly.steamstatic.com/store_item_assets/steam/apps/508630/capsule_231x87.jpg?t=1648287179,2018-07-06 00:00:00+00:00,2018,07/06/18
EXTREMETRUCKSIMULATOR,Extreme Truck Simulator,/game/extreme-truck-simulator/,eeO77G308Mz%2B54ehFi3rOVBAz6A%2FK2blinWzQb3oa1E%3D,1,198664,0.54,4.99,1,89.178357,0,Mixed,53,39,1020600,1550188800,1790875996,1.0,https://shared.fastly.steamstatic.com/store_item_assets/steam/apps/1020600/capsule_231x87.jpg?t=1653252304,2019-02-15 00:00:00+00:00,2019,02/15/19
EXTREMERACINGONHIGHWAY,Extreme Racing on Highway,,RK2heP7kLvv3WbvobJJAQzWzjgJf3Ap5Ct2L8b9rdso%3D,1,199425,0.54,4.99,1,89.178357,0,Mostly Positive,71,124,1034160,0,1790874445,5.0,https://shared.fastly.steamstatic.com/store_item_assets/steam/apps/1034160/capsule_231x87.jpg?t=1736288601,1970-01-01 00:00:00+00:00,1970,01/01/70
ASSAULTOFTHEROBOTS,Assault of the Robots,/game/assault-of-the-robots/,6AedqgpJUJC7ZgzED9angoK%2FpczHcKc0RYTzaJeHNrM%3D,1,200426,0.54,4.99,1,89.178357,0,Mostly Positive,74,35,1052900,1554681600,1790875389,1.0,https://shared.fastly.steamstatic.com/store_item_assets/steam/apps/1052900/3f275c9171c2057a002e7d3088ee0659b9a9a6a9/capsule_231x87.jpg?t=1790834591,2019-04-08 00:00:00+00:00,2019,04/08/19
MINETHEGOLD,Mine the Gold,/game/mine-the-gold/,cbXUudipr53xuPTi1snwjN%2BlDu49Kx92FzlgbA%2BenDw%3D,1,200521,0.54,4.99,1,89.178357,0,Mixed,45,59,1054930,1554854400,1790875665,1.0,https://shared.fastly.steamstatic.com/store_item_assets/steam/apps/1054930/capsule_231x87.jpg?t=1651004398,2019-04-10 00:00:00+00:00,2019,04/10/19
DINOSAURBONEDIGGING,Dinosaur Bone Digging,/game/dinosaur-bone-digging/,xuh0B6HnIYqVgSHCIDhfKUTDWkjFlik9nEyYN5JHG%2Fc%3D,1,200902,0.54,4.99,1,89.178357,0,Mixed,47,38,1058980,1556150400,1790875338,1.0,https://shared.fastly.steamstatic.com/store_item_assets/steam/apps/1058980/capsule_231x87.jpg?t=1650983113,2019-04-25 00:00:00+00:00,2019,04/25/19
MOUNTAINTAXIDRIVER,Mountain Taxi Driver,/game/mountain-taxi-driver/,i%2BELGqCxk%2BLwJ8rMo3h7N1%2F%2BEZoM6ShiZBzT90mrfJk%3D,1,204949,0.54,4.99,1,89.178357,0,Mostly Positive,73,153,1092980,1568332800,1790875075,5.0,https://shared.fastly.steamstatic.com/store_item_assets/steam/apps/1092980/capsule_231x87.jpg?t=1651004400,2019-09-13 00:00:00+00:00,2019,09/13/19
AVADARKHISTORY,AVA: Dark History,/game/pc/ava-dark-history,1h0QRXtwpG%2Bjq%2BvFXBxML4LGylV2a8bQriQQ1%2BTje5k%3D,1,206780,0.54,4.99,1,89.178357,0,Mostly Positive,78,42,1162320,1581897600,1790875320,1.0,https://shared.fastly.steamstatic.com/store_item_assets/steam/apps/1162320/capsule_231x87.jpg?t=1696715614,2020-02-17 00:00:00+00:00,2020,02/17/20
ANGRYBUNNY,Angry Bunny,/game/angry-bunny/,XtLyfhzb%2FtWlFVPOjGrGq3tN72Mz1d3N1T%2BSyyXtjc4%3D,1,206809,0.54,4.99,1,89.178357,0,Mixed,61,34,1168650,1572480000,1790875845,1.0,https://shared.fastly.steamstatic.com/store_item_assets/steam/apps/1168650/09731f2557206e9b4840e7883ee4ca851f075553/capsule_231x87.jpg?t=1790834641,2019-10-31 00:00:00+00:00,2019,10/31/19
COMBATFORCE,Combat Force,/game/combat-force/,uQYrpdpoQiwiIEyI5M8GzdNKbwJnQ62IRUhccg0QUjk%3D,1,207942,0.54,4.99,1,89.178357,0,Mixed,46,83,1172430,1575590400,1790875734,1.0,https://shared.fastly.steamstatic.com/store_item_assets/steam/apps/1172430/capsule_231x87.jpg?t=1749547680,2019-12-06 00:00:00+00:00,2019,12/06/19
ANGRYBUNNY2LOSTHOLE,Angry Bunny 2: Lost hole,/game/angry-bunny-2-lost-hole/,D9J871LK2mwma5DDV8cVbw0inEN1FJ30pHEJlaOsh0o%3D,1,211929,0.54,4.99,1,89.178357,0,Mostly Positive,75,29,1235460,1584057600,1790875097,1.0,https://shared.fastly.steamstatic.com/store_item_assets/steam/apps/1235460/3d105186caddd960fe260adebcd68237812156c1/capsule_231x87.jpg?t=1790835446,2020-03-13 00:00:00+00:00,2020,03/13/20
RUNRALPHRUN,Run Ralph Run,,5OFowyglUQ9sN9OcWQlBIlVi%2F3gmICIBTL4nzRqrhoE%3D,1,225913,0.54,4.99,1,89.178357,0,Mostly Positive,73,26,1505420,0,1790875360,1.0,https://shared.fastly.steamstatic.com/store_item_assets/steam/apps/1505420/capsule_231x87.jpg?t=1658436835,1970-01-01 00:00:00+00:00,1970,01/01/70
MOTHERLAND,Motherland,/game/motherland/,%2BlWU4156LUet8Pgl3I5R%2Bu64ET2CjZmJp7TbXpEYU4M%3D,1,237040,0.54,4.99,1,89.178357,0,Mixed,61,102,1791030,1745971200,1790875700,5.1,https://shared.fastly.steamstatic.com/store_item_assets/steam/apps/1791030/capsule_231x87.jpg?t=1707917629,2025-04-30 00:00:00+00:00,2025,04/30/25
WHOISTHEHEROOFTHISGAME,Who is the hero of this Game,/game/who-is-the-hero-of-this-game/,HQRCUH%2F%2BZUt3hTsWpijYlcJ%2FMBLYkuq%2FlLVwrCqwrsw%3D,1,242135,0.54,4.99,1,89.178357,0,Mixed,61,26,1917310,1658620800,1790876028,1.0,https://shared.fastly.steamstatic.com/store_item_assets/steam/apps/1917310/capsule_231x87.jpg?t=1659789818,2022-07-24 00:00:00+00:00,2022,07/24/22
DOWNTOONE,Down To One,/game/down-to-one/,xQDVhqAh1u9VQsDUutjLAHbMR3%2BHdVH7jA6dQcAblOs%3D,1,141354,0.54,4.99,1,89.178357,0,Mostly Negative,35,1606,334040,1452124800,1790878269,5.0,https://shared.fastly.steamstatic.com/store_item_assets/steam/apps/334040/capsule_231x87.jpg?t=1696714961,2016-01-07 00:00:00+00:00,2016,01/07/16
CHRISTHEELEMENTRUNNER,Chris - The Element Runner,/game/chris-the-element-runner/,b84jWe8uIGhr1BPltLNddegiOz%2BgBkkH2OxtN83%2F4pk%3D,1,263267,0.54,4.99,1,89.178357,0,Positive,100,25,2398300,1685318400,1790874477,1.0,https://shared.fastly.steamstatic.com/store_item_assets/steam/apps/2398300/capsule_231x87.jpg?t=1749546850,2023-05-29 00:00:00+00:00,2023,05/29/23
RXSQUAD,RX squad,/game/rx-squad/,LVk6J0Fc2QvBWU%2Fmzm0Ca5r1QAUPtHUGni2UWec2HTQ%3D,1,265844,0.54,4.99,1,89.178357,0,Mostly Positive,72,44,494120,1469836800,1790874951,1.0,https://shared.fastly.steamstatic.com/store_item_assets/steam/apps/494120/capsule_231x87.jpg?t=1749548668,2016-07-30 00:00:00+00:00,2016,07/30/16
DIASTONEMEMORIES,Diastone: Memories,/game/diastone-memories/,UH5vgfPQtVcxrAVVrS%2B9AtvigGab4jmVJ%2Fl3KA2tFFc%3D,1,270776,0.54,4.99,1,89.178357,0,Mixed,68,41,803130,1544572800,1790875743,1.0,https://shared.fastly.steamstatic.com/store_item_assets/steam/apps/803130/capsule_231x87.jpg?t=1729968076,2018-12-12 00:00:00+00:00,2018,12/12/18
GWIHYANGHOMECOMING,Gwihyang : Homecoming,/game/gwihyang-homecoming/,OLOB8tYLmA4edsHXilCwpc9aYwVTBnYNbjIEBwrGSvM%3D,1,291629,0.54,4.99,1,89.178357,0,Mixed,50,24,3060970,1726358400,1790875995,1.0,https://shared.fastly.steamstatic.com/store_item_assets/steam/apps/3060970/capsule_231x87.jpg?t=1729640461,2024-09-15 00:00:00+00:00,2024,09/15/24
SUNA,Suna,/game/suna/,ybSSEOWdLWACMsaGQNXxup94ajRxr80T13m8BSHQ6rs%3D,1,291982,0.54,4.99,1,89.178357,0,Mixed,65,23,803920,1520812800,1790875862,1.0,https://shared.fastly.steamstatic.com/store_item_assets/steam/apps/803920/capsule_231x87.jpg?t=1650833016,2018-03-12 00:00:00+00:00,2018,03/12/18
THESUNNEVERSETS,The Sun Never Sets,/game/the-sun-never-sets/,Okzk8RulRABKyWir04boqpbXdAVRvp%2FEQOvEAvlDxPU%3D,1,293173,0.54,4.99,1,89.178357,0,Mixed,54,33,636370,1496707200,1790874973,1.0,https://shared.fastly.steamstatic.com/store_item_assets/steam/apps/636370/capsule_231x87.jpg?t=1661093214,2017-06-06 00:00:00+00:00,2017,06/06/17
GRINGGRIND,GRINGGRIND,,EtlBBonp7XMs0kp09D0zEjvK0JicGlvHQGozk2HCbDc%3D,1,293179,0.54,4.99,1,89.178357,0,Mixed,66,24,3233650,0,1790876041,1.0,https://shared.fastly.steamstatic.com/store_item_assets/steam/apps/3233650/9dab29d01f13200f8a41de7ff1c4a525f4c1c26e/capsule_231x87.jpg?t=1728318313,1970-01-01 00:00:00+00:00,1970,01/01/70
RESIZE,ReSizE,/game/resize/,yuJm7lRsRFTJZalzpOlwLSwnreOSgGXDR7Z3dsIxkmA%3D,1,296813,0.54,4.99,1,89.178357,0,Mixed,57,76,634150,1507766400,1790875698,1.0,https://shared.fastly.steamstatic.com/store_item_assets/steam/apps/634150/capsule_231x87.jpg?t=1731409937,2017-10-12 00:00:00+00:00,2017,10/12/17
SPACEFORCE,Space Force,/game/space-force/,qWxQwXiG2%2BP%2FrjHA0PGwi8P37ANMzRJ367ELck77Bq4%3D,1,299396,0.54,4.99,1,89.178357,0,Mixed,56,23,864010,1585872000,1790875852,1.0,https://shared.fastly.steamstatic.com/store_item_assets/steam/apps/864010/capsule_231x87.jpg?t=1652108272,2020-04-03 00:00:00+00:00,2020,04/03/20
ASTRALTRAVELER,Astral Traveler,/game/astral-traveler/,T5zyRkt2dmUGrMuFnBvOFNlNh97eBJ91bkGb9ChBmbE%3D,1,309138,0.54,4.99,1,89.178357,0,Mixed,57,33,618630,1505260800,1790875645,1.0,https://shared.fastly.steamstatic.com/store_item_assets/steam/apps/618630/capsule_231x87.jpg?t=1737543707,2017-09-13 00:00:00+00:00,2017,09/13/17
SNOWCLEARINGDRIVINGSIMULATOR,Snow Clearing Driving Simulator,/game/snow-clearing-driving-simulator/,HpOq6q8LXsCHDhBLpggwUwWNwLZNvlBF%2BJguzAyF6t0%3D,1,311183,0.54,4.99,1,89.178357,0,Mixed,60,23,1155920,1569196800,1790876076,1.0,https://shared.fastly.steamstatic.com/store_item_assets/steam/apps/1155920/capsule_231x87.jpg?t=1659767914,2019-09-23 00:00:00+00:00,2019,09/23/19
EXTREMEOFFROADMONSTERSIMULATOR,Extreme Offroad Monster Simulator,/game/extreme-offroad-monster-simulator/,0479EUF9ZDLm9C9U4qUzgUoFHTw8o7v20TD2X60OhYw%3D,1,311280,0.54,4.99,1,89.178357,0,Mixed,51,27,1164440,1572307200,1790875878,1.0,https://shared.fastly.steamstatic.com/store_item_assets/steam/apps/1164440/capsule_231x87.jpg?t=1653119537,2019-10-29 00:00:00+00:00,2019,10/29/19
SKETCHRUN,Sketch! Run!,,l6DU20LCgQFpey4p1oYihQ%2B%2BCFyrAG%2FWGQUJ1IsjsKs%3D,1,313394,0.54,4.99,1,89.178357,0,Mostly Positive,73,30,602920,0,1790874858,1.0,https://shared.fastly.steamstatic.com/store_item_assets/steam/apps/602920/capsule_231x87.jpg?t=1731068160,1970-01-01 00:00:00+00:00,1970,01/01/70
SILENTGENTLEMEN,Silent Gentlemen,,Bd%2B7MB9c1aKXQw5sOM%2BgTijOX7P7RMgKeJrpl2gK800%3D,1,319198,0.54,4.99,1,89.178357,0,Mixed,63,22,636360,0,1790875745,1.0,https://shared.fastly.steamstatic.com/store_item_assets/steam/apps/636360/capsule_231x87.jpg?t=1661093212,1970-01-01 00:00:00+00:00,1970,01/01/70
GLOBALOPSCOMMANDOLIBYA,Global Ops: Commando Libya,/game/global-ops-commando-libya/,qs9Qsy3nKRcBVDbkPuhoNnvNy5Bwb%2B3p84BbhVvK%2BEY%3D,1,134,0.76,6.99,1,89.127325,37,Mixed,57,275,200020,1319587200,1790875164,8.2,https://shared.fastly.steamstatic.com/store_item_assets/steam/apps/200020/capsule_231x87.jpg?t=1782155213,2011-10-26 00:00:00+00:00,2011,10/26/11
NAVALWARFARE,Naval Warfare,/game/naval-warfare/,8fvA7C9P5IZk2vGpjhly0XXKe4L6mftzU%2BznfOqmbN4%3D,1,525,0.76,6.99,1,89.127325,57,Mixed,58,190,98500,1306281600,1790875668,8.6,https://shared.fastly.steamstatic.com/store_item_assets/steam/apps/98500/capsule_231x87.jpg?t=1782167294,2011-05-25 00:00:00+00:00,2011,05/25/11
DEEPECLIPSENEWSPACEODYSSEY,Deep Eclipse: New Space Odyssey,/game/pc/deep-eclipse-new-space-odyssey,8ayWpMqJTHsIr982lzEPN1QHAGmZlx44rScqSxtVwng%3D,1,134654,0.76,6.99,1,89.127325,0,Mostly Positive,73,165,326990,1414454400,1790875074,5.0,https://shared.fastly.steamstatic.com/store_item_assets/steam/apps/326990/capsule_231x87.jpg?t=1782122757,2014-10-28 00:00:00+00:00,2014,10/28/14
THETRAVELSOFMARCOPOLO,The Travels of Marco Polo,/game/the-travels-of-marco-polo/,MotTW6V7vxsYKyJULqsIqta1JG4Kny0hcjBIRTj%2BQlI%3D,1,143659,0.76,6.99,1,89.127325,0,Mixed,64,37,366670,1426636800,1790875729,1.0,https://shared.fastly.steamstatic.com/store_item_assets/steam/apps/366670/capsule_231x87.jpg?t=1781884640,2015-03-18 00:00:00+00:00,2015,03/18/15
ONTHEFRONTLINE,On the front line,/game/on-the-front-line/,XwoZbizWDEPoSqiIQfZml0VUEEOWfsMZ6cr%2F%2BkP56lg%3D,1,160626,0.76,6.99,1,89.127325,0,Mixed,59,113,542650,1476835200,1790875734,5.0,https://shared.fastly.steamstatic.com/store_item_assets/steam/apps/542650/capsule_231x87.jpg?t=1782168042,2016-10-19 00:00:00+00:00,2016,10/19/16
POCKETKINGDOM,Pocket Kingdom,/game/pocket-kingdom/,hihxOUPKUOx2%2BMBxmPgPNrkztTn3xzvK2kaV7OuYV%2Fs%3D,1,163813,0.76,6.99,1,89.127325,0,Very Positive,92,158,462620,1481155200,1790886874,5.0,https://shared.fastly.steamstatic.com/store_item_assets/steam/apps/462620/capsule_231x87.jpg?t=1781884815,2016-12-08 00:00:00+00:00,2016,12/08/16
MOUNTAINTRAPTHEMANOROFMEMORIES,Mountain Trap: The Manor of Memories,/game/mountain-trap-the-manor-of-memories/,cm5Gz4%2Bs4UAAurST%2FVdS4CkL7AZQLlWnE0ezFlyKtEk%3D,1,164062,0.76,6.99,1,89.127325,0,Mixed,55,79,563320,1360022400,1790875457,1.0,https://shared.fastly.steamstatic.com/store_item_assets/steam/apps/563320/capsule_231x87.jpg?t=1782166491,2013-02-05 00:00:00+00:00,2013,02/05/13
DUCKHUNTING,Duck Hunting,/game/duck-hunting/,AojpEMuRyWXzbyNSxEBKU2qT0cyeeW7pLy5CWuA7tDo%3D,1,168026,0.76,6.99,1,89.127325,0,Mixed,56,126,619330,1491523200,1790875152,5.0,https://shared.fastly.steamstatic.com/store_item_assets/steam/apps/619330/capsule_231x87.jpg?t=1782124472,2017-04-07 00:00:00+00:00,2017,04/07/17
INTELLIGENTDESIGNANEVOLUTIONARYSANDBOX,Intelligent Design: An Evolutionary Sandbox,/game/intelligent-design-an-evolutionary-sandbox/,s2E4HKhDEcCjYwLX92ZH5xJ9vurR3JPEfy5YmI8GxoE%3D,1,165676,0.76,6.99,1,89.127325,0,Mixed,53,98,627620,1494547200,1790875184,1.0,https://shared.fastly.steamstatic.com/store_item_assets/steam/apps/627620/capsule_231x87.jpg?t=1787234906,2017-05-12 00:00:00+00:00,2017,05/12/17
LABYRONIAELEMENTS,Labyronia Elements,/game/labyronia-elements/,JMQmvO3hoyETqMye2uIyUSrd1eDmlRKIUhQGYZCqjcE%3D,1,175894,0.76,6.99,1,89.127325,0,Mostly Positive,74,35,750770,1512259200,1790875003,1.0,https://shared.fastly.steamstatic.com/store_item_assets/steam/apps/750770/capsule_231x87.jpg?t=1782160332,2017-12-03 00:00:00+00:00,2017,12/03/17
THEWORLDOFLABYRINTHSLABYRONIA,The World of Labyrinths: Labyronia,/game/the-world-of-labyrinths-labyronia/,uQE%2BN5GrSV2XJWTyDhSnx0uR5aH%2FnPfVkqlFQ8mia7M%3D,1,187867,0.76,6.99,1,89.127325,0,Mostly Positive,78,37,864740,1527811200,1790875063,1.0,https://shared.fastly.steamstatic.com/store_item_assets/steam/apps/864740/capsule_231x87.jpg?t=1782222855,2018-06-01 00:00:00+00:00,2018,06/01/18
STELLARHUB,StellarHub,/game/stellarhub/,4kNisGi9NYSP71X7OvqvwP4pKUhqUPbpsYA7S8VSCGc%3D,1,172090,0.76,6.99,1,89.127325,0,Mixed,57,216,672860,1502841600,1790875614,5.0,https://shared.fastly.steamstatic.com/store_item_assets/steam/apps/672860/capsule_231x87.jpg?t=1789686191,2017-08-16 00:00:00+00:00,2017,08/16/17
HEAL,Heal,/game/heal/,oU4V3KW7mRF7yLroYvvpgEG1Aqfz%2BaOl3QkteH7y6ZY%3D,1,213635,0.76,6.99,1,89.127325,0,Very Positive,83,692,1056610,1586476800,1790886778,5.0,https://shared.fastly.steamstatic.com/store_item_assets/steam/apps/1056610/capsule_231x87.jpg?t=1732098955,2020-04-10 00:00:00+00:00,2020,04/10/20
EDGEOFREALITY,Edge of Reality,/game/edge-of-reality/,tva5BXySITik6vD9Pb9hLyoQVvAo5Idn5SOg7W8aEbM%3D,1,218323,0.76,6.99,1,89.127325,0,Mostly Positive,72,74,1236860,1594857600,1790875057,1.0,https://shared.fastly.steamstatic.com/store_item_assets/steam/apps/1236860/capsule_231x87.jpg?t=1782125283,2020-07-16 00:00:00+00:00,2020,07/16/20
SIZEABLE,Sizeable,/game/sizeable/,qB3AcPg%2B6jnBNcYrQI0PcSirF6MHop4mcBZGptDkqa8%3D,1,227553,0.76,6.99,1,89.127325,0,Overwhelmingly Positive,96,894,1333910,1616112000,1790882663,5.0,https://shared.fastly.steamstatic.com/store_item_assets/steam/apps/1333910/capsule_231x87.jpg?t=1786109813,2021-03-19 00:00:00+00:00,2021,03/19/21
LEVEL22GARYSMISADVENTURES2016EDITION,Level 22: Garys Misadventures - 2016 Edition,,6E8uLKnM6b7pfM%2BExVuPnBCPNY0qfhgjym%2FRCR%2Fzr74%3D,1,255176,0.76,6.99,1,89.127325,0,Mostly Positive,75,29,431290,0,1790874983,1.0,https://shared.fastly.steamstatic.com/store_item_assets/steam/apps/431290/capsule_231x87.jpg?t=1781884810,1970-01-01 00:00:00+00:00,1970,01/01/70
TALESOFTHELUMMINAI,Tales of the Lumminai,/game/tales-of-the-lumminai/,POABytK%2F9LMGA%2FRQ0iWZnr0tOf8oTYLXLdschSNt6vA%3D,1,311879,0.76,6.99,1,89.127325,0,Mixed,61,21,610560,1512691200,1790875848,1.0,https://shared.fastly.steamstatic.com/store_item_assets/steam/apps/610560/capsule_231x87.jpg?t=1573504601,2017-12-08 00:00:00+00:00,2017,12/08/17
VIKTOR,Viktor,/game/viktor/,E%2Bf7B6N2xFUYVYg2RjbuAeckB%2Fb6wZ9QIYG81x%2BhmVA%3D,1,113246,0.87,7.99,1,89.111389,0,Mostly Positive,71,205,296730,1402617600,1790874989,5.0,https://shared.fastly.steamstatic.com/store_item_assets/steam/apps/296730/capsule_231x87.jpg?t=1447361558,2014-06-13 00:00:00+00:00,2014,06/13/14
ANCIENTGUARDIAN,Ancient Guardian,/game/ancient-guardian/,CDTiiGWNfvdi%2F8Sx0HEF%2BNmUcRSOLfnhP8yOvJVgXi4%3D,1,164419,0.87,7.99,1,89.111389,0,Mostly Positive,71,129,557580,1577059200,1790875588,5.0,https://shared.fastly.steamstatic.com/store_item_assets/steam/apps/557580/capsule_231x87.jpg?t=1613768112,2019-12-23 00:00:00+00:00,2019,12/23/19
DOODLEMAFIA,Doodle Mafia,/game/doodle-mafia/,%2FtSvXE8I%2BeGcgVse9VymUf%2F1TD5JNuDc1H9hvd2wG1E%3D,1,168316,0.87,7.99,1,89.111389,0,Mostly Positive,74,97,598940,1492646400,1790874449,1.0,https://shared.fastly.steamstatic.com/store_item_assets/steam/apps/598940/capsule_231x87.jpg?t=1738059311,2017-04-20 00:00:00+00:00,2017,04/20/17
ENDLESSWINTER,Endless Winter,/game/endless-winter/,BHoP5pc4IjBNTTWSv14KHkC%2FInPwqMyO8%2BD9e0LdxTk%3D,1,169829,0.87,7.99,1,89.111389,0,Positive,81,37,617690,1496275200,1790874819,1.0,https://shared.fastly.steamstatic.com/store_item_assets/steam/apps/617690/capsule_231x87.jpg?t=1575011143,2017-06-01 00:00:00+00:00,2017,06/01/17
IFELLFROMGRACE,I fell from Grace,/game/i-fell-from-grace/,d3YsAWXeDcW97HRWbOKbXe5gIANDl8fgbEARX1Hy7II%3D,1,176563,0.87,7.99,1,89.111389,62,Mixed,69,65,672230,1513728000,1790875783,4.8,https://shared.fastly.steamstatic.com/store_item_assets/steam/apps/672230/capsule_231x87.jpg?t=1770914114,2017-12-20 00:00:00+00:00,2017,12/20/17
GODLYCORP,Godly Corp,/game/godly-corp/,44e2P9ZK9YWqfQr0KmYjpoMDfCiCi2Ay3Yl8GmHu%2FVA%3D,1,196295,0.87,7.99,1,89.111389,0,Mixed,68,32,799260,1544659200,1790875704,1.0,https://shared.fastly.steamstatic.com/store_item_assets/steam/apps/799260/capsule_231x87.jpg?t=1724957926,2018-12-13 00:00:00+00:00,2018,12/13/18
ATOMIKRUNGUNJUMPGUN,Atomik: RunGunJumpGun,/game/atomik-rungunjumpgun/,7Gdv7Ke9S2TUu04c4KlTTRgYwHm2TRyQLoGKOpq%2FaRo%3D,1,198306,0.87,7.99,1,89.111389,82,Very Positive,85,289,440550,1472601600,1790886797,9.7,https://shared.fastly.steamstatic.com/store_item_assets/steam/apps/440550/capsule_231x87.jpg?t=1579700600,2016-08-31 00:00:00+00:00,2016,08/31/16
UNLUCKYSEVEN,Unlucky Seven,/game/pc/unlucky-seven,XpThdHRbYU4DT0v%2BnK8UraHU8tTlwAqgLlRin6ukg7g%3D,1,204533,0.87,7.99,1,89.111389,0,Mixed,47,137,579120,1567123200,1790875636,5.0,https://shared.fastly.steamstatic.com/store_item_assets/steam/apps/579120/capsule_231x87.jpg?t=1724959773,2019-08-30 00:00:00+00:00,2019,08/30/19
LITHIUMCITY,Lithium City,/game/lithium-city/,Ds9vytdajxLKwgU%2FL%2Br%2FnLgruojOVV5dEmNPNY%2FSEMs%3D,1,216972,0.87,7.99,1,89.111389,0,Very Positive,92,286,1210610,1592179200,1790886992,5.0,https://shared.fastly.steamstatic.com/store_item_assets/steam/apps/1210610/capsule_231x87.jpg?t=1765776092,2020-06-15 00:00:00+00:00,2020,06/15/20
NOOSPHERE,Noosphere,/game/noosphere/,C8fGWddZlIdNOkvXzTdbp6X2hHGkiwUQENrwwb9F4PI%3D,1,232490,0.87,7.99,1,89.111389,0,Mixed,65,89,1161430,1766361600,1790875298,2.2,https://shared.fastly.steamstatic.com/store_item_assets/steam/apps/1161430/capsule_231x87.jpg?t=1788345794,2025-12-22 00:00:00+00:00,2025,12/22/25
PANELKI,PANELKI,/game/panelki/,XD5B6nOURYtXFdUeI1JEB5ZT7OLRA%2FfgDcTiXH60J5g%3D,1,241598,0.87,7.99,1,89.111389,0,Very Positive,86,2412,1836160,1646352000,1790886083,5.0,https://shared.fastly.steamstatic.com/store_item_assets/steam/apps/1836160/capsule_231x87.jpg?t=1776775803,2022-03-04 00:00:00+00:00,2022,03/04/22
TIMBERMANVR,Timberman VR,/game/timberman-vr/,h7GjdOVst%2BlL9NB9vNcLLL9ezZ7%2BC7Zh6r10sBNskBA%3D,1,254498,0.87,7.99,1,89.111389,0,Positive,82,39,1887260,1660608000,1790451225,0.2,https://shared.fastly.steamstatic.com/store_item_assets/steam/apps/1887260/capsule_231x87.jpg?t=1725360408,2022-08-16 00:00:00+00:00,2022,08/16/22
GARLICBUILDER,Garlic Builder,/game/garlic-builder/,9HwtTcKwtNpKnuXP4PtzI5Tq0p30XyZxlqsHi3zfl6c%3D,1,281273,0.87,7.99,1,89.111389,0,Very Positive,92,316,2512920,1705276800,1790882861,5.0,https://shared.fastly.steamstatic.com/store_item_assets/steam/apps/2512920/capsule_231x87.jpg?t=1789986547,2024-01-15 00:00:00+00:00,2024,01/15/24
TOMBRAIDERANNIVERSARY,Tomb Raider: Anniversary,/game/tomb-raider-anniversary/,ryaV37fbWkAIG6ZLy%2FtViuEGOIShgUVV7kpgbYlDqQk%3D,1,456,0.98,8.99,1,89.098999,83,Mostly Positive,79,2751,8000,1181001600,1790882582,9.7,https://shared.fastly.steamstatic.com/store_item_assets/steam/apps/8000/capsule_231x87.jpg?t=1729009457,2007-06-05 00:00:00+00:00,2007,06/05/07
TOMBRAIDERUNDERWORLD,Tomb Raider: Underworld,/game/tomb-raider-underworld/,XhdaphoqPFV2dl6MtPYcKItazwVt9ldkx4ybvnmPfZ0%3D,1,643,0.98,8.99,1,89.098999,80,Mostly Positive,74,2304,8140,1226966400,1790882775,9.5,https://shared.fastly.steamstatic.com/store_item_assets/steam/apps/8140/capsule_231x87.jpg?t=1729009496,2008-11-18 00:00:00+00:00,2008,11/18/08
QUANTUMCONUNDRUM,Quantum Conundrum,/game/quantum-conundrum/,gqc27BiFr8jCzKle49%2BRbgB4sb7q2qXsRGkYztk2%2Bpg%3D,1,88139,0.98,8.99,1,89.098999,77,Very Positive,84,1759,200010,1340236800,1790882990,9.4,https://shared.fastly.steamstatic.com/store_item_assets/steam/apps/200010/capsule_231x87.jpg?t=1576110892,2012-06-21 00:00:00+00:00,2012,06/21/12
ZOMBIESOLITAIRE,Zombie Solitaire,/game/zombie-solitaire/,RNuP9JnMU3HDwOSn8RXRs9odzB1w2CeuNNHcPGIaYuY%3D,1,115503,0.98,8.99,1,89.098999,0,Mostly Positive,76,73,311850,1380758400,1790874927,0.9,https://shared.fastly.steamstatic.com/store_item_assets/steam/apps/311850/capsule_231x87.jpg?t=1725373424,2013-10-03 00:00:00+00:00,2013,10/03/13
DOODLEKINGDOM,Doodle Kingdom,/game/doodle-kingdom/,wC06OjtiHpJWZv7VKgDa6fm7xyzE3%2FOx0YjSb8YEhM8%3D,1,153701,0.98,8.99,1,89.098999,0,Mixed,45,129,431640,1465430400,1790875283,4.9,https://shared.fastly.steamstatic.com/store_item_assets/steam/apps/431640/capsule_231x87.jpg?t=1738059179,2016-06-09 00:00:00+00:00,2016,06/09/16
ZOMBIESOLITAIRE2CHAPTER1,Zombie Solitaire 2 Chapter 1,/game/zombie-solitaire-2-chapter-1-2017/,U%2F3Nbzr%2B4fn83EMXayN92c0qnqYZNax6y%2FufAWOFRuo%3D,1,170538,0.98,8.99,1,89.098999,0,Mostly Positive,70,90,623160,1491264000,1790874933,0.9,https://shared.fastly.steamstatic.com/store_item_assets/steam/apps/623160/capsule_231x87.jpg?t=1725374230,2017-04-04 00:00:00+00:00,2017,04/04/17
GHOSTSOFMIAMI,Ghosts of Miami,/game/ghosts-of-miami/,2vayUPscgOUDQWEab859CX4nRtpOJfmxpf368kkWdIc%3D,1,172276,0.98,8.99,1,89.098999,0,Very Positive,85,64,677300,1503360000,1790886864,0.9,https://shared.fastly.steamstatic.com/store_item_assets/steam/apps/677300/capsule_231x87.jpg?t=1768339792,2017-08-22 00:00:00+00:00,2017,08/22/17
SPELLFRONT,SpellFront,/game/pc/spellfront,fKEm6oq5yYvyFekBPxpdZTS908ekixqCvcWbW7wfxK4%3D,1,193863,0.98,8.99,1,89.098999,0,Mixed,60,45,860500,1540339200,1790875684,0.9,https://shared.fastly.steamstatic.com/store_item_assets/steam/apps/860500/capsule_231x87.jpg?t=1636112362,2018-10-24 00:00:00+00:00,2018,10/24/18
DOODLEFARM,Doodle Farm,/game/doodle-farm/,pej%2B%2FUnfMEM%2F%2BDC1PsN6Y0b2R%2FSbQKZ32IsTunmXxbc%3D,1,195024,0.98,8.99,1,89.098999,0,Mostly Positive,73,30,947390,1542240000,1790874624,0.9,https://shared.fastly.steamstatic.com/store_item_assets/steam/apps/947390/capsule_231x87.jpg?t=1738058991,2018-11-15 00:00:00+00:00,2018,11/15/18
NARVAS,Narvas,,OMHB%2FuhQkVoSU8i8CLjFx3VQ0uLMwBH0jQ%2F85b3APi4%3D,1,304583,0.98,8.99,1,89.098999,0,Mixed,60,28,640700,0,1790875484,0.9,https://shared.fastly.steamstatic.com/store_item_assets/steam/apps/640700/capsule_231x87.jpg?t=1788345592,1970-01-01 00:00:00+00:00,1970,01/01/70
GRIMIND,Grimind,/game/grimind/,%2FrHulP2uYfk4FrhMHUVZFrPK0E99RjMGfM%2F5%2BsopZIs%3D,1,94274,1.09,9.99,1,89.089089,0,Mixed,65,78,265380,1355702400,1790875952,0.9,https://shared.fastly.steamstatic.com/store_item_assets/steam/apps/265380/capsule_231x87.jpg?t=1776242808,2012-12-17 00:00:00+00:00,2012,12/17/12
PRINCESSOFTAVERNCOLLECTORSEDITION,Princess of Tavern Collector's Edition,,czM3z%2FH7qywwA3WCPGnd0g6hCUMiNOHhHRxCwoy9ClY%3D,1,174458,1.09,9.99,1,89.089089,0,Mostly Positive,75,60,545830,0,1790875369,0.9,https://shared.fastly.steamstatic.com/store_item_assets/steam/apps/545830/capsule_231x87.jpg?t=1508860226,1970-01-01 00:00:00+00:00,1970,01/01/70
NATIONWARCHRONICLES,Nation War:Chronicles,/game/nation-war-chronicles/,qpvX0CXl9MEBvcVKJu2d4w8fPl0o3QBBiJQXcTBN7n8%3D,1,173453,1.20,10.99,1,89.080983,0,Mixed,68,383,669320,1506038400,1790875144,4.9,https://shared.fastly.steamstatic.com/store_item_assets/steam/apps/669320/capsule_231x87.jpg?t=1761392581,2017-09-22 00:00:00+00:00,2017,09/22/17
RAIDERSOFVALHALLA,Raiders of Valhalla,,Ulsx%2F5Xh6RnXIdKnA4DhJ1DbEQ3LcRDOnnAY2nK5rzA%3D,1,289725,1.42,12.99,1,89.068514,0,Mixed,69,71,2298620,0,1789667844,0.0,https://shared.fastly.steamstatic.com/store_item_assets/steam/apps/2298620/capsule_231x87.jpg?t=1784202709,1970-01-01 00:00:00+00:00,1970,01/01/70
SPELLSANDSECRETS,Spells and Secrets,/game/spells-and-secrets/,ltyKgLZZfso6FZ8%2By7XQSZChiFi2XzZ%2FlRLnJhDcZyU%3D,1,277604,2.74,24.99,1,89.035614,0,Mostly Positive,74,260,1518220,1699488000,1790886802,7.5,https://shared.fastly.steamstatic.com/store_item_assets/steam/apps/1518220/capsule_231x87.jpg?t=1728045320,2023-11-09 00:00:00+00:00,2023,11/09/23
WAYFINDER,Wayfinder,/game/wayfinder/,Q8zxILWkIYqIiMuGjN9rkN9rfBjldR1fLDsZHwLTFVA%3D,1,287968,2.74,24.99,1,89.035614,73,Mixed,69,14732,1171690,1729468800,1790447048,8.4,https://shared.fastly.steamstatic.com/store_item_assets/steam/apps/1171690/a2ebc0f10f9b71eabfb150dfc05195cad94cdb68/capsule_231x87.jpg?t=1768340055,2024-10-21 00:00:00+00:00,2024,10/21/24
BATTLEZONEGOLDEDITION,Battlezone Gold Edition,/game/battlezone-gold-edition/,aty2zQJyh%2BbvOrEX3B4CFt%2BNayokVPFWY5VJwvPp2ck%3D,1,186596,3.84,34.99,1,89.025436,0,Mostly Positive,79,401,312650,1525132800,1790886173,7.4,https://shared.fastly.steamstatic.com/store_item_assets/steam/apps/312650/capsule_231x87.jpg?t=1589876364,2018-05-01 00:00:00+00:00,2018,05/01/18
BUNNYGAME,Bunny Game,,KJtorQoosUekCQmKpYKR9V0fyYfcVyktp%2F4LMP5kesM%3D,1,314228,0.59,4.99,1,88.176353,0,Mostly Positive,76,21,2180890,0,1790875029,0.9,https://shared.fastly.steamstatic.com/store_item_assets/steam/apps/2180890/1698754e6ee2ac478ccc779766514f8a339d959d/capsule_231x87.jpg?t=1787132873,1970-01-01 00:00:00+00:00,1970,01/01/70
WORLDWAR2TIMEOFWRATH,World War 2: Time of Wrath,/game/pc/world-war-2-time-of-wrath,p63k541m8CX7dg3c2BWfcNyhLRX6TXEVs1rmBnJInTI%3D,1,103415,0.71,5.99,1,88.146912,0,Mixed,55,87,305390,1402012800,1790875628,0.9,https://shared.fastly.steamstatic.com/store_item_assets/steam/apps/305390/capsule_231x87.jpg?t=1782226482,2014-06-06 00:00:00+00:00,2014,06/06/14
STORMOVERTHEPACIFIC,Storm over the Pacific,/game/storm-over-the-pacific/,%2B%2BACouFsEKKkrds%2FWppbBw0PhyruZjMQdhTmbEzSBCs%3D,1,2618,0.71,5.99,1,88.146912,0,Mixed,50,48,302320,1276560000,1790875466,0.9,https://shared.fastly.steamstatic.com/store_item_assets/steam/apps/302320/capsule_231x87.jpg?t=1782216329,2010-06-15 00:00:00+00:00,2010,06/15/10
TIMEOFFURY,Time of Fury,/game/time-of-fury/,W9MXBIX7%2F%2BF8dK1vBYVVxFg9gk6R6A8FC7FZ6dw1gRw%3D,1,135773,0.71,5.99,1,88.146912,0,Mixed,58,53,303910,1321660800,1790875616,0.9,https://shared.fastly.steamstatic.com/store_item_assets/steam/apps/303910/capsule_231x87.jpg?t=1782223859,2011-11-19 00:00:00+00:00,2011,11/19/11
AGENTAWESOME,Agent Awesome,/game/agent-awesome/,SBeMs8Urq9emaQ2kjIAR3yaXnlibwzyJ%2BIJIZei3WTQ%3D,1,141184,0.71,5.99,1,88.146912,0,Mixed,66,62,345220,1421798400,1790875760,0.9,https://shared.fastly.steamstatic.com/store_item_assets/steam/apps/345220/capsule_231x87.jpg?t=1782046520,2015-01-21 00:00:00+00:00,2015,01/21/15
SILICONE2,Silicone-2,/game/silicone-2/,6q1Tg2QAsSJKe6bWdeJDc00Rvk1x0j1mS1RLUKAXIq8%3D,1,144227,0.71,5.99,1,88.146912,0,Mixed,64,114,343690,1433289600,1790875730,4.9,https://shared.fastly.steamstatic.com/store_item_assets/steam/apps/343690/capsule_231x87.jpg?t=1782211834,2015-06-03 00:00:00+00:00,2015,06/03/15
WEAPONSGENIUS,Weapons Genius,/game/weapons-genius/,e%2Be7rbCBH%2FIL1anc9w4KodJdLsDDEDLM8S4Qt5JYjMQ%3D,1,144808,0.71,5.99,1,88.146912,0,Mixed,53,473,385400,1436313600,1790875408,4.9,https://shared.fastly.steamstatic.com/store_item_assets/steam/apps/385400/capsule_231x87.jpg?t=1782225788,2015-07-08 00:00:00+00:00,2015,07/08/15
ARCHIPELAGO,Archipelago,/game/archipelago/,v757h3Q1%2B9t0OVDjXQwcHNeqqTcRNpPewoJpXM8RdcY%3D,1,157559,0.71,5.99,1,88.146912,0,Mostly Positive,73,38,513720,1718064000,1790874945,0.9,https://shared.fastly.steamstatic.com/store_item_assets/steam/apps/513720/capsule_231x87.jpg?t=1782072469,2024-06-11 00:00:00+00:00,2024,06/11/24
HACKME,hack_me,/game/hackme/,5VmdNznZ%2FMyc5CPUBIPAdKEptKReoFZZyX%2BgNMv9znE%3D,1,161524,0.71,5.99,1,88.146912,0,Mixed,68,1453,526740,1483574400,1790875129,4.9,https://shared.fastly.steamstatic.com/store_item_assets/steam/apps/526740/capsule_231x87.jpg?t=1722516597,2017-01-05 00:00:00+00:00,2017,01/05/17
CALIGO,Caligo,/game/caligo/,IWTXor5EAtia%2FsAFycezXkoyGVRjYJzBYF1v1638%2FZM%3D,1,173460,0.71,5.99,1,88.146912,0,Mostly Positive,74,990,629840,1506038400,1790874624,4.9,https://shared.fastly.steamstatic.com/store_item_assets/steam/apps/629840/capsule_231x87.jpg?t=1693008919,2017-09-22 00:00:00+00:00,2017,09/22/17
RAYOFLIGHT,Ray of Light,/game/ray-of-light/,HNP2%2F%2Bgy4ai6PETtjo%2BcdqKDniJhaSDaPWwl%2FB%2FLthQ%3D,1,189483,0.71,5.99,1,88.146912,0,Mixed,60,41,891100,1531353600,1790875677,0.9,https://shared.fastly.steamstatic.com/store_item_assets/steam/apps/891100/capsule_231x87.jpg?t=1782170071,2018-07-12 00:00:00+00:00,2018,07/12/18
HILLBILLYAPOCALYPSE,Hillbilly Apocalypse,/game/pc/hillbilly-apocalypse,TpNN0vFedWaSlB82tkxouZzuaxlBh5xWbi9kqZrSpMM%3D,1,195635,0.71,5.99,1,88.146912,0,Mixed,67,43,603000,1543536000,1790875483,0.9,https://shared.fastly.steamstatic.com/store_item_assets/steam/apps/603000/capsule_231x87.jpg?t=1573427682,2018-11-30 00:00:00+00:00,2018,11/30/18
THROUGHABANDONEDTHEUNDERGROUNDCITY,"Through Abandoned, the Underground City",,EJAidrMsbovOJd7Gx8TO1G%2FmP%2BBoRR04vvz71xrTszI%3D,1,197517,0.71,5.99,1,88.146912,0,Very Positive,80,658,389270,0,1789414309,2.5,https://shared.fastly.steamstatic.com/store_item_assets/steam/apps/389270/capsule_231x87.jpg?t=1782223715,1970-01-01 00:00:00+00:00,1970,01/01/70
STARFRINGEADVERSUS,StarFringe: Adversus,/game/starfringe-adversus/,n5OAB%2FISkOMIEVMXUloVFHQAarAGhQQo7EcY933ADx0%3D,1,151431,0.71,5.99,1,88.146912,0,Mixed,69,139,458030,1459814400,1790875696,4.9,https://shared.fastly.steamstatic.com/store_item_assets/steam/apps/458030/capsule_231x87.jpg?t=1782215679,2016-04-05 00:00:00+00:00,2016,04/05/16
1953TOVSWARSAWPACT,1953:TO vs Warsaw Pact,/game/1953-nato-vs-warsaw-pact/,xo9jugomDfZSeRveXnH8vmJEIwNO2huwIczojSIBrYM%3D,1,236487,0.71,5.99,1,88.146912,0,Mixed,41,70,325470,1417651200,1790875277,0.9,https://shared.fastly.steamstatic.com/store_item_assets/steam/apps/325470/capsule_231x87.jpg?t=1780803328,2014-12-04 00:00:00+00:00,2014,12/04/14
DIGITFACTORY,Digit Factory,/game/digit-factory/,KUi4NU0lldB0MaC6d5dnlWgHK%2F5XouVlo3uKNOa8pbg%3D,1,253018,0.71,5.99,1,88.146912,0,Mixed,65,26,2166120,1667520000,1790875826,0.9,https://shared.fastly.steamstatic.com/store_item_assets/steam/apps/2166120/capsule_231x87.jpg?t=1667822995,2022-11-04 00:00:00+00:00,2022,11/04/22
DARKFRAME,Dark Frame,/game/dark-frame/,BHdjnuW0zI0fVs90ntEW%2BbQUaf5YlRPQeQFh%2BDbodes%3D,1,282047,0.71,5.99,1,88.146912,0,Mixed,52,59,1584800,1619136000,1790875733,0.9,https://shared.fastly.steamstatic.com/store_item_assets/steam/apps/1584800/capsule_231x87.jpg?t=1726063130,2021-04-23 00:00:00+00:00,2021,04/23/21
UNTOLDMEMORIESPOTTERSFIELD,Untold Memories: Potters Field,/game/untold-memories-potters-field/,2Raxo0UG0nmauEGaGv3Vte1UiOgquEewYteYP4TQ9Rc%3D,1,317802,0.71,5.99,1,88.146912,0,Mixed,67,46,3954970,1773187200,1790875098,2.5,https://shared.fastly.steamstatic.com/store_item_assets/steam/apps/3954970/73904f400788cf8d24faaca3233221b2f484d4b4/capsule_231x87.jpg?t=1782754373,2026-03-11 00:00:00+00:00,2026,03/11/26
EDGE,EDGE,/game/-edge-/,RYs0QDQ8XYQoiP9CBjLKWuAQTgG1LFMQIYL3KBa1dNk%3D,1,320,0.83,6.99,1,88.125894,0,Very Positive,92,1826,38740,1798675200,1790886909,7.9,https://shared.fastly.steamstatic.com/store_item_assets/steam/apps/38740/f42248017e4ad90a4ba483cf417115750c77afc8/capsule_231x87.jpg?t=1779333687,2026-12-31 00:00:00+00:00,2026,12/31/26
EDGE,EDGE,/game/-edge-/,RYs0QDQ8XYQoiP9CBjLKWuAQTgG1LFMQIYL3KBa1dNk%3D,1,320,0.83,6.99,1,88.125894,0,Very Positive,92,1826,38740,1798675200,1790886909,7.9,https://shared.fastly.steamstatic.com/store_item_assets/steam/apps/38740/f42248017e4ad90a4ba483cf417115750c77afc8/capsule_231x87.jpg?t=1779333687,2026-12-31 00:00:00+00:00,2026,12/31/26
CRYSTALSOFTIME,Crystals of Time,/game/crystals-of-time/,oos09dR3lwjcRNr43oj5KTCk4NapDDBYxWUyzuUOa0I%3D,1,103847,0.83,6.99,1,88.125894,0,Mixed,57,230,306410,1386028800,1790875486,4.9,https://shared.fastly.steamstatic.com/store_item_assets/steam/apps/306410/capsule_231x87.jpg?t=1782119296,2013-12-03 00:00:00+00:00,2013,12/03/13
FAERYLEGENDSOFAVALON,Faery: Legends of Avalon,/game/faery-legends-of-avalon/,LZMeheiSjYk5dH9zQ3%2BPKWp0KY2MICxQMsGCESP9XRk%3D,1,2055,0.83,6.99,1,88.125894,59,Mostly Positive,72,800,303790,1304640000,1789414485,6.2,https://shared.fastly.steamstatic.com/store_item_assets/steam/apps/303790/capsule_231x87.jpg?t=1650902120,2011-05-06 00:00:00+00:00,2011,05/06/11
COLORTONE,Colortone,/game/colortone/,untP%2BiqQ5hc3zpSePRrZmJ%2FXAulHiravn9%2B0SK6JTSU%3D,1,144694,0.83,6.99,1,88.125894,0,Mixed,69,220,375320,1435708800,1790875724,4.9,https://shared.fastly.steamstatic.com/store_item_assets/steam/apps/375320/capsule_231x87.jpg?t=1789671015,2015-07-01 00:00:00+00:00,2015,07/01/15
ARCTICALIVE,Arctic alive,/game/arctic-alive/,5rCeTARtD6I57T3IQ0AK%2BPeZLsyz9PakujV%2FcSqmbAg%3D,1,149263,0.83,6.99,1,88.125894,0,Mixed,52,84,436860,1454025600,1790875195,0.9,https://shared.fastly.steamstatic.com/store_item_assets/steam/apps/436860/capsule_231x87.jpg?t=1782072592,2016-01-29 00:00:00+00:00,2016,01/29/16
BOMBERZONE,BomberZone,/game/bomberzone/,gI9mJyxTJwvmuofqt%2FLiYbBiBKIGKoV1kmaNy0oGbgY%3D,1,153137,0.83,6.99,1,88.125894,0,Mostly Positive,76,91,473140,1465516800,1790875089,0.9,https://shared.fastly.steamstatic.com/store_item_assets/steam/apps/473140/capsule_231x87.jpg?t=1782077810,2016-06-10 00:00:00+00:00,2016,06/10/16
HEADSHOT,Head Shot,/game/pc/head-shot,wzgEysapUH4dxMuRnFH9zGDU4Nc0%2Fz41k4caaASfzdM%3D,1,153321,0.83,6.99,1,88.125894,0,Mixed,45,142,485310,1464912000,1790875776,4.9,https://shared.fastly.steamstatic.com/store_item_assets/steam/apps/485310/capsule_231x87.jpg?t=1782156862,2016-06-03 00:00:00+00:00,2016,06/03/16
COPTERANDSKY,Copter and Sky,/game/copter-and-sky/,U%2Bm0vt%2FI%2BAR53Z%2F7dWcwT2Fay3dRMLJhVgWBpm%2FAlHA%3D,1,155178,0.83,6.99,1,88.125894,0,Mixed,63,57,499610,1469059200,1790875760,0.9,https://shared.fastly.steamstatic.com/store_item_assets/steam/apps/499610/capsule_231x87.jpg?t=1782117860,2016-07-21 00:00:00+00:00,2016,07/21/16
CONSTRUCTIONMACHINES2014,Construction Machines 2014,/game/construction-machines-2014/,KRGTIA3SF0v5x49iGqCWZ2Ec2mZbjbCbNRCYGTO1nr4%3D,1,101754,0.83,6.99,1,88.125894,0,Very Negative,7,238,252050,1395964800,1790444379,4.2,https://shared.fastly.steamstatic.com/store_item_assets/steam/apps/252050/capsule_231x87.jpg?t=1558092198,2014-03-28 00:00:00+00:00,2014,03/28/14
HELICOPTERSIMULATOR2014SEARCHANDRESCUE,Helicopter Simulator 2014: Search and Rescue,/game/helicopter-simulator-2014-search-and-rescue/,44AVxbrTPw2XyhfX1ZIS1M0PP%2BjUZvM8aXFUE1pbvYU%3D,1,107353,0.83,6.99,1,88.125894,0,Mostly Negative,33,275,266290,1393545600,1790878172,4.9,https://shared.fastly.steamstatic.com/store_item_assets/steam/apps/266290/capsule_231x87.jpg?t=1724957978,2014-02-28 00:00:00+00:00,2014,02/28/14
ACTIONALIENTROPICAL,Action Alien: Tropical,,xP1U7WNEwP%2FlGQFA6ZTD0PlCeN%2BEezpdSnYrlliZRkU%3D,1,213673,0.83,6.99,1,88.125894,0,Mixed,55,29,810800,0,1790875871,0.9,https://shared.fastly.steamstatic.com/store_item_assets/steam/apps/810800/capsule_231x87.jpg?t=1782046097,1970-01-01 00:00:00+00:00,1970,01/01/70
ACTIONALIENSURVIVAL,Action Alien: Survival,,6fefFTGbk03wYN85B9EahoNyy6Ovm83Zv%2BKT9hg0moY%3D,1,213674,0.83,6.99,1,88.125894,0,Mixed,52,34,773330,0,1790875859,0.9,https://shared.fastly.steamstatic.com/store_item_assets/steam/apps/773330/capsule_231x87.jpg?t=1782045999,1970-01-01 00:00:00+00:00,1970,01/01/70
GONESURVIVAL,Gone: Survival,/game/gone-survival/,ayMMgizj9XNKBDeGpUFPFleIagM2486JHU0m7M95%2FPs%3D,1,214868,0.83,6.99,1,88.125894,0,Mixed,40,253,1270010,1603152000,1790875062,4.9,https://shared.fastly.steamstatic.com/store_item_assets/steam/apps/1270010/2da0baef1c71be2f606a346ae54dbd6690592409/capsule_231x87.jpg?t=1782155441,2020-10-20 00:00:00+00:00,2020,10/20/20
KNOCKOUTPARTY,Knockout Party,/game/knockout-party/,MPGX01DNB0bDNDIS1JzbzbIC0IovywilIYi6JSa%2BFK8%3D,1,215499,0.83,6.99,1,88.125894,0,Mostly Positive,70,111,1162050,1589500800,1790874996,4.9,https://shared.fastly.steamstatic.com/store_item_assets/steam/apps/1162050/capsule_231x87.jpg?t=1744373113,2020-05-15 00:00:00+00:00,2020,05/15/20
ORANGECASTSCIFISPACEACTIONGAME,Orange Cast: Sci-Fi Space Action Game,,HEdMu6WXMbxbnQn2f%2FU2PxTlAb4RagY0fXM4QAKVVYc%3D,1,225325,0.83,6.99,1,88.125894,0,Mixed,46,143,1194050,0,1790875708,4.9,https://shared.fastly.steamstatic.com/store_item_assets/steam/apps/1194050/ba3df78eee737bff2677f5410db4e507bf270818/capsule_231x87.jpg?t=1789685565,1970-01-01 00:00:00+00:00,1970,01/01/70
KILLERINFECTEDONEOFUS,Killer: Infected One of Us,,NR81NngT5%2FM7Iha%2BFYo%2FWqDPhA9kbH180lq%2BfmD0KpY%3D,1,225721,0.83,6.99,1,88.125894,0,Mixed,51,197,1453840,0,1790875171,4.9,https://shared.fastly.steamstatic.com/store_item_assets/steam/apps/1453840/capsule_231x87.jpg?t=1782159758,1970-01-01 00:00:00+00:00,1970,01/01/70
SURVIVALLOSTWAY,Survival: Lost Way,/game/survival-lost-way/,gVxZkfxMJAfQGxOaSnANk0vFKhkowU3uRv%2B7TxXa%2Blc%3D,1,225832,0.83,6.99,1,88.125894,0,Mostly Negative,34,244,1343520,1612396800,1790878168,4.9,https://shared.fastly.steamstatic.com/store_item_assets/steam/apps/1343520/9a77da38767b9b881fe3f8cc0b25d9f69468ed66/capsule_231x87.jpg?t=1782218441,2021-02-04 00:00:00+00:00,2021,02/04/21
JONGRO3STREET,JongRo 3_Street,/game/jongro-3street/,zUkv3TZg%2FhR9zBeEarsplEoovyHv87ns3KCy6%2BwTYv0%3D,1,281637,0.83,6.99,1,88.125894,0,Mixed,58,31,2752770,1707782400,1790875792,0.9,https://shared.fastly.steamstatic.com/store_item_assets/steam/apps/2752770/capsule_231x87.jpg?t=1707797300,2024-02-13 00:00:00+00:00,2024,02/13/24
ESCAPEGAIA,Escape Gaia,/game/escape-gaia/,VMJdUnifO%2BbooVwqvNYOlziak8eXVDvto3SNeUKEQ%2FA%3D,1,291044,0.83,6.99,1,88.125894,0,Mostly Positive,70,47,3103970,1725580800,1790874919,0.9,https://shared.fastly.steamstatic.com/store_item_assets/steam/apps/3103970/capsule_231x87.jpg?t=1725710606,2024-09-06 00:00:00+00:00,2024,09/06/24
APOTHECARIUMTHERENAISSANCEOFEVILPREMIUMEDITION,Apothecarium: The Renaissance of Evil - Premium Edition,,Ueafrg6om4eWOq0lLRxFP7r1%2BKO9Z%2B%2FwKfm4s7ox5AA%3D,1,304615,0.83,6.99,1,88.125894,0,Mixed,57,38,373860,0,1790874958,0.9,https://shared.fastly.steamstatic.com/store_item_assets/steam/apps/373860/capsule_231x87.jpg?t=1782072410,1970-01-01 00:00:00+00:00,1970,01/01/70
VOODOOCHRONICLESTHEFIRSTSIGNHDDIRECTORSCUTEDITION,Voodoo Chronicles: The First Sign HD - Directors Cut Edition,,NQHkGSnXe4ID7CbjDyo6SUjw2vkNgD6hpWM51%2FYXis0%3D,1,144131,0.83,6.99,1,88.125894,0,Mostly Negative,21,28,304750,0,1790878260,0.9,https://shared.fastly.steamstatic.com/store_item_assets/steam/apps/304750/capsule_231x87.jpg?t=1782224970,1970-01-01 00:00:00+00:00,1970,01/01/70
SISTERSSECRECYARCANUMBLOODLINESPREMIUMEDITION,Sisters Secrecy: Arcanum Bloodlines - Premium Edition,,YQKLhaMEqKWrxARPmaR8DI8Ol6RhP%2FIQAp%2BNHrAMm4g%3D,1,307469,0.83,6.99,1,88.125894,0,Mixed,66,27,373870,0,1790875083,0.9,https://shared.fastly.steamstatic.com/store_item_assets/steam/apps/373870/capsule_231x87.jpg?t=1782212015,1970-01-01 00:00:00+00:00,1970,01/01/70
LASTINUA,Last Inua,/game/last-inua/,kFFvDiG%2FU5Oha%2Fs85e30IvdO3U1UUnMLCPsrXWSFBgQ%3D,1,140571,0.95,7.99,1,88.110138,0,Mixed,59,153,331980,1418256000,1790875605,4.9,https://shared.fastly.steamstatic.com/store_item_assets/steam/apps/331980/287da58520a5afbc6da94a09628718c95e06c5e1/capsule_231x87.jpg?t=1781088314,2014-12-11 00:00:00+00:00,2014,12/11/14
HEROLIKE,Herolike,/game/herolike/,WqrA8ZWGG9hEqnODQhqsyRIgMJRPryssHIxclbw5pRA%3D,1,150096,0.95,7.99,1,88.110138,0,Mixed,59,32,409040,1475020800,1790875773,0.9,https://shared.fastly.steamstatic.com/store_item_assets/steam/apps/409040/capsule_231x87.jpg?t=1781884805,2016-09-28 00:00:00+00:00,2016,09/28/16
KNOCKEMOUT,KnockEm Out,/game/knockem-out/,FHOhBPtq%2Fy47Si%2B3e1jWBE40VtOvYvVgeqmSraKs1OU%3D,1,284623,0.95,7.99,1,88.110138,0,Very Positive,84,258,2192900,1744848000,1790882390,5.0,https://shared.fastly.steamstatic.com/store_item_assets/steam/apps/2192900/capsule_231x87.jpg?t=1764164546,2025-04-17 00:00:00+00:00,2025,04/17/25
VECTORPROSPECTOR,Vector Prospector,/game/vector-prospector/,rELH7fUKn%2B%2FqaWIQ5dd8PUptcqWhtjqTWZb3hcK2YkQ%3D,1,316042,0.95,7.99,1,88.110138,0,Positive,80,21,1145950,1605830400,1790874350,0.9,https://shared.fastly.steamstatic.com/store_item_assets/steam/apps/1145950/capsule_231x87.jpg?t=1605961778,2020-11-20 00:00:00+00:00,2020,11/20/20
POSTALREDUX,POSTAL Redux,/game/postal-redux/,BJkdYQnb45wW5U6f0wjC%2BqL44rOj2WKtC4PDpnTjhSw%3D,1,153017,1.07,8.99,1,88.097887,54,Very Positive,92,3302,401680,1463702400,1790882389,8.5,https://shared.fastly.steamstatic.com/store_item_assets/steam/apps/401680/capsule_231x87.jpg?t=1726332234,2016-05-20 00:00:00+00:00,2016,05/20/16
FOGOFWAR,Fog of War,/game/fog-of-war/,sFkqEqCV3qKAih2cU1WIdt2JZRfA6yIqBIq1Uz8%2F57k%3D,1,166544,1.07,8.99,1,88.097887,0,Mixed,46,686,574080,1487721600,1790875276,4.9,https://shared.fastly.steamstatic.com/store_item_assets/steam/apps/574080/capsule_231x87.jpg?t=1709368260,2017-02-22 00:00:00+00:00,2017,02/22/17
SEEDHUNTER,Seed Hunter,/game/seed-hunter/,1XAnDDShdK9hMGpX%2FHhOot4gx8K27poNWPnFdNMOs7c%3D,1,300116,1.07,8.99,1,88.097887,0,Mixed,65,270,1078490,1590019200,1790875185,4.9,https://shared.fastly.steamstatic.com/store_item_assets/steam/apps/1078490/capsule_231x87.jpg?t=1763376128,2020-05-21 00:00:00+00:00,2020,05/21/20
FALLBACK,Fallback,/game/fallback/,0aexf5zRIU7PLZQm0PrLya9haqaAz70uOLMfvYWMQWY%3D,1,206149,1.19,9.99,1,88.088088,72,Very Positive,87,299,864540,1570752000,1790886890,9.0,https://shared.fastly.steamstatic.com/store_item_assets/steam/apps/864540/capsule_231x87.jpg?t=1699442797,2019-10-11 00:00:00+00:00,2019,10/11/19
TESLAGRADREMASTERED,Teslagrad Remastered,/game/teslagrad-remastered/,R3SN1GPN%2BzhQwzvDhUYS2ytgo0yvjqZKUNzWpYuYeOY%3D,1,259734,1.19,9.99,1,88.088088,0,Very Positive,80,213,2168150,1681862400,1790886586,4.9,https://shared.fastly.steamstatic.com/store_item_assets/steam/apps/2168150/capsule_231x87.jpg?t=1725489295,2023-04-19 00:00:00+00:00,2023,04/19/23
URTUKTHEDESOLATION,Urtuk: The Desolation,/game/urtuk-the-desolation/,DG3XPf8AbqcsXKxJYPPH%2BDtCio7zkHne6P2Br31V6%2FI%3D,1,210989,1.67,13.99,1,88.062902,0,Very Positive,87,1151,1181830,1614384000,1790882990,4.8,https://shared.fastly.steamstatic.com/store_item_assets/steam/apps/1181830/capsule_231x87.jpg?t=1726578696,2021-02-27 00:00:00+00:00,2021,02/27/21
WARSTONETD,Warstone TD,/game/warstone-td/,KQSTr1TaP9%2BhzDJErR7iyr6nLzzFryvPQIvmfUa1igg%3D,1,167978,1.79,14.99,1,88.058706,70,Very Positive,86,958,562500,1527033600,1790886636,8.9,https://shared.fastly.steamstatic.com/store_item_assets/steam/apps/562500/capsule_231x87.jpg?t=1773241080,2018-05-23 00:00:00+00:00,2018,05/23/18
BIPED,Biped,/game/biped/,RpaI73PFb%2Bp3svQNV95XlcRwlwnAhkLjGrzp98fU8YM%3D,1,211721,1.79,14.99,1,88.058706,74,Very Positive,89,1764,1071870,1585180800,1790881998,9.1,https://shared.fastly.steamstatic.com/store_item_assets/steam/apps/1071870/55167b258ab54819d0c06c9ff904af28ab86173c/capsule_231x87.jpg?t=1790759691,2020-03-26 00:00:00+00:00,2020,03/26/20
SAIL,Sail,,1HFa1yl%2FpeS03aQ0IrPWa%2FmUA3tsXptrQZb0nX%2BOg44%3D,1,249812,1.79,14.99,1,88.058706,0,Mostly Positive,72,128,1684010,0,1790886779,4.8,https://shared.fastly.steamstatic.com/store_item_assets/steam/apps/1684010/dcd901d2f34aa917958ba3e3789161c3683ac491/capsule_231x87.jpg?t=1776881791,1970-01-01 00:00:00+00:00,1970,01/01/70
ANIMALTRAINERSIMULATOR,Animal Trainer Simulator,/game/animal-trainer-simulator/,65y%2BdjwewJ3v2u4NI2jdXxuOE7bwI7xoUsXP5vkCuZ8%3D,1,292254,1.79,14.99,1,88.058706,0,Mostly Negative,37,29,2199860,1728259200,1790878164,0.8,https://shared.fastly.steamstatic.com/store_item_assets/steam/apps/2199860/capsule_231x87.jpg?t=1783530850,2024-10-07 00:00:00+00:00,2024,10/07/24
CARDETAILINGSIMULATOR,Car Detailing Simulator,/game/car-detailing-simulator/,5971CwU1PW7koy9wz6G9IO9a0PkrG%2FwCV7Lo4ot6t54%3D,1,243298,1.91,15.99,1,88.055034,0,Mostly Positive,74,1117,1433570,1649808000,1790883119,7.4,https://shared.fastly.steamstatic.com/store_item_assets/steam/apps/1433570/capsule_231x87.jpg?t=1783531383,2022-04-13 00:00:00+00:00,2022,04/13/22
SPACEACCIDENTVR,Space Accident VR,,L4Dj8n8wqsl4EVYbCtS3HobibMFP0cf7%2FMUtemzwHAo%3D,1,284429,2.03,16.99,1,88.051795,0,Very Positive,82,231,2696780,0,1790886675,7.4,https://shared.fastly.steamstatic.com/store_item_assets/steam/apps/2696780/a5cc975a6771b79426abe4e25874f599a5f9bd57/capsule_231x87.jpg?t=1748878578,1970-01-01 00:00:00+00:00,1970,01/01/70
SPIDERQUEENCAVE,Spider Queen cave,/game/spider-queen-cave/,J%2F4erToGq5pprlq1aDg9c837H5mXAp7C2DGKXTtpvJ8%3D,1,255447,2.27,18.99,1,88.046340,0,Mixed,40,159,1197180,1675468800,1790875906,7.4,https://shared.fastly.steamstatic.com/store_item_assets/steam/apps/1197180/capsule_231x87.jpg?t=1695885698,2023-02-04 00:00:00+00:00,2023,02/04/23
THEINHERITANCEOFCRIMSONMANOR,The Inheritance of Crimson Manor,/game/the-inheritance-of-crimson-manor/,e4P1NjbKxRuO53p%2B5Gi0bYtPr0HFzxyw0VZ0ODKByKE%3D,1,245503,2.39,19.99,1,88.044022,0,Very Positive,87,909,1553120,1651708800,1790882815,7.4,https://shared.fastly.steamstatic.com/store_item_assets/steam/apps/1553120/capsule_231x87.jpg?t=1767889221,2022-05-05 00:00:00+00:00,2022,05/05/22
CARMECHANICSIMULATOR2021,Car Mechanic Simulator 2021,/game/car-mechanic-simulator-2021/,rLxocr8d206N7cPj%2BgWmjQmyizNP1L6D4OsTNOA5ZMo%3D,1,233219,2.99,24.99,1,88.035214,70,Overwhelmingly Positive,95,17094,1190000,1628640000,1790446886,8.2,https://shared.fastly.steamstatic.com/store_item_assets/steam/apps/1190000/capsule_231x87.jpg?t=1787847434,2021-08-11 00:00:00+00:00,2021,08/11/21
TAILSOFIRON,Tails of Iron,/game/tails-of-iron/,5SVeZtavzKw5Y1sCUkZpPtLKJVjM3eh%2BA48gsrEWHxw%3D,1,234770,2.99,24.99,1,88.035214,81,Very Positive,88,4137,1283410,1631836800,1790882172,9.4,https://shared.fastly.steamstatic.com/store_item_assets/steam/apps/1283410/capsule_231x87.jpg?t=1737877432,2021-09-17 00:00:00+00:00,2021,09/17/21
PUMPKINJACK,Pumpkin Jack,/game/pumpkin-jack/,541etrrm0EjvykMP1tVHfk1xno%2FAAftiaKsLTSkMmXk%3D,1,218292,3.59,29.99,1,88.029343,71,Very Positive,91,2916,1186640,1603411200,1790882206,8.9,https://shared.fastly.steamstatic.com/store_item_assets/steam/apps/1186640/capsule_231x87.jpg?t=1787010385,2020-10-23 00:00:00+00:00,2020,10/23/20
MARVELVSCAPCOMINFINITE,Marvel vs. Capcom: Infinite,/game/marvel-vs-capcom-infinite/,%2BDX%2B3JJsEgjSHTo0IJRp2%2BPPZtaVrZB8nEkKm1tiPXE%3D,1,168444,4.79,39.99,1,88.022006,69,Mixed,66,1417,493840,1505779200,1790882274,8.7,https://shared.fastly.steamstatic.com/store_item_assets/steam/apps/493840/capsule_231x87.jpg?t=1752626251,2017-09-19 00:00:00+00:00,2017,09/19/17
ONEPIECEUNLIMITEDWORLDREDDELUXEEDITION,One Piece: Unlimited World Red - Deluxe Edition,/game/one-piece-unlimited-world-red-deluxe-edition/,Mh9CebPOo4WgtiT8b9JzHS%2FHpnYapeg345M3l03UbCQ%3D,1,172372,4.79,39.99,1,88.022006,0,Mostly Positive,74,450,571720,1503619200,1790886289,7.3,https://shared.fastly.steamstatic.com/store_item_assets/steam/apps/571720/capsule_231x87.jpg?t=1701324600,2017-08-25 00:00:00+00:00,2017,08/25/17
TOWNSMENVR,Townsmen VR,/game/townsmen-vr/,kysjuIEL8%2BlPhOox4nHqdSItOV0cw4L4rYAfg%2FJnCsA%3D,1,177945,4.79,39.99,1,88.022006,0,Very Positive,83,427,749960,1518134400,1790882623,7.3,https://shared.fastly.steamstatic.com/store_item_assets/steam/apps/749960/62b01b517a3094d242182626910f2c31cedaded3/capsule_231x87.jpg?t=1790170512,2018-02-09 00:00:00+00:00,2018,02/09/18
MYHEROONESJUSTICE2,MY HERO ONE'S JUSTICE 2,/game/my-hero-ones-justice-2/,mqecsbLsxF%2BZDN4hjO2zFaPMxw%2Fn%2BBiJIzEk6%2BCxWYo%3D,1,210240,4.79,39.99,1,88.022006,68,Very Positive,87,1656,1058450,1583971200,1789673567,6.7,https://shared.fastly.steamstatic.com/store_item_assets/steam/apps/1058450/capsule_231x87.jpg?t=1752248468,2020-03-12 00:00:00+00:00,2020,03/12/20
CAPTAINTSUBASARISEOFNEWCHAMPIONS,Captain Tsubasa: Rise of New Champions,/game/captain-tsubasa-rise-of-new-champions/,Zzs8cyhFQGM%2FyQCxQc2USk%2Bjcfy1KURuIYzxbWVq1yY%3D,1,218799,4.79,39.99,1,88.022006,75,Mostly Positive,72,1248,1163550,1598486400,1790882387,9.0,https://shared.fastly.steamstatic.com/store_item_assets/steam/apps/1163550/capsule_231x87.jpg?t=1718965999,2020-08-27 00:00:00+00:00,2020,08/27/20
DOOMED,DOOMED,/game/doomed/,qQy4IiBdSzWQk%2BG%2BWnR5ffT3k%2FBh9KhXT8T6xZaKgFM%3D,1,187899,0.64,4.99,1,87.174349,0,Mixed,57,176,731720,1527984000,1790874838,4.8,https://shared.fastly.steamstatic.com/store_item_assets/steam/apps/731720/capsule_231x87.jpg?t=1728937231,2018-06-03 00:00:00+00:00,2018,06/03/18
DARKPLACES,Dark Places,/game/dark-places/,o1ziZ3HrXdr%2FQVGkdr7oanS8k984llLifGaX2IHeGwg%3D,1,200440,0.64,4.99,1,87.174349,0,Mixed,51,66,926810,1554768000,1789668402,0.0,https://shared.fastly.steamstatic.com/store_item_assets/steam/apps/926810/capsule_231x87.jpg?t=1676077314,2019-04-09 00:00:00+00:00,2019,04/09/19
CRIMSONMETALCLASSIC1999,CRIMSON METAL Classic 1999,,JCRQekdv6Vm3FbN99Ye%2FPVEV6Hj8phn3VuOBsct4kFM%3D,1,204980,0.64,4.99,1,87.174349,0,Mixed,49,284,606960,0,1789667909,2.8,https://shared.fastly.steamstatic.com/store_item_assets/steam/apps/606960/capsule_231x87.jpg?t=1728937222,1970-01-01 00:00:00+00:00,1970,01/01/70
STRATEGICWARINEUROPE,Strategic War in Europe,/game/strategic-war-in-europe/,rjKfI%2Fyp%2FC6wuh%2FSBLT93MYuOPORJdCPvYvUSzn5BIY%3D,1,87928,0.77,5.99,1,87.145242,0,Mixed,52,100,283000,1339113600,1790875425,4.8,https://shared.fastly.steamstatic.com/store_item_assets/steam/apps/283000/capsule_231x87.jpg?t=1782216531,2012-06-08 00:00:00+00:00,2012,06/08/12
THECAMPAIGNSERIESFALLWEISS,The Campaign Series: Fall Weiss,,awQ%2F11VNsEV2f7c8qJxb%2BZrJCYi7ySuzBfolZ8k6XNE%3D,1,111377,0.77,5.99,1,87.145242,0,Mixed,52,59,283020,0,1790875618,0.8,https://shared.fastly.steamstatic.com/store_item_assets/steam/apps/283020/capsule_231x87.jpg?t=1782220642,1970-01-01 00:00:00+00:00,1970,01/01/70
RENCOUNTER,Rencounter,/game/rencounter/,g7bobAIxRuNGsgd1Z%2Bct%2B0J7noWGT39irpuWcLAPyq0%3D,1,149005,0.77,5.99,1,87.145242,0,Mostly Positive,71,234,431810,1478217600,1790875588,4.8,https://shared.fastly.steamstatic.com/store_item_assets/steam/apps/431810/capsule_231x87.jpg?t=1502288877,2016-11-04 00:00:00+00:00,2016,11/04/16
DEATHSTAIR,Death Stair,/game/death-stair/,l%2BR0M3EuOzr3pP8p6Kcjlg9tS6YGuOpsle66kf%2Fra1w%3D,1,157498,0.77,5.99,1,87.145242,0,Mixed,68,191,444880,1471305600,1790875699,4.8,https://shared.fastly.steamstatic.com/store_item_assets/steam/apps/444880/capsule_231x87.jpg?t=1474436616,2016-08-16 00:00:00+00:00,2016,08/16/16
ADEMONSGAMEEPISODE1,A Demon's Game - Episode 1,/game/a-demons-game-episode-1/,kq0ItWFutqv%2BDysZSJn0ujPSN7W88fJzkfuanyD7KI4%3D,1,164289,0.77,5.99,1,87.145242,0,Mostly Positive,71,53,569430,1486598400,1790874671,0.8,https://shared.fastly.steamstatic.com/store_item_assets/steam/apps/569430/capsule_231x87.jpg?t=1782044841,2017-02-09 00:00:00+00:00,2017,02/09/17
PSYCHOONTHELOOSE,Psycho on the loose,/game/psycho-on-the-loose/,Ex2vFVq8qc8RSil7Tn%2BDNw9qrPNYfxkZALb0qa14%2BbI%3D,1,164435,0.77,5.99,1,87.145242,0,Mixed,60,66,568860,1482278400,1790875683,0.8,https://shared.fastly.steamstatic.com/store_item_assets/steam/apps/568860/capsule_231x87.jpg?t=1782169483,2016-12-21 00:00:00+00:00,2016,12/21/16
PSIPROJECTLEGACY,Psi Project: Legacy,/game/psi-project-legacy/,86%2BILxFsZ%2FHHotYq9S160tfgcXjMM5xRl1YckhqXME8%3D,1,175662,0.77,5.99,1,87.145242,0,Mostly Negative,27,29,753990,1511740800,1790878292,0.8,https://shared.fastly.steamstatic.com/store_item_assets/steam/apps/753990/capsule_231x87.jpg?t=1782169422,2017-11-27 00:00:00+00:00,2017,11/27/17
OUTSIDE,Outside,/game/outside/,0I9RyS6j1c7SiiYxqFyEGvfeZi%2B5adCwT%2FxMCTZMfLI%3D,1,176135,0.77,5.99,1,87.145242,0,Mostly Negative,30,30,746760,1768867200,1790878294,2.2,https://shared.fastly.steamstatic.com/store_item_assets/steam/apps/746760/capsule_231x87.jpg?t=1569719715,2026-01-20 00:00:00+00:00,2026,01/20/26
DARKESTHUNTERS,Darkest Hunters,/game/darkest-hunters/,m3lUa%2BctVtcgwUm6as5y7dAGizqiVYrq06GyxPDN8YM%3D,1,177331,0.77,5.99,1,87.145242,0,Mixed,51,78,654300,1506470400,1790875769,0.8,https://shared.fastly.steamstatic.com/store_item_assets/steam/apps/654300/capsule_231x87.jpg?t=1724956570,2017-09-27 00:00:00+00:00,2017,09/27/17
DARKGHOSTRPG,Dark Ghost RPG,/game/dark-ghost-rpg/,2T7ZupsXB6KPjcvpwKvxaE9B6oRvFazy1A3eIGBFpE0%3D,1,186073,0.77,5.99,1,87.145242,0,Mostly Negative,31,38,837530,1523923200,1790878281,0.8,https://shared.fastly.steamstatic.com/store_item_assets/steam/apps/837530/capsule_231x87.jpg?t=1523949309,2018-04-17 00:00:00+00:00,2018,04/17/18
DEMENTIUMIIHD,Dementium II HD,/game/pc/dementium-ii-hd,wfny2rsulrQCBQxcChnaDyqTCEwdqXyx5PNZtWksR5c%3D,1,102592,0.77,5.99,1,87.145242,37,Mixed,50,966,217100,1387238400,1790875092,8.1,https://shared.fastly.steamstatic.com/store_item_assets/steam/apps/217100/capsule_231x87.jpg?t=1474895574,2013-12-17 00:00:00+00:00,2013,12/17/13
VVVVV,VVVVV,/game/vvvvv/,xBlQxu0s9%2F0MZF5ICkjYFfwhV5IGeqTeYukzkThT%2Fn8%3D,1,207269,0.77,5.99,1,87.145242,0,Mixed,58,46,1153250,1573948800,1790875414,0.8,https://shared.fastly.steamstatic.com/store_item_assets/steam/apps/1153250/capsule_231x87.jpg?t=1573977946,2019-11-17 00:00:00+00:00,2019,11/17/19
MAINFRAMEDEFENDERS,Mainframe Defenders,/game/mainframe-defenders/,YoIih%2BBSa2WpgmD6jcCTImuMFUYjIfDggcBa9R4OtvY%3D,1,211388,0.77,5.99,1,87.145242,0,Very Positive,87,725,1184810,1582588800,1790886266,4.8,https://shared.fastly.steamstatic.com/store_item_assets/steam/apps/1184810/1dfbbab8c7b33c2a8b87e636082f3ac890bc33a6/capsule_231x87.jpg?t=1789421386,2020-02-25 00:00:00+00:00,2020,02/25/20
DESTROPOLIS,Destropolis,/game/destropolis/,Ao1qm0palyNDffs5QKLn1mFbYxNW9udMYoajhqfgbLk%3D,1,219430,0.77,5.99,1,87.145242,0,Very Positive,89,257,1316800,1597795200,1789850838,3.1,https://shared.fastly.steamstatic.com/store_item_assets/steam/apps/1316800/capsule_231x87.jpg?t=1783534170,2020-08-19 00:00:00+00:00,2020,08/19/20
ADVERSE,ADVERSE,/game/adverse/,sNQNn2UIMb%2BEUyhfHChheVc0ABpInfjATvI4PBkgnfc%3D,1,225354,0.77,5.99,1,87.145242,0,Mostly Positive,79,97,1295390,1611273600,1790369931,0.0,https://shared.fastly.steamstatic.com/store_item_assets/steam/apps/1295390/capsule_231x87.jpg?t=1777561466,2021-01-22 00:00:00+00:00,2021,01/22/21
HORDECORE,HordeCore,/game/hordecore/,KsQ972TvxG02cmyGdZF%2FsfbbaVPM1Ss4wQdzN05RHUk%3D,1,240374,0.77,5.99,1,87.145242,0,Mixed,64,120,980210,1646179200,1790875075,4.8,https://shared.fastly.steamstatic.com/store_item_assets/steam/apps/980210/capsule_231x87.jpg?t=1779178324,2022-03-02 00:00:00+00:00,2022,03/02/22
DUNGEONSOFDREADROCK,Dungeons of Dreadrock,/game/dungeons-of-dreadrock/,BZ7iJIKs3PjdGBLlqhLefsioiMQ5W6ZsvaM4Elnfgqw%3D,1,241978,0.77,5.99,1,87.145242,75,Very Positive,93,513,1896880,1647216000,1790886644,9.1,https://shared.fastly.steamstatic.com/store_item_assets/steam/apps/1896880/capsule_231x87.jpg?t=1728475090,2022-03-14 00:00:00+00:00,2022,03/14/22
ICEMAZECAVESKATEESCAPE,Icemaze Cave: Skate Escape,/game/icemaze-cave-skate-escape/,zR5NNn5gW2L1GANLFB2edBxGRoI0q1USxrkjoQbhRDk%3D,1,246703,0.77,5.99,1,87.145242,0,Positive,95,24,1834120,1652832000,1790874360,0.8,https://shared.fastly.steamstatic.com/store_item_assets/steam/apps/1834120/capsule_231x87.jpg?t=1726412886,2022-05-18 00:00:00+00:00,2022,05/18/22
SUICIDEGUY,Suicide Guy,/game/suicide-guy/,ZvHwb9s4yWqSFhQmVLqDmxWB%2BAedDkLMv8bPuCEcFms%3D,1,260385,0.77,5.99,1,87.145242,0,Very Positive,86,660,303610,1499990400,1790883088,4.8,https://shared.fastly.steamstatic.com/store_item_assets/steam/apps/303610/capsule_231x87.jpg?t=1778868868,2017-07-14 00:00:00+00:00,2017,07/14/17
ARTHAS2,Arthas 2,/game/arthas-2/,Ot7Mk1cMEC4ZFeT68UtO98K3BOw%2FrlASWmW%2B6R%2FP8UA%3D,1,284952,0.77,5.99,1,87.145242,0,Mostly Negative,35,65,2551280,1712880000,1790878312,0.8,https://shared.fastly.steamstatic.com/store_item_assets/steam/apps/2551280/capsule_231x87.jpg?t=1777887598,2024-04-12 00:00:00+00:00,2024,04/12/24
NINJALEXX,Ninja Lexx,/game/ninja-lexx/,q2K5qOKs3VDDxuqNoc99ATDBeeo8eSnNyGFyJpuD26Q%3D,1,296333,0.77,5.99,1,87.145242,0,Mostly Positive,75,20,1560640,1616716800,1790875389,0.8,https://shared.fastly.steamstatic.com/store_item_assets/steam/apps/1560640/capsule_231x87.jpg?t=1651854097,2021-03-26 00:00:00+00:00,2021,03/26/21
CHAOSOFEAST,Chaos of East,/game/chaos-of-east/,SsfanCMdB4tsnkRGK3ufWK2cAI%2FEQTC3QJdAPenQNMM%3D,1,300355,0.77,5.99,1,87.145242,0,Mixed,67,52,859200,1527897600,1790793401,0.7,https://shared.fastly.steamstatic.com/store_item_assets/steam/apps/859200/capsule_231x87.jpg?t=1726287281,2018-06-02 00:00:00+00:00,2018,06/02/18
DEVILSLOTMACHINE,Devil Slot Machine,/game/devil-slot-machine/,rz1c7qqvaQTr9A0WGULt7uQtvvej6qGzYO5Q%2Bd8k8jQ%3D,1,330525,0.77,5.99,1,87.145242,0,Mixed,65,23,2674970,1729728000,1790875346,0.8,https://shared.fastly.steamstatic.com/store_item_assets/steam/apps/2674970/capsule_231x87.jpg?t=1733371746,2024-10-24 00:00:00+00:00,2024,10/24/24
DEUSEXGAMEOFTHEYEAREDITION,Deus Ex: Game of the Year Edition,,ZBne0DNuGfz0L%2BD49%2BOvDa3FuFNmEDFA%2BPdFsXuDBRk%3D,1,215,0.90,6.99,1,87.124464,0,Overwhelmingly Positive,95,10528,6910,0,1789673538,2.8,https://shared.fastly.steamstatic.com/store_item_assets/steam/apps/6910/3a793bd35d801023343f8856b10013cb8915dd40/capsule_231x87.jpg?t=1779722450,1970-01-01 00:00:00+00:00,1970,01/01/70
BELLADONNA,Belladonna,/game/belladonna/,XrQvQmwR5pjVzrAAfDGqGSGxdONJd9v4hHYamPFj0uI%3D,1,142277,0.90,6.99,1,87.124464,0,Mostly Positive,70,478,351340,1716336000,1790874612,4.8,https://shared.fastly.steamstatic.com/store_item_assets/steam/apps/351340/capsule_231x87.jpg?t=1781884638,2024-05-22 00:00:00+00:00,2024,05/22/24
RISEOFTHETRIADDARKWAR,Rise of the Triad: Dark War,/game/rise-of-the-triad-dark-war/,kiIVV48BIHDORvJiWZq0SV%2BR9H1YyDbTvmv4eKRwi%2FM%3D,1,87150,0.90,6.99,1,87.124464,0,Very Positive,85,114,358410,787968000,1790886215,4.8,https://shared.fastly.steamstatic.com/store_item_assets/steam/apps/358410/capsule_231x87.jpg?t=1726262623,1994-12-21 00:00:00+00:00,1994,12/21/94
THEREWASACAVEMAN,There Was A Caveman,/game/there-was-a-caveman/,D8H98Sz4hK5NMIwEWkZ1ot3%2BA1ETv%2FytM95VidJFQIs%3D,1,146432,0.90,6.99,1,87.124464,0,Mostly Positive,72,108,407290,1444262400,1790875591,4.8,https://shared.fastly.steamstatic.com/store_item_assets/steam/apps/407290/capsule_231x87.jpg?t=1447378323,2015-10-08 00:00:00+00:00,2015,10/08/15
CARDEMOLITIONCLICKER,Car Demolition Clicker,/game/car-demolition-clicker/,GMiLLyO3VSNm5ppbc1mhbvgMy2FbqsiN03sCABUcGpo%3D,1,189268,0.90,6.99,1,87.124464,0,Mixed,60,164,705740,1530748800,1790875655,4.8,https://shared.fastly.steamstatic.com/store_item_assets/steam/apps/705740/capsule_231x87.jpg?t=1726148150,2018-07-05 00:00:00+00:00,2018,07/05/18
STORYOFONENIGHT,Story of one Night,/game/story-of-one-night/,nkQaMm6hdBVfW5Kb87aDrNlmmHIOWTh9DtUg9aZcY%2FA%3D,1,203358,0.90,6.99,1,87.124464,0,Mixed,45,22,1057770,1563494400,1790878074,0.8,https://shared.fastly.steamstatic.com/store_item_assets/steam/apps/1057770/capsule_231x87.jpg?t=1572537137,2019-07-19 00:00:00+00:00,2019,07/19/19
THEMANSION,The Mansion,/game/the-mansion/,Hnvtg%2F1UcjQhTBTDUZwR8OalrMGnKxaMr2Alvg5f%2FNs%3D,1,227972,0.90,6.99,1,87.124464,0,Mixed,65,153,1294650,1617148800,1790875643,4.8,https://shared.fastly.steamstatic.com/store_item_assets/steam/apps/1294650/capsule_231x87.jpg?t=1775046003,2021-03-31 00:00:00+00:00,2021,03/31/21
MAFIAFAMILYSSECRET,MAFIA: Familys Secret,/game/mafia-familys-secret/,H9%2BdYI0M9xjXz7lwTyBgb2qVE9J%2BNtaF2eLh9FfnN6w%3D,1,239241,0.90,6.99,1,87.124464,0,Mostly Positive,75,32,1850840,1641600000,1789937611,0.0,https://shared.fastly.steamstatic.com/store_item_assets/steam/apps/1850840/capsule_231x87.jpg?t=1726138661,2022-01-08 00:00:00+00:00,2022,01/08/22
CYBERPUNKGIRLS,Cyberpunk Girls,/game/cyberpunk-girls/,t%2Fn6ms5asAsTrKIB31b%2BHktPWf7jOfoKoR%2FeuBBOTDM%3D,1,240373,0.90,6.99,1,87.124464,0,Mixed,56,51,1867280,1643932800,1790875601,0.8,https://shared.fastly.steamstatic.com/store_item_assets/steam/apps/1867280/capsule_231x87.jpg?t=1728938605,2022-02-04 00:00:00+00:00,2022,02/04/22
FALLGIRLS,FALL GIRLS,/game/fall-girls/,yuIXGu0DHED1sX1A%2B0ZY14j7mcxbZeNMH70xutomxhw%3D,1,242512,0.90,6.99,1,87.124464,0,Mixed,50,188,1882580,1648252800,1790875151,4.8,https://shared.fastly.steamstatic.com/store_item_assets/steam/apps/1882580/capsule_231x87.jpg?t=1790343493,2022-03-26 00:00:00+00:00,2022,03/26/22
NEONSPEED,NEON SPEED,/game/neon-speed/,5reqG9cGFKoRV1j10aYcekdvTCjXRdxMFQKqnyniH94%3D,1,245694,0.90,6.99,1,87.124464,0,Mixed,64,50,1966370,1651881600,1790875679,0.8,https://shared.fastly.steamstatic.com/store_item_assets/steam/apps/1966370/capsule_231x87.jpg?t=1755622977,2022-05-07 00:00:00+00:00,2022,05/07/22
CRABCAKESRESCUE,Crab Cakes Rescue,/game/crab-cakes-rescue/,81ciuFjPjeExKFDUTsF72cqj2KEcphc0gwtUGKg3Im8%3D,1,136865,0.90,6.99,1,87.124464,0,Mixed,66,24,328680,1415923200,1790875999,0.8,https://shared.fastly.steamstatic.com/store_item_assets/steam/apps/328680/capsule_231x87.jpg?t=1457642641,2014-11-14 00:00:00+00:00,2014,11/14/14
MOUNTAINTRAP2UNDERTHECLOAKOFFEAR,Mountain Trap 2: Under the Cloak of Fear,/game/mountain-trap-2-under-the-cloak-of-fear/,mP6um2nEKols9hE9lPbdjJEvSPTTlTr2wP3sFY%2BMowk%3D,1,298905,0.90,6.99,1,87.124464,0,Mixed,56,41,563330,1458086400,1790875656,0.8,https://shared.fastly.steamstatic.com/store_item_assets/steam/apps/563330/capsule_231x87.jpg?t=1782166412,2016-03-16 00:00:00+00:00,2016,03/16/16
DIORAMABATTLEOFNINJA3D,Diorama Battle of NINJA3D,,SVl0PErMX9TN2Nt4F4KkgH2zp0D08%2FYuH%2FXQPX1%2FQTA%3D,1,300305,0.90,6.99,1,87.124464,0,Mixed,68,54,464070,0,1790875468,0.8,https://shared.fastly.steamstatic.com/store_item_assets/steam/apps/464070/capsule_231x87.jpg?t=1782116671,1970-01-01 00:00:00+00:00,1970,01/01/70
BLACKSWAN,Black Swan,/game/black-swan/,%2FdPYJSImgC8T7lksxNsp5x8JM5AA4%2FaDmjS3gfmS0vI%3D,1,163411,0.90,6.99,1,87.124464,0,Mixed,50,22,560230,1462320000,1790875151,0.8,https://shared.fastly.steamstatic.com/store_item_assets/steam/apps/560230/capsule_231x87.jpg?t=1782077245,2016-05-04 00:00:00+00:00,2016,05/04/16
ANKHANNIVERSARYEDITION,Ankh - Anniversary Edition,,yV%2BNoaWghDyslj5em8CATG%2FUou0dSZKJdOR2xdjB5Bg%3D,1,144003,1.03,7.99,1,87.108886,0,Very Positive,81,145,353980,0,1790886684,4.8,https://shared.fastly.steamstatic.com/store_item_assets/steam/apps/353980/capsule_231x87.jpg?t=1788521306,1970-01-01 00:00:00+00:00,1970,01/01/70
LOSTWING,Lost Wing,/game/lost-wing/,htqp7Tws3jpxK7wcL7mPipzGVpeOrqJuZUrNccBkUqI%3D,1,175264,1.03,7.99,1,87.108886,0,Mostly Positive,72,54,556960,1596153600,1790874957,0.8,https://shared.fastly.steamstatic.com/store_item_assets/steam/apps/556960/capsule_231x87.jpg?t=1710786320,2020-07-31 00:00:00+00:00,2020,07/31/20
BLACKSAILSTHEGHOSTSHIP,Black Sails  The Ghost Ship,/game/black-sails-the-ghost-ship/,nFcs2bJ3X3yqxYSdfX1LHegOLcwylLIyZ5JezBeODbM%3D,1,145898,1.29,9.99,1,87.087087,0,Mixed,69,222,373240,1442448000,1790875201,4.8,https://shared.fastly.steamstatic.com/store_item_assets/steam/apps/373240/capsule_231x87.jpg?t=1788522500,2015-09-17 00:00:00+00:00,2015,09/17/15
GYMMANAGER,Gym Manager,/game/gym-manager/,WmvrfG6xvAFeQ10ZO0Kwdk5cNS%2FX4ry1CerP%2Fgc6ymE%3D,1,289835,1.29,9.99,1,87.087087,0,Very Positive,80,311,2337460,1722384000,1790448083,4.1,https://shared.fastly.steamstatic.com/store_item_assets/steam/apps/2337460/capsule_231x87.jpg?t=1778835741,2024-07-31 00:00:00+00:00,2024,07/31/24
LOSTINTROPICS,Lost in Tropics,/game/lost-in-tropics/,ofC7jCnsGWAwZDo2BJ6Lm%2FF6%2BcXPry3Zrlmqhm1AnE8%3D,1,289833,1.42,10.99,1,87.079163,0,Negative,10,29,1082410,1716336000,1790878338,0.8,https://shared.fastly.steamstatic.com/store_item_assets/steam/apps/1082410/capsule_231x87.jpg?t=1724958244,2024-05-22 00:00:00+00:00,2024,05/22/24
PROTORAIDER,Proto Raider,/game/proto-raider/,15gcdAC%2FmuWiQo3A2n3FD0OzWZGBy9r63oG56sEiZMk%3D,1,145672,1.55,11.99,1,87.072560,0,Mostly Positive,79,74,386050,1426032000,1790875588,0.8,https://shared.fastly.steamstatic.com/store_item_assets/steam/apps/386050/capsule_231x87.jpg?t=1749247011,2015-03-11 00:00:00+00:00,2015,03/11/15
DEATHANDTAXES,Death and Taxes,/game/death-and-taxes/,ESAtN2Se9kVEvU9CzxenncIvIzGB4%2B8HajI0HECisVQ%3D,1,211195,1.68,12.99,1,87.066975,0,Very Positive,85,4092,1166290,1582156800,1790882379,4.8,https://shared.fastly.steamstatic.com/store_item_assets/steam/apps/1166290/capsule_231x87.jpg?t=1776015823,2020-02-20 00:00:00+00:00,2020,02/20/20
INFESTEDPLANET,Infested Planet,/game/infested-planet/,sm7w5PZVlHghCed8MyiXK6RZcbcQkmIZ6GC8XOw4gZI%3D,1,99894,1.94,14.99,1,87.058039,75,Very Positive,94,1875,204530,1394064000,1790885997,9.1,https://shared.fastly.steamstatic.com/store_item_assets/steam/apps/204530/capsule_231x87.jpg?t=1568483201,2014-03-06 00:00:00+00:00,2014,03/06/14
MIRRORMOONEP,MirrorMoon EP,/game/mirrormoon-ep/,YU7M7b6iMoW1Jl9xHWtJcIWoVERO9aBacVObb7z35Bg%3D,1,101508,1.94,14.99,1,87.058039,73,Mixed,66,330,231310,1378252800,1790875154,9.0,https://shared.fastly.steamstatic.com/store_item_assets/steam/apps/231310/capsule_231x87.jpg?t=1727787684,2013-09-04 00:00:00+00:00,2013,09/04/13
FOTONICA,FOTONICA,/game/fotonica/,QjKWeZLfmUlwwwdqFu4TBb1rjqQZan1CfXf%2BL8g9x7k%3D,1,103468,1.94,14.99,1,87.058039,71,Very Positive,87,650,253290,1317859200,1790886950,8.9,https://shared.fastly.steamstatic.com/store_item_assets/steam/apps/253290/capsule_231x87.jpg?t=1727787644,2011-10-06 00:00:00+00:00,2011,10/06/11
WHEELSOFAURELIA,Wheels of Aurelia,/game/wheels-of-aurelia/,Ys8xX5u52TRpZvga3CsnzD0jHgh%2FwS8G2rAsCqfU1d8%3D,1,158731,1.94,14.99,1,87.058039,63,Mixed,50,136,508740,1474329600,1790875232,8.6,https://shared.fastly.steamstatic.com/store_item_assets/steam/apps/508740/capsule_231x87.jpg?t=1727787641,2016-09-20 00:00:00+00:00,2016,09/20/16
THESURGE,The Surge,/game/the-surge/,isbe3F9WNggHvbTbyCmaRCLjQwdxFzrZHqTGXRrTuO8%3D,1,167475,1.94,14.99,1,87.058039,72,Mostly Positive,76,4561,378540,1494806400,1790882247,8.9,https://shared.fastly.steamstatic.com/store_item_assets/steam/apps/378540/capsule_231x87.jpg?t=1727864911,2017-05-15 00:00:00+00:00,2017,05/15/17
FUNTIME,#Funtime,/game/funtime/,XyWk5uKY5LzpEhCKXuEIjz6jt%2Ftc7liiF5Ay4TW5Fyg%3D,1,218324,1.94,14.99,1,87.058039,0,Mostly Positive,70,24,1100350,1594857600,1790874332,0.8,https://shared.fastly.steamstatic.com/store_item_assets/steam/apps/1100350/capsule_231x87.jpg?t=1597688793,2020-07-16 00:00:00+00:00,2020,07/16/20
MILKYWAYPRINCETHEVAMPIRESTAR,Milky Way Prince  The Vampire Star,/game/milky-way-prince-the-vampire-star/,7sivZsLrJspRnZ64oOQ4vV93YnCACS96%2B7zKvVOUlVw%3D,1,219250,1.94,14.99,1,87.058039,67,Very Positive,82,288,1302050,1597276800,1790886432,8.7,https://shared.fastly.steamstatic.com/store_item_assets/steam/apps/1302050/capsule_231x87.jpg?t=1727787635,2020-08-13 00:00:00+00:00,2020,08/13/20
THEAMAZINGAMERICANCIRCUS,The Amazing American Circus,/game/the-amazing-american-circus/,8wqTpUTfFEPWGpN84DBheFIAuuHJ7vX6%2F023wodr9EI%3D,1,229995,1.94,14.99,1,87.058039,53,Mixed,61,138,1433860,1631750400,1790875162,8.3,https://shared.fastly.steamstatic.com/store_item_assets/steam/apps/1433860/capsule_231x87.jpg?t=1732093919,2021-09-16 00:00:00+00:00,2021,09/16/21
FIGHTANGELSPECIALEDITION,Fight Angel Special Edition,,TNFuk12YHFjRNeQra84PdEDWxmCplQsjSrQlmoKgM2w%3D,1,209416,2.59,19.99,1,87.043522,0,Mostly Positive,75,1777,1041840,0,1790883166,7.3,https://shared.fastly.steamstatic.com/store_item_assets/steam/apps/1041840/capsule_231x87.jpg?t=1626804245,1970-01-01 00:00:00+00:00,1970,01/01/70
THESHATTERING,The Shattering,/game/the-shattering/,JXkUGXH%2FX9HbSVtyZGL6eyiDr7eRF2RW4lKt5e7qFFE%3D,1,213951,2.59,19.99,1,87.043522,69,Very Positive,84,286,596000,1587427200,1790886681,8.8,https://shared.fastly.steamstatic.com/store_item_assets/steam/apps/596000/capsule_231x87.jpg?t=1788521744,2020-04-21 00:00:00+00:00,2020,04/21/20
ESPRESSOTYCOON,Espresso Tycoon,/game/espresso-tycoon/,EuDDP4SUURzyu1NhdNS31JAKgQEgPxPbfJk533pzvf0%3D,1,264058,2.59,19.99,1,87.043522,0,Very Positive,84,1185,1543280,1686096000,1790882545,7.3,https://shared.fastly.steamstatic.com/store_item_assets/steam/apps/1543280/capsule_231x87.jpg?t=1775733786,2023-06-07 00:00:00+00:00,2023,06/07/23
ULTRASTREETFIGHTERIV,Ultra Street Fighter IV,/game/ultra-street-fighter-iv/,7JWDpApz3Yee5JDgO2UrtekSUc5XIOvkX6pwVcI%2B9xQ%3D,1,113336,3.89,29.99,1,87.029010,82,Very Positive,90,5228,45760,1407369600,1790881997,9.4,https://shared.fastly.steamstatic.com/store_item_assets/steam/apps/45760/capsule_231x87.jpg?t=1759109520,2014-08-07 00:00:00+00:00,2014,08/07/14
SNIPERELITE3,Sniper Elite 3,,Ffg%2Bb1l0CCVP0o9pNI4g7%2B42F6edOBcDg9sNX9XXtYY%3D,1,111357,3.89,29.99,1,87.029010,0,Mostly Positive,78,7134,238090,0,1790881811,7.3,https://shared.fastly.steamstatic.com/store_item_assets/steam/apps/238090/capsule_231x87.jpg?t=1601483606,1970-01-01 00:00:00+00:00,1970,01/01/70
THELEGOMOVIE2VIDEOGAME,The LEGO Movie 2 Videogame,/game/the-lego-movie-2-videogame/,WFYAfB6%2FafDrXvnIRk%2Bbuz41oFxk86ScrG6JhIvzc2Q%3D,1,197146,3.89,29.99,1,87.029010,56,Mixed,62,1111,881320,1551139200,1790886156,8.3,https://shared.fastly.steamstatic.com/store_item_assets/steam/apps/881320/capsule_231x87.jpg?t=1780600225,2019-02-26 00:00:00+00:00,2019,02/26/19
OVERRIDE2SUPERMECHLEAGUE,Override 2: Super Mech League,/game/override-2-super-mech-league/,ofq0eKKnQX8X2Q7YlNtRlQ8nR2AcJwwvBYGN%2BE0sI3w%3D,1,224429,3.89,29.99,1,87.029010,61,Mixed,60,118,1329790,1608595200,1790875891,8.4,https://shared.fastly.steamstatic.com/store_item_assets/steam/apps/1329790/capsule_231x87.jpg?t=1756238496,2020-12-22 00:00:00+00:00,2020,12/22/20
DOUGFLUTIESMAXIMUMFOOTBALL2020,Doug Fluties Maximum Football 2020,/game/doug-fluties-maximum-football-2020/,DMyeJdXhQXU4RORPwN1ZjU5%2FdhirxNLOJEJNl75KRlU%3D,1,224691,3.89,29.99,1,87.029010,0,Mixed,51,66,1470790,1609200000,1790874834,3.3,https://shared.fastly.steamstatic.com/store_item_assets/steam/apps/1470790/capsule_231x87.jpg?t=1609248749,2020-12-29 00:00:00+00:00,2020,12/29/20
THELEGOGAMESBUNDLE,The LEGO Games Bundle,,%2FKwDu9vYl8yQ1tDnLN%2BIcstt4ibIEIZLlU1ELeqw6EI%3D,1,294665,12.99,99.99,1,87.008701,0,Very Positive,87,18104,466140,0,1790886261,1.9,https://shared.fastly.steamstatic.com/store_item_assets/steam/subs/466140/capsule_231x87.jpg?t=1773438562,1970-01-01 00:00:00+00:00,1970,01/01/70
SILENCEOFTHESLEEP,Silence of the Sleep,/game/silence-of-the-sleep/,WtXUxkRCQm2Pa6uu%2F29t9DgGTWsHx%2Bo8KrpQwUSsbls%3D,1,131467,0.69,4.99,1,86.172345,66,Mostly Positive,77,444,321870,1412121600,1790874428,8.7,https://shared.fastly.steamstatic.com/store_item_assets/steam/apps/321870/capsule_231x87.jpg?t=1583133850,2014-10-01 00:00:00+00:00,2014,10/01/14
LORDOFTHEDARKCASTLE,Lord of the Dark Castle,/game/lord-of-the-dark-castle/,4xKbXqS8NftMik0Jjv2oWNGnFaMYUxMYE6FmHhcEUYE%3D,1,143390,0.69,4.99,1,86.172345,0,Mostly Positive,73,110,349460,1429833600,1790874960,4.7,https://shared.fastly.steamstatic.com/store_item_assets/steam/apps/349460/capsule_231x87.jpg?t=1782164175,2015-04-24 00:00:00+00:00,2015,04/24/15
ABYSSRAIDERSUNCHARTED,Abyss Raiders: Uncharted,/game/abyss-raiders-uncharted/,VsJdMpXq%2BNrKSNwOcqHuwhfhY%2B8JXu5XYdGtmeiXpBQ%3D,1,143578,0.69,4.99,1,86.172345,0,Mostly Negative,33,103,348730,1430352000,1790878275,4.7,https://shared.fastly.steamstatic.com/store_item_assets/steam/apps/348730/capsule_231x87.jpg?t=1782045811,2015-04-30 00:00:00+00:00,2015,04/30/15
STRANDEDINTIME,Stranded In Time,/game/stranded-in-time/,FYF49yiYaMLqUyxOEwkqKROXd78BC667ztZTUUwPmyY%3D,1,142038,0.69,4.99,1,86.172345,0,Mostly Positive,76,136,385150,1424131200,1790875043,4.7,https://shared.fastly.steamstatic.com/store_item_assets/steam/apps/385150/capsule_231x87.jpg?t=1782216391,2015-02-17 00:00:00+00:00,2015,02/17/15
REDEMPTIONETERNALQUEST,Redemption: Eternal Quest,/game/redemption-eternal-quest/,bhhHTKLZWEtkz54OST0ygF0qyagQPyPnBeTZeI%2FVfs0%3D,1,145684,0.69,4.99,1,86.172345,0,Mixed,59,119,390880,1440720000,1790875833,4.7,https://shared.fastly.steamstatic.com/store_item_assets/steam/apps/390880/capsule_231x87.jpg?t=1782170260,2015-08-28 00:00:00+00:00,2015,08/28/15
KITCHENSIMULATOR2015,Kitchen Simulator 2015,/game/kitchen-simulator-2015/,6EuIszIMZZ%2BurGwqGL7elNEYq%2F44%2FtW85RXp5NAUB0c%3D,1,145750,0.69,4.99,1,86.172345,0,Mixed,40,206,399230,1441152000,1790875684,4.7,https://shared.fastly.steamstatic.com/store_item_assets/steam/apps/399230/capsule_231x87.jpg?t=1782160102,2015-09-02 00:00:00+00:00,2015,09/02/15
INVASION,Invasion,/game/invasion/,QNKebnUsSVP%2FSC3nd5NnAQXLZpZVfMo1vsitQ8dQRe4%3D,1,146063,0.69,4.99,1,86.172345,0,Mostly Positive,75,24,397980,1790294400,1790875382,3.3,https://shared.fastly.steamstatic.com/store_item_assets/steam/apps/2262070/capsule_231x87.jpg?t=1782158112,2026-09-25 00:00:00+00:00,2026,09/25/26
ELYSIUMBLOODGAMES,Elysium: Blood Games,/game/elysium-blood-games/,jGXLwr6CAZPRuebA5MH%2FejuPcF8iRk%2BNuh%2B%2F8F2KOgU%3D,1,147786,0.69,4.99,1,86.172345,0,Mixed,53,105,430080,1451952000,1790875713,4.7,https://shared.fastly.steamstatic.com/store_item_assets/steam/apps/430080/capsule_231x87.jpg?t=1782124905,2016-01-05 00:00:00+00:00,2016,01/05/16
CONTROLCRAFT2,Control Craft 2,/game/control-craft-2/,cMJw4UhB%2BH2OZNRzxTecXNf6RS47wIDtilO8acCbnuo%3D,1,149975,0.69,4.99,1,86.172345,0,Mostly Positive,72,274,439930,1455494400,1790875003,4.7,https://shared.fastly.steamstatic.com/store_item_assets/steam/apps/439930/capsule_231x87.jpg?t=1782081206,2016-02-15 00:00:00+00:00,2016,02/15/16
ESCAPETHIS,Escape This,/game/escape-this/,J5MnNlDtWpPfQU5wi%2BLTh2NStvNqrsXFKG%2FZKsffwHo%3D,1,152291,0.69,4.99,1,86.172345,0,Mixed,59,140,467370,1462320000,1790875838,4.7,https://shared.fastly.steamstatic.com/store_item_assets/steam/apps/467370/capsule_231x87.jpg?t=1782125571,2016-05-04 00:00:00+00:00,2016,05/04/16
AUTUMN,Autumn,/game/autumn/,Gav4dtWjm9XflRA7b%2FClnX2XjWM0V5uLabUcEjvnW%2Fc%3D,1,152643,0.69,4.99,1,86.172345,0,Mixed,63,141,473520,1463184000,1790875655,4.7,https://shared.fastly.steamstatic.com/store_item_assets/steam/apps/473520/capsule_231x87.jpg?t=1782074993,2016-05-14 00:00:00+00:00,2016,05/14/16
ACTIONALIEN,Action Alien,/game/action-alien/,rJB2jjjxgnbLIP%2BSabmK7K7LjuSTiYu5maT92%2Btl%2B50%3D,1,152645,0.69,4.99,1,86.172345,0,Mixed,65,188,382080,1435276800,1790875710,4.7,https://shared.fastly.steamstatic.com/store_item_assets/steam/apps/382080/capsule_231x87.jpg?t=1782045876,2015-06-26 00:00:00+00:00,2015,06/26/15
AGAMEOFCHANGES,A Game of Changes,/game/a-game-of-changes/,4llIdgJZ%2Fgujf9f6E1RTqmIyzKQmJ0oQT8FnILTMjxM%3D,1,153296,0.69,4.99,1,86.172345,0,Mostly Positive,72,130,467090,1464825600,1790875003,4.7,https://shared.fastly.steamstatic.com/store_item_assets/steam/apps/467090/capsule_231x87.jpg?t=1782045103,2016-06-02 00:00:00+00:00,2016,06/02/16
FANTASYKINGDOMSIMULATOR,Fantasy Kingdom Simulator,/game/fantasy-kingdom-simulator/,j2T%2FdedTistYov4CnihlsJrlqI1MXvzsfuMxsKe%2B9pQ%3D,1,153802,0.69,4.99,1,86.172345,0,Mixed,45,111,482890,1465776000,1790875654,4.7,https://shared.fastly.steamstatic.com/store_item_assets/steam/apps/482890/capsule_231x87.jpg?t=1782126866,2016-06-13 00:00:00+00:00,2016,06/13/16
TALESOFDESTRUCTION,Tales of Destruction,/game/tales-of-destruction/,z0uSH%2Fuq1PZMzSvFiW0dJunQj%2BstRmaYLu8TD7MtVtE%3D,1,154907,0.69,4.99,1,86.172345,0,Mixed,43,62,486480,1468454400,1790875834,0.7,https://shared.fastly.steamstatic.com/store_item_assets/steam/apps/486480/capsule_231x87.jpg?t=1782220120,2016-07-14 00:00:00+00:00,2016,07/14/16
CANDYSMASHVR,Candy Smash VR,/game/candy-smash-vr/,LUR%2BOaIQeFBStM4Jr8WMdwIsrehYaTPaablSjXKH6Yk%3D,1,155252,0.69,4.99,1,86.172345,0,Mostly Positive,76,78,503900,1469491200,1790874969,0.7,https://shared.fastly.steamstatic.com/store_item_assets/steam/apps/503900/capsule_231x87.jpg?t=1782079558,2016-07-26 00:00:00+00:00,2016,07/26/16
JURJAPANUNDERGROUNDRACING,J.U.R : Japan Underground Racing,/game/jur-japan-underground-racing/,g4Lt98WvH9skV8pjd6xyeLNN0%2FO4tkyJlxWP9A67rxw%3D,1,157554,0.69,4.99,1,86.172345,0,Mixed,53,158,513930,1471392000,1790874633,4.7,https://shared.fastly.steamstatic.com/store_item_assets/steam/apps/513930/capsule_231x87.jpg?t=1782158885,2016-08-17 00:00:00+00:00,2016,08/17/16
69WAYSTOKILLAZOMBIE,69 Ways to Kill a Zombie,/game/69-ways-to-kill-a-zombie/,BDfvz3M45cxEVi5sE7w1a7z0InXVtksdN%2Bwh9F3ICYo%3D,1,158446,0.69,4.99,1,86.172345,0,Mixed,64,70,512410,1496880000,1790875759,0.7,https://shared.fastly.steamstatic.com/store_item_assets/steam/apps/512410/capsule_231x87.jpg?t=1782044477,2017-06-08 00:00:00+00:00,2017,06/08/17
CRAZYSAPPER3D,Crazy Sapper 3D,/game/crazy-sapper-3d/,LgX9AUlUeIEhXq11%2B4Ccv0zuk3bu15wfPu0Th4ZkJSE%3D,1,161051,0.69,4.99,1,86.172345,0,Mostly Positive,73,139,529420,1477440000,1790874949,4.7,https://shared.fastly.steamstatic.com/store_item_assets/steam/apps/529420/capsule_231x87.jpg?t=1782119061,2016-10-26 00:00:00+00:00,2016,10/26/16
THEPURGEDAY,The Purge Day,/game/the-purge-day/,12M9xb1l0V73qwiTXr67NZJ%2FKuhdlK%2BZdZPZqi1e%2BOk%3D,1,163153,0.69,4.99,1,86.172345,0,Mixed,69,43,553450,1479254400,1790875760,0.7,https://shared.fastly.steamstatic.com/store_item_assets/steam/apps/553450/capsule_231x87.jpg?t=1782221708,2016-11-16 00:00:00+00:00,2016,11/16/16
ALIENHOSTAGE,Alien Hostage,/game/alien-hostage/,EZeQIBJTZtoDM4sHiGKOWqk%2FkNZ3xMdLEAj%2FMHn0CgQ%3D,1,163434,0.69,4.99,1,86.172345,0,Mixed,60,131,562430,1538352000,1790875846,4.7,https://shared.fastly.steamstatic.com/store_item_assets/steam/apps/562430/capsule_231x87.jpg?t=1782050515,2018-10-01 00:00:00+00:00,2018,10/01/18
ATTEMPT42,Attempt[42],/game/attempt42/,YPJwQmIXN42YA3d8m99Y5aj2PAzVGoRLy%2FjPi228ra0%3D,1,163868,0.69,4.99,1,86.172345,0,Mixed,63,209,562520,1481155200,1790875837,4.7,https://shared.fastly.steamstatic.com/store_item_assets/steam/apps/562520/capsule_231x87.jpg?t=1782074568,2016-12-08 00:00:00+00:00,2016,12/08/16
CONTROLCRAFT3,Control Craft 3,/game/control-craft-3/,Bw%2BGkUt4LMNMbxWgiYCyVumrHmv%2BzbQezBqnxyiMiM4%3D,1,164639,0.69,4.99,1,86.172345,0,Mostly Positive,73,235,490910,1483056000,1790874979,4.7,https://shared.fastly.steamstatic.com/store_item_assets/steam/apps/490910/capsule_231x87.jpg?t=1782081276,2016-12-30 00:00:00+00:00,2016,12/30/16
ARENABLOODONTHESANDVR,Arena: Blood on the Sand VR,/game/arena-blood-on-the-sand-vr/,30NwjOVAw2c9QluNjx2P3IMlY74nMic8nlWlsx8tZJE%3D,1,164844,0.69,4.99,1,86.172345,0,Mixed,64,67,577890,1484092800,1790875775,0.7,https://shared.fastly.steamstatic.com/store_item_assets/steam/apps/577890/capsule_231x87.jpg?t=1782072725,2017-01-11 00:00:00+00:00,2017,01/11/17
OPERATIONSWAT,Operation swat,/game/operation-swat/,hS2d8rHSgXQCJbme5edQVarReQ6utz8N1%2FNJUBklwCI%3D,1,165435,0.69,4.99,1,86.172345,0,Mixed,46,75,584780,1485388800,1790875784,0.7,https://shared.fastly.steamstatic.com/store_item_assets/steam/apps/584780/capsule_231x87.jpg?t=1782168173,2017-01-26 00:00:00+00:00,2017,01/26/17
CALIPER,Caliper,/game/caliper/,jNr%2BJiiQXvZIPJ46blcvrXTNk9Kc4irLvJhHq6jQXjk%3D,1,165568,0.69,4.99,1,86.172345,0,Mostly Positive,71,77,581840,1485907200,1790874991,0.7,https://shared.fastly.steamstatic.com/store_item_assets/steam/apps/581840/capsule_231x87.jpg?t=1782079136,2017-02-01 00:00:00+00:00,2017,02/01/17
HOLDYOURHOUSES,Hold your houses,/game/hold-your-houses/,yx0wfv6dzX9I8NeVoseaqTpG%2Fr7%2B6WCjn3Mz377MO%2F4%3D,1,165571,0.69,4.99,1,86.172345,0,Mostly Negative,38,99,586790,1485820800,1790878288,0.7,https://shared.fastly.steamstatic.com/store_item_assets/steam/apps/586790/capsule_231x87.jpg?t=1782157384,2017-01-31 00:00:00+00:00,2017,01/31/17
CONSTRUCTESCAPETHESYSTEM,Construct: Escape the System,/game/construct-escape-the-system/,4r7IdMnpIRciCC3Ky3CBFETnZzz7%2FchiTaEui2GiNEo%3D,1,165600,0.69,4.99,1,86.172345,0,Mostly Positive,77,93,497080,1480636800,1790874618,0.7,https://shared.fastly.steamstatic.com/store_item_assets/steam/apps/497080/capsule_231x87.jpg?t=1782081049,2016-12-02 00:00:00+00:00,2016,12/02/16
AERIALDESTRUCTION,Aerial Destruction,/game/pc/aerial-destruction,77t%2B0NNqVBf2ybt4G37R5Tb%2BJ1TufHyJuxZK3cyqb%2BM%3D,1,166276,0.69,4.99,1,86.172345,0,Mixed,66,162,592730,1487635200,1790875716,4.7,https://shared.fastly.steamstatic.com/store_item_assets/steam/apps/592730/capsule_231x87.jpg?t=1782046150,2017-02-21 00:00:00+00:00,2017,02/21/17
PLANETOID,Planetoid,/game/planetoid/,NbHtVGRi9YzHw6hgeoDSw3Lw3Yrp2Q1QUoU%2FRe2Or9I%3D,1,166609,0.69,4.99,1,86.172345,0,Mixed,49,73,590870,1487894400,1790875795,0.7,https://shared.fastly.steamstatic.com/store_item_assets/steam/apps/590870/capsule_231x87.jpg?t=1782169018,2017-02-24 00:00:00+00:00,2017,02/24/17
STARMERCHANT,Star Merchant,/game/star-merchant/,6JNahdj5eWbdl%2FCDwg5vHeU5KlJ1qXyfgOA8V6NFMmA%3D,1,166908,0.69,4.99,1,86.172345,0,Mixed,63,136,594720,1488844800,1790875751,4.7,https://shared.fastly.steamstatic.com/store_item_assets/steam/apps/594720/capsule_231x87.jpg?t=1782215596,2017-03-07 00:00:00+00:00,2017,03/07/17
SURVIVALIZMTHEANIMALSIMULATOR,Survivalizm - The Animal Simulator,/game/survivalizm-the-animal-simulator/,p%2BufE1hrp0NnBe%2BiD%2F1l0ittP5NcfRxea9v21Rnmh9g%3D,1,167924,0.69,4.99,1,86.172345,0,Mixed,42,71,597920,1491264000,1790875164,0.7,https://shared.fastly.steamstatic.com/store_item_assets/steam/apps/597920/capsule_231x87.jpg?t=1782218519,2017-04-04 00:00:00+00:00,2017,04/04/17
POBEDA,POBEDA,/game/pobeda/,JJB21s%2BE3eITy%2FOGou7komYqZGdBbIPXyPDAUtaZAp0%3D,1,168723,0.69,4.99,1,86.172345,0,Mixed,57,154,623580,1494288000,1790875776,4.7,https://shared.fastly.steamstatic.com/store_item_assets/steam/apps/623580/capsule_231x87.jpg?t=1782168652,2017-05-09 00:00:00+00:00,2017,05/09/17
CYBERUTOPIA,Cyber Utopia,/game/cyber-utopia/,74bwlKWwMZbOq%2FR7x28G8LPGTT%2F1KYxzvFO8fRROWpQ%3D,1,170203,0.69,4.99,1,86.172345,0,Mixed,40,88,654350,1497571200,1790876059,0.7,https://shared.fastly.steamstatic.com/store_item_assets/steam/apps/654350/capsule_231x87.jpg?t=1782119444,2017-06-16 00:00:00+00:00,2017,06/16/17
TYDWAGVIRNIEMANDTIMEWAITSFORNOBODY,Tyd wag vir Niemand (Time waits for Nobody),,ZcaHixw9otFqnVrngdxl73NrMZOPvdOKQUJKlh3tnFQ%3D,1,171038,0.69,4.99,1,86.172345,0,Mixed,60,53,589730,0,1790875744,0.7,https://shared.fastly.steamstatic.com/store_item_assets/steam/apps/589730/capsule_231x87.jpg?t=1782224245,1970-01-01 00:00:00+00:00,1970,01/01/70
AKINVOL2,Akin Vol 2,/game/akin-vol-2/,5tFFluJbqyVIaX5kHKOU%2BeVAbedmkGW6djVB%2FFse1l4%3D,1,171399,0.69,4.99,1,86.172345,0,Mixed,61,80,654820,1501113600,1790875845,0.7,https://shared.fastly.steamstatic.com/store_item_assets/steam/apps/654820/capsule_231x87.jpg?t=1782046868,2017-07-27 00:00:00+00:00,2017,07/27/17
FREEFLYBURNING,FreeFly Burning,/game/freefly-burning/,VzBCYIiMzSG8%2FqJ5lYx8lWeIJfnKBEm%2B7XiOAthgD%2BA%3D,1,172324,0.69,4.99,1,86.172345,0,Mostly Negative,37,66,683530,1503446400,1790878292,0.7,https://shared.fastly.steamstatic.com/store_item_assets/steam/apps/683530/capsule_231x87.jpg?t=1782150917,2017-08-23 00:00:00+00:00,2017,08/23/17
INFERNALES,Infernales,,PklPLGFsXf%2BigTc%2BvvcX%2FviXhQO%2BLjP64CiC7CSEab8%3D,1,173334,0.69,4.99,1,86.172345,0,Mixed,45,31,705060,0,1790875822,0.7,https://shared.fastly.steamstatic.com/store_item_assets/steam/apps/705060/capsule_231x87.jpg?t=1782158341,1970-01-01 00:00:00+00:00,1970,01/01/70
BATTLEOFFRIGATES,Battle of Frigates,/game/battle-of-frigates/,W%2Fc%2BA3Pi%2FeNuiY7ePFei%2B2XgxnRUF9FB73q5S3AkApw%3D,1,173404,0.69,4.99,1,86.172345,0,Mixed,63,58,711320,1505952000,1790875872,0.7,https://shared.fastly.steamstatic.com/store_item_assets/steam/apps/711320/capsule_231x87.jpg?t=1782075750,2017-09-21 00:00:00+00:00,2017,09/21/17
THELOSTWIZARD,The Lost Wizard,/game/the-lost-wizard/,vwqizuaWe%2FDY7LjacqexYsWIsUaqYwQuUmmOdV1Wy04%3D,1,174323,0.69,4.99,1,86.172345,0,Mostly Negative,32,28,727110,1508371200,1790878334,0.7,https://shared.fastly.steamstatic.com/store_item_assets/steam/apps/727110/capsule_231x87.jpg?t=1782221555,2017-10-19 00:00:00+00:00,2017,10/19/17
DISTRAINTDELUXEEDITION,DISTRAINT: Deluxe Edition,,wr7BUWO4sSixWYAeNU9sGpaeFkwDBvS1FWlSDBc4Z4s%3D,1,174579,0.69,4.99,1,86.172345,0,Very Positive,90,1313,395170,0,1790886773,4.7,https://shared.fastly.steamstatic.com/store_item_assets/steam/apps/395170/capsule_231x87.jpg?t=1732098890,1970-01-01 00:00:00+00:00,1970,01/01/70
PSIPROJECT,Psi Project,/game/psi-project/,YEgzH%2FRfoEf7pzIa5DVDQxampUDjMvv85TGammF22%2Bo%3D,1,175118,0.69,4.99,1,86.172345,0,Mostly Negative,33,74,725280,1510272000,1790878292,0.7,https://shared.fastly.steamstatic.com/store_item_assets/steam/apps/725280/capsule_231x87.jpg?t=1782169355,2017-11-10 00:00:00+00:00,2017,11/10/17
SUPERMEATSHOOTER,Super Meat Shooter,/game/super-meat-shooter/,BxLYdz5QS3YyDONQ1VlqReEB1CvigeQ2jOBgHTogjGk%3D,1,175569,0.69,4.99,1,86.172345,0,Mostly Negative,34,61,745340,1511308800,1790878293,0.7,https://shared.fastly.steamstatic.com/store_item_assets/steam/apps/745340/capsule_231x87.jpg?t=1782217727,2017-11-22 00:00:00+00:00,2017,11/22/17
GALACTICBATTLES,Galactic Battles,/game/galactic-battles/,plewsbhl74mCg7xSTe%2FXQuyebPn0D3rriN1bTLN7%2F%2Bg%3D,1,177122,0.69,4.99,1,86.172345,0,Mostly Negative,34,69,776190,1517356800,1790878332,0.7,https://shared.fastly.steamstatic.com/store_item_assets/steam/apps/776190/capsule_231x87.jpg?t=1782152525,2018-01-31 00:00:00+00:00,2018,01/31/18
OBJECTCLEANING,Object Cleaning,/game/object-cleaning/,mRnlN4LW%2FYgP9fb8FNPQdmP4ruP6OuuXqW4e%2FfszX5M%3D,1,177707,0.69,4.99,1,86.172345,0,Mostly Negative,31,29,781880,1517443200,1790878295,0.7,https://shared.fastly.steamstatic.com/store_item_assets/steam/apps/781880/capsule_231x87.jpg?t=1782167912,2018-02-01 00:00:00+00:00,2018,02/01/18
BITBOOM,Bit-Boom,/game/bit-boom/,WzrjEAHat%2BwchB7JijZJzZMfOrCFI4oeB%2FX7GOC5Pes%3D,1,178122,0.69,4.99,1,86.172345,0,Mixed,48,47,796480,1518480000,1790876026,0.7,https://shared.fastly.steamstatic.com/store_item_assets/steam/apps/796480/capsule_231x87.jpg?t=1782076756,2018-02-13 00:00:00+00:00,2018,02/13/18
SPACEGUY,Spaceguy,/game/spaceguy/,0VWnidaYLqeY9k4mFBXeE5k7eMOj4YGkK9qpZbP8qpo%3D,1,178217,0.69,4.99,1,86.172345,0,Mixed,53,66,796440,1518652800,1790875836,0.7,https://shared.fastly.steamstatic.com/store_item_assets/steam/apps/796440/capsule_231x87.jpg?t=1782214989,2018-02-15 00:00:00+00:00,2018,02/15/18
SURVIVETHEKINGKILLER,Survive: The king killer,/game/pc/survive-the-king-killer,ztxB%2F6BAg82HGjceEdyPiL22GFccA0%2Fj5rkKQB9KyZI%3D,1,178383,0.69,4.99,1,86.172345,0,Mostly Negative,21,23,797190,1519084800,1790878288,0.7,https://shared.fastly.steamstatic.com/store_item_assets/steam/apps/797190/capsule_231x87.jpg?t=1782218634,2018-02-20 00:00:00+00:00,2018,02/20/18
DOWNBREAK,Downbreak,/game/downbreak/,30DImQANKNU56BRnfMR2rI8WQcusEgiAZJr7r79U4v0%3D,1,185795,0.69,4.99,1,86.172345,0,Mostly Positive,73,38,667790,1523318400,1790874636,0.7,https://shared.fastly.steamstatic.com/store_item_assets/steam/apps/667790/capsule_231x87.jpg?t=1707053977,2018-04-10 00:00:00+00:00,2018,04/10/18
30SECONDSTOJAIL,30 Seconds To Jail,/game/30-seconds-to-jail/,AS6Ti%2BYi9Gg3c0eeQ8CoBhdq2t%2FgpyJge8mGXQIfEZM%3D,1,186717,0.69,4.99,1,86.172345,0,Mixed,69,59,817770,1525392000,1790875647,0.7,https://shared.fastly.steamstatic.com/store_item_assets/steam/apps/817770/capsule_231x87.jpg?t=1525594984,2018-05-04 00:00:00+00:00,2018,05/04/18
ROYALMERCHANT,Royal Merchant,/game/royal-merchant/,bvuIz%2FrndKbcXMysufz5TzUL5QBGCbs2ohdw0QB3Eow%3D,1,204897,0.69,4.99,1,86.172345,0,Mixed,62,75,1087330,1568160000,1790875612,0.7,https://shared.fastly.steamstatic.com/store_item_assets/steam/apps/1087330/capsule_231x87.jpg?t=1782171676,2019-09-11 00:00:00+00:00,2019,09/11/19
ANGRYGOLF,Angry Golf,/game/angry-golf/,6LlosJQWvIk3PnKhcIE4JgA2L7de5PEo7Po4RGs6pyE%3D,1,204953,0.69,4.99,1,86.172345,0,Mostly Positive,70,27,1145780,1568332800,1790875074,0.7,https://shared.fastly.steamstatic.com/store_item_assets/steam/apps/1145780/capsule_231x87.jpg?t=1782072024,2019-09-13 00:00:00+00:00,2019,09/13/19
SPACESURVIVAL,Space Survival,/game/space-survival/,IJ22XRymQrnIrrdwVhz9gw%2BbF5yjlt3ML%2FGXyKa35To%3D,1,215308,0.69,4.99,1,86.172345,0,Mixed,49,104,465190,1652572800,1790875855,4.7,https://shared.fastly.steamstatic.com/store_item_assets/steam/apps/465190/capsule_231x87.jpg?t=1782214810,2022-05-15 00:00:00+00:00,2022,05/15/22
ARNOLD,Arnold,,OyiNIulFDsMkd1oVebDhEACmTIQ7LVjPvBAoLdpRBqY%3D,1,224982,0.69,4.99,1,86.172345,0,Positive,100,25,1505470,0,1790874429,0.7,https://shared.fastly.steamstatic.com/store_item_assets/steam/apps/1505470/capsule_231x87.jpg?t=1782072783,1970-01-01 00:00:00+00:00,1970,01/01/70
DETECTIVESTORY,Detective Story,/game/detective-story/,keSYjyPDlhy8Sd01e9NhA3daKEJiUF5UyjVykB284eo%3D,1,225382,0.69,4.99,1,86.172345,0,Mixed,66,86,1515280,1611273600,1790875777,0.7,https://shared.fastly.steamstatic.com/store_item_assets/steam/apps/1515280/capsule_231x87.jpg?t=1782123578,2021-01-22 00:00:00+00:00,2021,01/22/21
SUPERCLOWNADVENTURES,Super Clown Adventures,/game/super-clown-adventures/,WGEztvwcpJxy%2FMcJrQJilOCraSdkEcOkei9Y9%2FM9h0k%3D,1,226243,0.69,4.99,1,86.172345,0,Mostly Positive,72,37,1537820,1613088000,1790875369,0.7,https://shared.fastly.steamstatic.com/store_item_assets/steam/apps/1537820/capsule_231x87.jpg?t=1782217510,2021-02-12 00:00:00+00:00,2021,02/12/21
SOULSLAND,Soulsland,/game/soulsland/,ReYLTbV9Ii4kdReH4C10QQRbQIVSK3jk2fIxf4GoXqM%3D,1,236698,0.69,4.99,1,86.172345,0,Mixed,59,32,1779190,1635984000,1790875710,0.7,https://shared.fastly.steamstatic.com/store_item_assets/steam/apps/1779190/capsule_231x87.jpg?t=1782214456,2021-11-04 00:00:00+00:00,2021,11/04/21
MECHDEFENDERTOWERDEFENSE,MechDefender - Tower Defense,,ItwWsbBlf93uK7sa8cKXP7ufjEV46fJ%2FDmlqe4aPAgo%3D,1,237782,0.69,4.99,1,86.172345,0,Mostly Positive,76,272,562730,0,1790874856,4.7,https://shared.fastly.steamstatic.com/store_item_assets/steam/apps/562730/capsule_231x87.jpg?t=1782165875,1970-01-01 00:00:00+00:00,1970,01/01/70
INVENTION3,Invention 3,/game/invention-3/,m1LTJWdWBfYEmZf4WxkqqOklFpkFvs%2BhcnvTYjPU%2Ftw%3D,1,239866,0.69,4.99,1,86.172345,0,Mostly Positive,70,74,1869710,1642982400,1790874870,0.7,https://shared.fastly.steamstatic.com/store_item_assets/steam/apps/1869710/capsule_231x87.jpg?t=1782158719,2022-01-24 00:00:00+00:00,2022,01/24/22
SAVEDADDYTRUMP3RISEOFEVIL,Save Daddy Trump 3: Rise Of Evil,/game/save-daddy-trump-3-rise-of-evil/,%2BcRxV%2FGjQBhdleNUm0ENQaX91BW9kLdwqGQB%2F8gY9pY%3D,1,250536,0.69,4.99,1,86.172345,0,Mostly Positive,78,23,2094640,1661990400,1790875063,0.7,https://shared.fastly.steamstatic.com/store_item_assets/steam/apps/2094640/capsule_231x87.jpg?t=1782210084,2022-09-01 00:00:00+00:00,2022,09/01/22
PRISONWARS,Prison Wars,/game/prison-wars/,%2B7%2FbsWpEj1AvLY2Tt%2FXXwBkd1qJPQGUIpCJfixrc9Nw%3D,1,255590,0.69,4.99,1,86.172345,0,Mixed,65,26,2233890,1648598400,1790875879,0.7,https://shared.fastly.steamstatic.com/store_item_assets/steam/apps/2233890/capsule_231x87.jpg?t=1782169203,2022-03-30 00:00:00+00:00,2022,03/30/22
ROYALBOOTYQUEST,Royal Booty Quest,/game/royal-booty-quest/,55KlJqLdSJ4R7QXsmxvTDksx%2Fii8LeFvs9yy7AB14PU%3D,1,271604,0.69,4.99,1,86.172345,0,Mixed,67,28,948350,1677196800,1790875780,0.7,https://shared.fastly.steamstatic.com/store_item_assets/steam/apps/948350/capsule_231x87.jpg?t=1782171619,2023-02-24 00:00:00+00:00,2023,02/24/23
PLANETDRILLER,Planet Driller,/game/planet-driller/,CHBYEb9ZwuPy5IBTgrQa5VqVYcPDWiYIsYJJkz%2Bq7jM%3D,1,154610,0.69,4.99,1,86.172345,0,Mixed,58,29,492170,1467590400,1790875838,0.7,https://shared.fastly.steamstatic.com/store_item_assets/steam/apps/492170/capsule_231x87.jpg?t=1782168965,2016-07-04 00:00:00+00:00,2016,07/04/16
GREENRANCH,Green Ranch,/game/green-ranch/,ykPr1H7XHeYcIAvGV0epVSk8J75p9K6LnRGxM%2FX7zO8%3D,1,141810,0.69,4.99,1,86.172345,0,Mixed,60,25,493980,1385596800,1790875752,0.7,https://shared.fastly.steamstatic.com/store_item_assets/steam/apps/493980/capsule_231x87.jpg?t=1782155885,2013-11-28 00:00:00+00:00,2013,11/28/13
MACHINEMADEREBIRTH,Machine Made: Rebirth,/game/machine-made-rebirth/,UUWk7ey6k6%2Bd3uba%2BjDEjUAPwBpMvtBnrJ0%2F%2F9mdjfk%3D,1,155091,0.69,4.99,1,86.172345,0,Mostly Positive,78,23,485390,1468886400,1790875069,0.7,https://shared.fastly.steamstatic.com/store_item_assets/steam/apps/485390/capsule_231x87.jpg?t=1573471938,2016-07-19 00:00:00+00:00,2016,07/19/16
CRAZYBELTS,Crazy Belts,/game/crazy-belts/,Gya4PxlQGXd8SnTZYFHZLZGFjGDx%2BTZiyrAKGEmPhfE%3D,1,102940,0.69,4.99,1,86.172345,0,Mixed,52,25,355510,1383436800,1790875790,0.7,https://shared.fastly.steamstatic.com/store_item_assets/steam/apps/355510/capsule_231x87.jpg?t=1782118090,2013-11-03 00:00:00+00:00,2013,11/03/13
ABYSSCAVE,Abyss Cave,/game/abyss-cave/,C02LgKU7ASMmVbkJ8fMqzCHe5%2Bo9OT0puMOr7VmJhSI%3D,1,312729,0.69,4.99,1,86.172345,0,Mostly Positive,79,29,348740,1468800000,1790874947,0.7,https://shared.fastly.steamstatic.com/store_item_assets/steam/apps/348740/capsule_231x87.jpg?t=1782045764,2016-07-18 00:00:00+00:00,2016,07/18/16
